caseId,reference,rawAsr,final,rawCorrect,finalCorrect,outcome,distRaw,distFinal,minimalLexicalTarget,lexicalTargetValidity,lexicalTargetType,fineSpanExposed,queryCapable,targetInLexicon,recallHit,domainSurvived,model2Effect,model3Eligible,model3Decision,retryTriggered,retryRegion,retryQueryCapable,correctCandidateGenerated,correctCandidateReachedAssembly,correctCandidateSurvivedCap,correctCandidateReachedKenLM,kenlmSelectedCorrect,firstBreakpoint,breakpointEvidence,confidence,kenlmPool,pipeline_ms
d001,你好，我想点一杯热拿铁，中杯，少糖。顺便问一下今天有蓝莓马芬吗？,"你好,我想點一杯熱拿鐵中貝少糖 今天有蓝没马分吗?","你好,我想点一杯热拿铁中贝少糖 今天有蓝没马分吗?",NO,NO,PARTIAL_IMPROVEMENT,11,8,中杯,VALID_LEXICAL_TARGET,EXISTING_LEXICON_TERM,YES,NO,YES,YES,N/A,N/A,YES,RETRY,YES,,NO,N/A,N/A,N/A,N/A,N/A,QUERY_NOT_REPAIR_CAPABLE,PRIMARY_MINIMAL=中杯; mechanismFinal=QUERY_NOT_REPAIR_CAPABLE; fresh_recall=True; pool=3,DIRECT,3,9858
d002,麻烦帮我做一杯美式带走，大杯就行，谢谢。,麻烦帮我做一杯美式带走大背就行谢谢,麻烦帮我做一杯美式带走大背就行谢谢,NO,NO,UNCHANGED,1,1,大杯,VALID_LEXICAL_TARGET,EXISTING_LEXICON_TERM,YES,NO,YES,NO,N/A,N/A,YES,RETRY,YES,,NO,N/A,N/A,N/A,N/A,N/A,QUERY_NOT_REPAIR_CAPABLE,PRIMARY_MINIMAL=大杯; mechanismFinal=QUERY_NOT_REPAIR_CAPABLE; fresh_recall=False; pool=1,DIRECT,1,6928
d003,请问这款燕麦拿铁可以少冰吗？我赶时间，小杯。,"请问,这款烟麦拿铁可以烧病吗? 我赶时间小呗","请问,这款烟麦拿铁可以烧病吗? 我赶时间小呗",NO,NO,UNCHANGED,4,4,少冰,VALID_LEXICAL_TARGET,EXISTING_LEXICON_TERM,YES,NO,YES,NO,N/A,N/A,YES,RETRY,YES,,NO,N/A,N/A,N/A,N/A,N/A,QUERY_NOT_REPAIR_CAPABLE,PRIMARY_MINIMAL=少冰; mechanismFinal=QUERY_NOT_REPAIR_CAPABLE; fresh_recall=False; pool=1,DIRECT,1,6731
d004,小陈，客户反馈翻译引擎接口报错，我们能不能加缓存，下午三点前把结论发群里？,小城客户反馈翻译引擎接口报错 我们能不能加缓存下午 三点前 把結論發群裡,小城客户反馈翻译引擎接口报错 我们能不能加缓存下午 三点前 把结论发群里,NO,NO,PARTIAL_IMPROVEMENT,5,1,,NO_LOCAL_LEXICAL_TARGET,,N/A,N/A,N/A,N/A,N/A,N/A,YES,RETRY,YES,,N/A,N/A,N/A,N/A,N/A,N/A,NO_LOCAL_LEXICAL_TARGET,no PRIMARY_MINIMAL for case in minimality SSOT,INFERRED,4,9610
d005,今天的站会先过一下订单中台进度，内存占用高这块需要限流保护，大家看一下风险。,"今天德湛会现贵一下定,但中台 近都内存站用高折块需要先留保护大家看一下风险","今天德湛会现贵一下定,但中台 近都内存站用高折块需要先留保护大家看一下风险",NO,NO,UNCHANGED,12,12,订单,VALID_LEXICAL_TARGET,EXISTING_LEXICON_TERM,YES,NO,YES,NO,N/A,N/A,YES,RETRY,YES,,NO,N/A,N/A,N/A,N/A,N/A,QUERY_NOT_REPAIR_CAPABLE,PRIMARY_MINIMAL=订单; mechanismFinal=QUERY_NOT_REPAIR_CAPABLE; fresh_recall=False; pool=1,DIRECT,1,25112
d006,跟会员系统相关的需求我整理了一版，八点前请大家帮忙评审一下。,跟会员系统相关的需求我整理了一板八点钱请大家帮忙评审一下,跟会员系统相关的需求我整理了一板八点钱请大家帮忙评审一下,NO,NO,UNCHANGED,2,2,八点前,INVALID_CONTEXT_FRAGMENT,INVALID_LEXICAL_TARGET,N/A,N/A,N/A,N/A,N/A,N/A,YES,RETRY,YES,,N/A,N/A,N/A,N/A,N/A,N/A,NO_LOCAL_LEXICAL_TARGET,INVALID_LEXICAL_TARGET from minimality: 八点前,DIRECT,1,9087
d007,师傅，去中关村软件园，走机场高速。我赶九点半的会，要是堵车您提前跟我说。,市副局仲觀村軟件遠走機場告訴 我幹 9点半的回药师赌车您提前跟我说,市副局仲观村软件远走机场告诉 我干 9点半的回药师赌车您提前跟我说,NO,NO,PARTIAL_IMPROVEMENT,17,14,软件,VALID_LEXICAL_TARGET,EXISTING_LEXICON_TERM,YES,NO,YES,NO,N/A,N/A,YES,RETRY,YES,,NO,N/A,N/A,N/A,N/A,N/A,QUERY_NOT_REPAIR_CAPABLE,PRIMARY_MINIMAL=软件; mechanismFinal=QUERY_NOT_REPAIR_CAPABLE; fresh_recall=False; pool=1,DIRECT,1,13288
d008,麻烦送我到国贸三期南门，大概多久能到？我十点十分有个电话会。,麻烦送我到国贸散清南门大该多久能到 我十点 十分有隔电话会,麻烦送我到国贸散清南门大该多久能到 我十点 十分有隔电话会,NO,NO,UNCHANGED,4,4,大概,VALID_LEXICAL_TARGET,EXISTING_LEXICON_TERM,YES,NO,YES,NO,N/A,N/A,YES,RETRY,YES,,NO,N/A,N/A,N/A,N/A,N/A,QUERY_NOT_REPAIR_CAPABLE,PRIMARY_MINIMAL=大概; mechanismFinal=QUERY_NOT_REPAIR_CAPABLE; fresh_recall=False; pool=2,DIRECT,2,11222
d009,去望京SOHO，不走四环可以吗？那边现在堵不堵？,去望金色和不走私环可以吗?那贬现在赌不赌?,去望金色和不走私环可以吗?那贬现在赌不赌?,NO,NO,UNCHANGED,9,9,望京,VALID_LEXICAL_TARGET,EXISTING_LEXICON_TERM,YES,YES,YES,NO,N/A,N/A,YES,RETRY,YES,,YES,N/A,N/A,N/A,N/A,N/A,RECALL_MATCHING_FAILED,PRIMARY_MINIMAL=望京; mechanismFinal=RECALL_TARGET_MISS; fresh_recall=False; pool=4,DIRECT,4,10717
d010,医生您好，我这两天头痛，想开点药并做个血常规。,"醫生您好,我這兩天頭痛想開點,要並做個些常規","医生您好,我这两天头痛想开点,要并做个些常规",NO,NO,PARTIAL_IMPROVEMENT,11,2,头痛,VALID_LEXICAL_TARGET,EXISTING_LEXICON_TERM,YES,NO,YES,NO,N/A,N/A,YES,RETRY,YES,,NO,N/A,N/A,N/A,N/A,N/A,QUERY_NOT_REPAIR_CAPABLE,PRIMARY_MINIMAL=头痛; mechanismFinal=QUERY_NOT_REPAIR_CAPABLE; fresh_recall=False; pool=1,DIRECT,1,6568
d011,挂号处请问内科还有号吗？我胃不舒服，昨晚开始的。,括號出請問內客還有號碼 我微不舒服昨晚開始的,括号出请问内客还有号码 我微不舒服昨晚开始的,NO,NO,PARTIAL_IMPROVEMENT,12,5,我胃不,INVALID_CONTEXT_FRAGMENT,INVALID_LEXICAL_TARGET,N/A,N/A,N/A,N/A,N/A,N/A,YES,RETRY,YES,,N/A,N/A,N/A,N/A,N/A,N/A,NO_LOCAL_LEXICAL_TARGET,INVALID_LEXICAL_TARGET from minimality: 我胃不,DIRECT,2,6472
d012,这个检查报告什么时候能出？我过敏发痒，需要请假休息吗？,这个检查报告什么时候能出 我过敏 发痒需要请假休息吗?,这个检查报告什么时候能出 我过敏 发痒需要请假休息吗?,YES,YES,CORRECT_PRESERVED,0,0,,,,N/A,N/A,N/A,N/A,N/A,N/A,YES,RETRY,YES,,N/A,N/A,N/A,N/A,N/A,N/A,NONE,,,2,8280
d013,这件外套能试穿吗？我穿中码。买两件有没有折扣？,"这件外套能试穿吗?我穿中码,买两件有没有折扣?","这件外套能试穿吗?我穿中码,买两件有没有折扣?",YES,YES,CORRECT_PRESERVED,0,0,,,,N/A,N/A,N/A,N/A,N/A,N/A,YES,RETRY,YES,,N/A,N/A,N/A,N/A,N/A,N/A,NONE,,,2,6722
d014,请问这双鞋有四十码吗？不合适三天内可以退换吧？,请问这双鞋有司时码吗? 不合适司时码 三天内可以推换吧,请问这双鞋有司时码吗? 不合适司时码 三天内可以推换吧,NO,NO,UNCHANGED,6,6,四十码,VALID_LEXICAL_TARGET,EXISTING_LEXICON_TERM,YES,NO,YES,NO,N/A,N/A,YES,RETRY,YES,,NO,N/A,N/A,N/A,N/A,N/A,QUERY_NOT_REPAIR_CAPABLE,PRIMARY_MINIMAL=四十码; mechanismFinal=QUERY_NOT_REPAIR_CAPABLE; fresh_recall=False; pool=1,DIRECT,1,8667
d015,我想对比一下这两款订单中台的价格，会员日能再减一点吗？,"我想对比 这两款订单中台的价格会员日,能再减一点吗?","我想对比 这两款订单中台的价格会员日,能再减一点吗?",NO,NO,UNCHANGED,2,2,一下,INVALID_CONTEXT_FRAGMENT,INVALID_LEXICAL_TARGET,N/A,N/A,N/A,N/A,N/A,N/A,YES,RETRY,YES,,N/A,N/A,N/A,N/A,N/A,N/A,NO_LOCAL_LEXICAL_TARGET,INVALID_LEXICAL_TARGET from minimality: 一下,DIRECT,1,10072
d016,周末要不要去江边骑行？天气预报说周日多云，记得带水。,"周末要不要去江边骑行? 天气预报说,周日多云 记得带水","周末要不要去江边骑行? 天气预报说,周日多云 记得带水",YES,YES,CORRECT_PRESERVED,0,0,,,,N/A,N/A,N/A,N/A,N/A,N/A,YES,RETRY,YES,,N/A,N/A,N/A,N/A,N/A,N/A,NONE,,,1,10343
d017,晚上一起吃饭吗？我知道一家川菜不错，大概七点到。,晚上一起吃饭嘛 我知道一家川菜 不错大概起点到,晚上一起吃饭嘛 我知道一家川菜 不错大概起点到,NO,NO,UNCHANGED,2,2,,NO_LOCAL_LEXICAL_TARGET,,N/A,N/A,N/A,N/A,N/A,N/A,YES,RETRY,YES,,N/A,N/A,N/A,N/A,N/A,N/A,NO_LOCAL_LEXICAL_TARGET,no PRIMARY_MINIMAL for case in minimality SSOT,INFERRED,1,10146
d018,你最近忙不忙？想找你看下手机备份怎么设置。,"你最近忙不忙,想找你看下手机备分怎么设置?","你最近忙不忙,想找你看下手机备分怎么设置?",NO,NO,UNCHANGED,1,1,,NO_LOCAL_LEXICAL_TARGET,,N/A,N/A,N/A,N/A,N/A,N/A,YES,RETRY,YES,,N/A,N/A,N/A,N/A,N/A,N/A,NO_LOCAL_LEXICAL_TARGET,no PRIMARY_MINIMAL for case in minimality SSOT,INFERRED,1,8443
d019,今天我们团队要讨论后选生城相关的后选生城流程和上线计化安排，请研发一起评估风险。,"今天,我們團隊 对要讨论后选生成相关的后选生成流程和上限计划安排请研发一起评估风险","今天,我们团队 对要讨论后选生成相关的后选生成流程和上限计划安排请研发一起评估风险",NO,NO,PARTIAL_IMPROVEMENT,8,5,上线,VALID_LEXICAL_TARGET,EXISTING_LEXICON_TERM,YES,NO,YES,NO,N/A,N/A,YES,RETRY,YES,,NO,N/A,N/A,N/A,N/A,N/A,QUERY_NOT_REPAIR_CAPABLE,PRIMARY_MINIMAL=上线; mechanismFinal=QUERY_NOT_REPAIR_CAPABLE; fresh_recall=False; pool=2,DIRECT,2,23589
d020,这次发布我们先对齐上线计划窗口，后选生城模块需要联调，别漏掉回归。,"这次发布我们线,对其商线计划窗口后选生成模块需要连掉别漏掉回归","这次发布我们线,对其商线计划窗口后选生成模块需要连掉别漏掉回归",NO,NO,UNCHANGED,6,6,上线,VALID_LEXICAL_TARGET,EXISTING_LEXICON_TERM,YES,NO,YES,YES,N/A,N/A,YES,RETRY,YES,,NO,N/A,N/A,N/A,N/A,N/A,QUERY_NOT_REPAIR_CAPABLE,PRIMARY_MINIMAL=上线; mechanismFinal=QUERY_NOT_REPAIR_CAPABLE; fresh_recall=True; pool=2,DIRECT,2,13625
d021,会上提到候选生成链路要加监控，上线计划文档我下午更新一版。,會上提到候選生成連路 要加監控 通上限期画文当我下午更新一版,会上提到候选生成连路 要加监控 通上限期画文当我下午更新一版,NO,NO,PARTIAL_IMPROVEMENT,9,6,链路,VALID_LEXICAL_TARGET,EXISTING_LEXICON_TERM,YES,NO,YES,NO,N/A,N/A,YES,RETRY,YES,,NO,N/A,N/A,N/A,N/A,N/A,QUERY_NOT_REPAIR_CAPABLE,PRIMARY_MINIMAL=链路; mechanismFinal=QUERY_NOT_REPAIR_CAPABLE; fresh_recall=False; pool=2,DIRECT,2,14054
d022,您好，我订单显示已发货但物流三天没更新，能帮我查一下吗？,"您好我定,但顯示已發貨,但務留三天。 今天美更新能幫我查一下嗎","您好我定,但显示已发货,但务留三天。 今天美更新能帮我查一下吗",NO,NO,PARTIAL_IMPROVEMENT,12,7,物流,VALID_LEXICAL_TARGET,EXISTING_LEXICON_TERM,YES,NO,YES,NO,N/A,N/A,YES,RETRY,YES,,NO,N/A,N/A,N/A,N/A,N/A,QUERY_NOT_REPAIR_CAPABLE,PRIMARY_MINIMAL=物流; mechanismFinal=QUERY_NOT_REPAIR_CAPABLE; fresh_recall=False; pool=1,DIRECT,1,11379
d023,想改一下收货地址，还来得及吗？麻烦尽快处理，谢谢。,想改一下收货地址还来得及吗? 麻烦尽快处理谢谢,想改一下收货地址还来得及吗? 麻烦尽快处理谢谢,YES,YES,CORRECT_PRESERVED,0,0,,,,N/A,N/A,N/A,N/A,N/A,N/A,YES,RETRY,YES,,N/A,N/A,N/A,N/A,N/A,N/A,NONE,,,2,7097
d024,发票抬头开错了，能重新开具电子发票吗？,发票抬头开错了能重新开具电子发票码,发票抬头开错了能重新开具电子发票码,NO,NO,UNCHANGED,1,1,,NO_LOCAL_LEXICAL_TARGET,,N/A,N/A,N/A,N/A,N/A,N/A,YES,RETRY,YES,,N/A,N/A,N/A,N/A,N/A,N/A,NO_LOCAL_LEXICAL_TARGET,no PRIMARY_MINIMAL for case in minimality SSOT,INFERRED,1,9317
d025,请简单介绍一下你上一段项目里负责的核心模块和难点。,请简单介绍一下 你上一段视频 一段项目里负责的核心模块和难点,请简单介绍一下 你上一段视频 一段项目里负责的核心模块和难点,NO,NO,UNCHANGED,4,4,负责,VALID_LEXICAL_TARGET,EXISTING_LEXICON_TERM,YES,NO,YES,NO,N/A,N/A,YES,RETRY,YES,,NO,N/A,N/A,N/A,N/A,N/A,QUERY_NOT_REPAIR_CAPABLE,PRIMARY_MINIMAL=负责; mechanismFinal=QUERY_NOT_REPAIR_CAPABLE; fresh_recall=False; pool=1,DIRECT,1,11485
d026,你如何看待跨团队协作？遇到需求变更一般怎么处理？,"你如何看待夸团队协作,遇到需求边更一般怎么处理?","你如何看待夸团队协作,遇到需求边更一般怎么处理?",NO,NO,UNCHANGED,2,2,变更,VALID_LEXICAL_TARGET,EXISTING_LEXICON_TERM,YES,NO,YES,NO,N/A,N/A,YES,RETRY,YES,,NO,N/A,N/A,N/A,N/A,N/A,QUERY_NOT_REPAIR_CAPABLE,PRIMARY_MINIMAL=变更; mechanismFinal=QUERY_NOT_REPAIR_CAPABLE; fresh_recall=False; pool=2,DIRECT,2,14815
d027,期望薪资这块我们可以再沟通，你最快什么时候能入职？,期望性自这块我们可以再沟通你最快什么时候能入职,期望性自这块我们可以再沟通你最快什么时候能入职,NO,NO,UNCHANGED,2,2,薪资,INVALID_CONTEXT_FRAGMENT,INVALID_LEXICAL_TARGET,N/A,N/A,N/A,N/A,N/A,N/A,YES,RETRY,YES,,N/A,N/A,N/A,N/A,N/A,N/A,NO_LOCAL_LEXICAL_TARGET,INVALID_LEXICAL_TARGET from minimality: 薪资,DIRECT,1,10453
d028,老师，这道题的解题步骤能不能再讲一遍？我没听懂第二点。,"老師這道題的解題步,中能不能解解? 我没听懂第二点","老师这道题的解题步,中能不能解解? 我没听懂第二点",NO,NO,PARTIAL_IMPROVEMENT,9,5,步骤,VALID_LEXICAL_TARGET,EXISTING_LEXICON_TERM,YES,NO,YES,NO,N/A,N/A,YES,RETRY,YES,,NO,N/A,N/A,N/A,N/A,N/A,QUERY_NOT_REPAIR_CAPABLE,PRIMARY_MINIMAL=步骤; mechanismFinal=QUERY_NOT_REPAIR_CAPABLE; fresh_recall=False; pool=1,DIRECT,1,11369
d029,作业是下周一下午交吗？可以电子版提交吗？,"作业是狭州以下五叫码,可以电子板提叫码。","作业是狭州以下五叫码,可以电子板提叫码。",NO,NO,UNCHANGED,9,9,下午,VALID_LEXICAL_TARGET,EXISTING_LEXICON_TERM,YES,NO,YES,NO,N/A,N/A,YES,RETRY,YES,,NO,N/A,N/A,N/A,N/A,N/A,QUERY_NOT_REPAIR_CAPABLE,PRIMARY_MINIMAL=下午; mechanismFinal=QUERY_NOT_REPAIR_CAPABLE; fresh_recall=False; pool=1,DIRECT,1,7010
d030,请问这门课期末是开卷还是闭卷？重点会划吗？,请问这门客期末是开卷还是闭卷? 终点汇化吗?,请问这门客期末是开卷还是闭卷? 终点汇化吗?,NO,NO,UNCHANGED,4,4,这门课,INVALID_CONTEXT_FRAGMENT,INVALID_LEXICAL_TARGET,N/A,N/A,N/A,N/A,N/A,N/A,YES,RETRY,YES,,N/A,N/A,N/A,N/A,N/A,N/A,NO_LOCAL_LEXICAL_TARGET,INVALID_LEXICAL_TARGET from minimality: 这门课,DIRECT,4,6438
d031,我预订的是大床房，能安排安静一点的楼层吗？,我预定的十大床房能安排安静一点的楼层吗?,我预定的十大床房能安排安静一点的楼层吗?,NO,NO,UNCHANGED,2,2,预订,VALID_LEXICAL_TARGET,EXISTING_LEXICON_TERM,YES,YES,YES,NO,N/A,N/A,YES,RETRY,YES,,YES,N/A,N/A,N/A,N/A,N/A,RECALL_MATCHING_FAILED,PRIMARY_MINIMAL=预订; mechanismFinal=RECALL_TARGET_MISS; fresh_recall=False; pool=1,DIRECT,1,7278
d032,早餐几点开始？退房可以延迟到下午两点吗？,早餐祭典开始 退房可以延迟到下午两点吗?,早餐祭典开始 退房可以延迟到下午两点吗?,NO,NO,UNCHANGED,2,2,几点,INVALID_CONTEXT_FRAGMENT,INVALID_LEXICAL_TARGET,N/A,N/A,N/A,N/A,N/A,N/A,YES,RETRY,YES,,N/A,N/A,N/A,N/A,N/A,N/A,NO_LOCAL_LEXICAL_TARGET,INVALID_LEXICAL_TARGET from minimality: 几点,DIRECT,1,6395
d033,房间空调不太制冷，能派人上来看一下吗？,房间空调不太知冷能派人上来看一下吗?,房间空调不太知冷能派人上来看一下吗?,NO,NO,UNCHANGED,1,1,不太制,INVALID_CONTEXT_FRAGMENT,INVALID_LEXICAL_TARGET,N/A,N/A,N/A,N/A,N/A,N/A,YES,RETRY,YES,,N/A,N/A,N/A,N/A,N/A,N/A,NO_LOCAL_LEXICAL_TARGET,INVALID_LEXICAL_TARGET from minimality: 不太制,DIRECT,1,7832
d034,我想开通短信提醒，需要带什么证件？,"我想,开通短信提醒需要带什么证件","我想,开通短信提醒需要带什么证件",YES,YES,CORRECT_PRESERVED,0,0,,,,N/A,N/A,N/A,N/A,N/A,N/A,YES,RETRY,YES,,N/A,N/A,N/A,N/A,N/A,N/A,NONE,,,1,6026
d035,这笔转账显示处理中，大概多久能到账？,这笔转账显示处理中大概多久能到账,这笔转账显示处理中大概多久能到账,YES,YES,CORRECT_PRESERVED,0,0,,,,N/A,N/A,N/A,N/A,N/A,N/A,YES,RETRY,YES,,N/A,N/A,N/A,N/A,N/A,N/A,NONE,,,4,5698
d036,请问理财产品的风险等级在哪里查看？,请问理财产品的风险等急在哪里查看,请问理财产品的风险等急在哪里查看,NO,NO,UNCHANGED,1,1,风险,VALID_LEXICAL_TARGET,EXISTING_LEXICON_TERM,YES,NO,YES,NO,N/A,N/A,YES,RETRY,YES,,NO,N/A,N/A,N/A,N/A,N/A,QUERY_NOT_REPAIR_CAPABLE,PRIMARY_MINIMAL=风险; mechanismFinal=QUERY_NOT_REPAIR_CAPABLE; fresh_recall=False; pool=1,DIRECT,1,5832
d037,两位，靠窗有位置吗？不要香菜，微辣就行。,两位靠窗有微植麻 不要像蔡薇拉就行,两位靠窗有微植麻 不要像蔡薇拉就行,NO,NO,UNCHANGED,7,7,香菜,VALID_LEXICAL_TARGET,EXISTING_LEXICON_TERM,YES,NO,YES,NO,N/A,N/A,YES,RETRY,YES,,NO,N/A,N/A,N/A,N/A,N/A,QUERY_NOT_REPAIR_CAPABLE,PRIMARY_MINIMAL=香菜; mechanismFinal=QUERY_NOT_REPAIR_CAPABLE; fresh_recall=False; pool=1,DIRECT,1,5705
d038,这道菜大概要等多久？我们先点一份凉菜和一壶茶。,"这道菜大概要等多久,我们先点一份凉菜和一壶茶","这道菜大概要等多久,我们先点一份凉菜和一壶茶",YES,YES,CORRECT_PRESERVED,0,0,,,,N/A,N/A,N/A,N/A,N/A,N/A,YES,RETRY,YES,,N/A,N/A,N/A,N/A,N/A,N/A,NONE,,,1,6347
d039,可以打包吗？顺便结一下账，能扫码支付吗？,可以打爆嗎? 順便解一下張能掃馬支付嗎?,可以打爆吗? 顺便解一下张能扫马支付吗?,NO,NO,PARTIAL_IMPROVEMENT,8,4,扫码,VALID_LEXICAL_TARGET,EXISTING_LEXICON_TERM,YES,NO,YES,NO,N/A,N/A,YES,RETRY,YES,,NO,N/A,N/A,N/A,N/A,N/A,QUERY_NOT_REPAIR_CAPABLE,PRIMARY_MINIMAL=扫码; mechanismFinal=QUERY_NOT_REPAIR_CAPABLE; fresh_recall=False; pool=2,DIRECT,2,6260
d040,私教课还剩几次？能帮我约明天晚上七点吗？,自教课还剩几次 能帮我约明天晚上7点吗,自教课还剩几次 能帮我约明天晚上7点吗,NO,NO,UNCHANGED,2,2,私教课,INVALID_CONTEXT_FRAGMENT,INVALID_LEXICAL_TARGET,N/A,N/A,N/A,N/A,N/A,N/A,YES,RETRY,YES,,N/A,N/A,N/A,N/A,N/A,N/A,NO_LOCAL_LEXICAL_TARGET,INVALID_LEXICAL_TARGET from minimality: 私教课,DIRECT,1,6408
d041,更衣室柜子钥匙找不到了，前台能帮忙开一下吗？,更易是龟仔钥匙找不到了前台 能帮忙开一下吗,更易是龟仔钥匙找不到了前台 能帮忙开一下吗,NO,NO,UNCHANGED,4,4,衣室柜子,INVALID_CONTEXT_FRAGMENT,INVALID_LEXICAL_TARGET,N/A,N/A,N/A,N/A,N/A,N/A,YES,RETRY,YES,,N/A,N/A,N/A,N/A,N/A,N/A,NO_LOCAL_LEXICAL_TARGET,INVALID_LEXICAL_TARGET from minimality: 衣室柜子,DIRECT,3,9165
d042,游泳次卡本月月底到期，续费有优惠吗？,游泳自卡本月月底到期是非有優惠嗎?,游泳自卡本月月底到期是非有优惠吗?,NO,NO,PARTIAL_IMPROVEMENT,5,3,,NO_LOCAL_LEXICAL_TARGET,,N/A,N/A,N/A,N/A,N/A,N/A,YES,RETRY,YES,,N/A,N/A,N/A,N/A,N/A,N/A,NO_LOCAL_LEXICAL_TARGET,no PRIMARY_MINIMAL for case in minimality SSOT,INFERRED,1,6292
d043,我们下午讨论后选声城方案，先把候选生成的接口文档补齐。,"我们下午讨论后,选生呈方安线吧。 成的借口文章補齊","我们下午讨论后,选生呈方安线吧。 成的借口文章补齐",NO,NO,PARTIAL_IMPROVEMENT,12,10,方案,VALID_LEXICAL_TARGET,EXISTING_LEXICON_TERM,YES,NO,YES,NO,N/A,N/A,YES,RETRY,YES,,NO,N/A,N/A,N/A,N/A,N/A,QUERY_NOT_REPAIR_CAPABLE,PRIMARY_MINIMAL=方案; mechanismFinal=QUERY_NOT_REPAIR_CAPABLE; fresh_recall=False; pool=1,DIRECT,1,9006
d044,这周的上线计花已经确认，上线计划评审安排在周四上午。,这周的上限计划已经全任上限计划评审安排在周四上午,这周的上限计划已经全任上限计划评审安排在周四上午,NO,NO,UNCHANGED,5,5,,NO_LOCAL_LEXICAL_TARGET,,N/A,N/A,N/A,N/A,N/A,N/A,YES,RETRY,YES,,N/A,N/A,N/A,N/A,N/A,N/A,NO_LOCAL_LEXICAL_TARGET,no PRIMARY_MINIMAL for case in minimality SSOT,INFERRED,1,6711
d045,关于后选生城和上线计化，请按上线计划执行，有问题群里说。,"關於後,選生成為 和上限计划请安上限计划执行有问题群里说","关于后,选生成为 和上限计划请安上限计划执行有问题群里说",NO,NO,PARTIAL_IMPROVEMENT,10,6,上线,VALID_LEXICAL_TARGET,EXISTING_LEXICON_TERM,YES,NO,YES,NO,N/A,N/A,YES,RETRY,YES,,NO,N/A,N/A,N/A,N/A,N/A,QUERY_NOT_REPAIR_CAPABLE,PRIMARY_MINIMAL=上线; mechanismFinal=QUERY_NOT_REPAIR_CAPABLE; fresh_recall=False; pool=2,DIRECT,2,9553
d046,你好，我想点一杯卡布奇诺，中杯，正常糖。顺便问一下今天有芝士蛋糕吗？,你好 我想点一杯卡布奇诺中倍珍长糖 顺便问一下 今天有知识蛋糕吗?,你好 我想点一杯卡布奇诺中倍珍长糖 顺便问一下 今天有知识蛋糕吗?,NO,NO,UNCHANGED,5,5,中杯,VALID_LEXICAL_TARGET,EXISTING_LEXICON_TERM,YES,NO,YES,NO,N/A,N/A,YES,RETRY,YES,,NO,N/A,N/A,N/A,N/A,N/A,QUERY_NOT_REPAIR_CAPABLE,PRIMARY_MINIMAL=中杯; mechanismFinal=QUERY_NOT_REPAIR_CAPABLE; fresh_recall=False; pool=1,DIRECT,1,11110
d047,麻烦帮我做一杯红茶带走，大杯就行，谢谢。,麻烦帮我做一杯红茶带走大背就行谢谢,麻烦帮我做一杯红茶带走大背就行谢谢,NO,NO,UNCHANGED,1,1,大杯,VALID_LEXICAL_TARGET,EXISTING_LEXICON_TERM,YES,NO,YES,NO,N/A,N/A,YES,RETRY,YES,,NO,N/A,N/A,N/A,N/A,N/A,QUERY_NOT_REPAIR_CAPABLE,PRIMARY_MINIMAL=大杯; mechanismFinal=QUERY_NOT_REPAIR_CAPABLE; fresh_recall=False; pool=1,DIRECT,1,6992
d048,请问这款热巧克力可以少冰吗？我赶时间，小杯。,"请问,这款热巧克力可以少病吗? 我赶时间小呗","请问,这款热巧克力可以少病吗? 我赶时间小呗",NO,NO,UNCHANGED,2,2,少冰,VALID_LEXICAL_TARGET,EXISTING_LEXICON_TERM,YES,NO,YES,NO,N/A,N/A,YES,RETRY,YES,,NO,N/A,N/A,N/A,N/A,N/A,QUERY_NOT_REPAIR_CAPABLE,PRIMARY_MINIMAL=少冰; mechanismFinal=QUERY_NOT_REPAIR_CAPABLE; fresh_recall=False; pool=1,DIRECT,1,6857
d049,李工，客户反馈翻译引擎接口报错，我们能不能加缓存，下午三点前把结论发群里？,理工科互反馈翻译引擎接口包错 我们能够 不能加缓存下午3点前把结论发群里,理工科互反馈翻译引擎接口包错 我们能够 不能加缓存下午3点前把结论发群里,NO,NO,UNCHANGED,6,6,客户,VALID_LEXICAL_TARGET,EXISTING_LEXICON_TERM,YES,YES,YES,NO,N/A,N/A,YES,RETRY,YES,,YES,N/A,N/A,N/A,N/A,N/A,RECALL_MATCHING_FAILED,PRIMARY_MINIMAL=客户; mechanismFinal=RECALL_TARGET_MISS; fresh_recall=False; pool=2,DIRECT,2,11281
d050,今天的站会先过一下订单中台进度，内存占用高这块需要限流保护，大家看一下风险。,今天的站会现购以下订单 中台 进度内存占用高着快 需要先留保护大家看一下风险,今天的站会现购以下订单 中台 进度内存占用高着快 需要先留保护大家看一下风险,NO,NO,UNCHANGED,7,7,限流,VALID_LEXICAL_TARGET,EXISTING_LEXICON_TERM,YES,NO,YES,YES,N/A,N/A,YES,RETRY,YES,,NO,N/A,N/A,N/A,N/A,N/A,QUERY_NOT_REPAIR_CAPABLE,PRIMARY_MINIMAL=限流; mechanismFinal=QUERY_NOT_REPAIR_CAPABLE; fresh_recall=True; pool=2,DIRECT,2,13023
d051,跟会员系统相关的需求我整理了一版，八点前请大家帮忙评审一下。,跟會員系統相關的訊息 我整理了一版8点前请大家帮忙评审一下,跟会员系统相关的讯息 我整理了一版8点前请大家帮忙评审一下,NO,NO,PARTIAL_IMPROVEMENT,7,3,需求,VALID_LEXICAL_TARGET,EXISTING_LEXICON_TERM,YES,NO,YES,NO,N/A,N/A,YES,RETRY,YES,,NO,N/A,N/A,N/A,N/A,N/A,QUERY_NOT_REPAIR_CAPABLE,PRIMARY_MINIMAL=需求; mechanismFinal=QUERY_NOT_REPAIR_CAPABLE; fresh_recall=False; pool=1,DIRECT,1,8558
d052,师傅，去浦东张江，走延安路高架。我赶九点半的会，要是堵车您提前跟我说。,市府区浦东张江走沿岸路高架 涡干 9点半的回药师赌车宁提前跟我说,市府区浦东张江走沿岸路高架 涡干 9点半的回药师赌车宁提前跟我说,NO,NO,UNCHANGED,13,13,延安,INVALID_CONTEXT_FRAGMENT,INVALID_LEXICAL_TARGET,N/A,N/A,N/A,N/A,N/A,N/A,YES,RETRY,YES,,N/A,N/A,N/A,N/A,N/A,N/A,NO_LOCAL_LEXICAL_TARGET,INVALID_LEXICAL_TARGET from minimality: 延安,DIRECT,1,15142
d053,麻烦送我到深圳南山科技园南门，大概多久能到？我十点十分有个电话会。,麻烦送我到深圳南山科技园南门大概多久能到 我十点十分有隔电话会,麻烦送我到深圳南山科技园南门大概多久能到 我十点十分有隔电话会,NO,NO,UNCHANGED,1,1,分有个,INVALID_CONTEXT_FRAGMENT,INVALID_LEXICAL_TARGET,N/A,N/A,N/A,N/A,N/A,N/A,YES,RETRY,YES,,N/A,N/A,N/A,N/A,N/A,N/A,NO_LOCAL_LEXICAL_TARGET,INVALID_LEXICAL_TARGET from minimality: 分有个,DIRECT,1,8388
d054,去杭州西溪，不走三环可以吗？那边现在堵不堵？,去杭州戲戲不走三環 可以嗎?那扁現在賭不賭?,去杭州戏戏不走三环 可以吗?那扁现在赌不赌?,NO,NO,PARTIAL_IMPROVEMENT,8,5,西溪,VALID_LEXICAL_TARGET,EXISTING_LEXICON_TERM,YES,YES,YES,NO,N/A,N/A,YES,RETRY,YES,,YES,N/A,N/A,N/A,N/A,N/A,RECALL_MATCHING_FAILED,PRIMARY_MINIMAL=西溪; mechanismFinal=RECALL_TARGET_MISS; fresh_recall=False; pool=1,DIRECT,1,6642
d055,医生您好，我这两天嗓子疼，想开点药并做个血常规。,一聲您好我這兩天嗓子疼想開店要並做各些常規,一声您好我这两天嗓子疼想开店要并做各些常规,NO,NO,PARTIAL_IMPROVEMENT,11,6,医生,VALID_LEXICAL_TARGET,EXISTING_LEXICON_TERM,YES,YES,YES,NO,N/A,N/A,YES,RETRY,YES,,YES,N/A,N/A,N/A,N/A,N/A,RECALL_MATCHING_FAILED,PRIMARY_MINIMAL=医生; mechanismFinal=RECALL_TARGET_MISS; fresh_recall=False; pool=1,DIRECT,1,6454
d056,挂号处请问内科还有号吗？我低烧，昨晚开始的。,挂号出请问 内刻还有号码 我低哨昨晚开始的,挂号出请问 内刻还有号码 我低哨昨晚开始的,NO,NO,UNCHANGED,4,4,内科,VALID_LEXICAL_TARGET,EXISTING_LEXICON_TERM,YES,NO,YES,NO,N/A,N/A,YES,RETRY,YES,,NO,N/A,N/A,N/A,N/A,N/A,QUERY_NOT_REPAIR_CAPABLE,PRIMARY_MINIMAL=内科; mechanismFinal=QUERY_NOT_REPAIR_CAPABLE; fresh_recall=False; pool=1,DIRECT,1,6167
d057,这个检查报告什么时候能出？我咳嗽，需要请假休息吗？,这个检查报告什么时候能出?我咳嗽需要请假休息吗?,这个检查报告什么时候能出?我咳嗽需要请假休息吗?,YES,YES,CORRECT_PRESERVED,0,0,,,,N/A,N/A,N/A,N/A,N/A,N/A,YES,RETRY,YES,,N/A,N/A,N/A,N/A,N/A,N/A,NONE,,,3,6790
d058,这件外套能试穿吗？我穿中码。买两件有没有折扣？,"这件外套能试穿吗?我穿中码,买两件有没有折扣?","这件外套能试穿吗?我穿中码,买两件有没有折扣?",YES,YES,CORRECT_PRESERVED,0,0,,,,N/A,N/A,N/A,N/A,N/A,N/A,YES,RETRY,YES,,N/A,N/A,N/A,N/A,N/A,N/A,NONE,,,2,6483
d059,请问这双鞋有四十码吗？不合适三天内可以退换吧？,"请问,这双鞋有40码吗? 不合适的 三天内可以推换吧","请问,这双鞋有40码吗? 不合适的 三天内可以推换吧",NO,NO,UNCHANGED,4,4,四十码,VALID_LEXICAL_TARGET,EXISTING_LEXICON_TERM,YES,NO,YES,NO,N/A,N/A,YES,RETRY,YES,,NO,N/A,N/A,N/A,N/A,N/A,QUERY_NOT_REPAIR_CAPABLE,PRIMARY_MINIMAL=四十码; mechanismFinal=QUERY_NOT_REPAIR_CAPABLE; fresh_recall=False; pool=1,DIRECT,1,8912
d060,我想对比一下这两款订单中台的价格，会员日能再减一点吗？,我想对比一下这两款电脑 定单中台的加格会员日能再减一点吗?,我想对比一下这两款电脑 定单中台的加格会员日能再减一点吗?,NO,NO,UNCHANGED,4,4,订单,VALID_LEXICAL_TARGET,EXISTING_LEXICON_TERM,YES,NO,YES,NO,N/A,N/A,YES,RETRY,YES,,NO,N/A,N/A,N/A,N/A,N/A,QUERY_NOT_REPAIR_CAPABLE,PRIMARY_MINIMAL=订单; mechanismFinal=QUERY_NOT_REPAIR_CAPABLE; fresh_recall=False; pool=1,DIRECT,1,9746
d061,周末要不要去江边骑行？天气预报说周日多云，记得带水。,众莫要不要去降边骑行 天气预报 周日多云积的带水,众莫要不要去降边骑行 天气预报 周日多云积的带水,NO,NO,UNCHANGED,6,6,周末,VALID_LEXICAL_TARGET,EXISTING_LEXICON_TERM,YES,NO,YES,NO,N/A,N/A,YES,RETRY,YES,,NO,N/A,N/A,N/A,N/A,N/A,QUERY_NOT_REPAIR_CAPABLE,PRIMARY_MINIMAL=周末; mechanismFinal=QUERY_NOT_REPAIR_CAPABLE; fresh_recall=False; pool=1,DIRECT,1,9535
d062,晚上一起吃饭吗？我知道一家川菜不错，大概七点到。,"晚上 一起吃饭嘛,我知道一家川菜,不错大概起点到","晚上 一起吃饭嘛,我知道一家川菜,不错大概起点到",NO,NO,UNCHANGED,2,2,,NO_LOCAL_LEXICAL_TARGET,,N/A,N/A,N/A,N/A,N/A,N/A,YES,RETRY,YES,,N/A,N/A,N/A,N/A,N/A,N/A,NO_LOCAL_LEXICAL_TARGET,no PRIMARY_MINIMAL for case in minimality SSOT,INFERRED,1,9219
d063,你最近忙不忙？想找你看下手机备份怎么设置。,"你最近忙不忙,想找你看下手机备分怎么设置","你最近忙不忙,想找你看下手机备分怎么设置",NO,NO,UNCHANGED,1,1,,NO_LOCAL_LEXICAL_TARGET,,N/A,N/A,N/A,N/A,N/A,N/A,YES,RETRY,YES,,N/A,N/A,N/A,N/A,N/A,N/A,NO_LOCAL_LEXICAL_TARGET,no PRIMARY_MINIMAL for case in minimality SSOT,INFERRED,1,6998
d064,今天我们团队要讨论后选生城相关的后选生城流程和上线计化安排，请研发一起评估风险。,"今天,我们团队要讨论候选生成相关的候选生成流程和商线计划安排请研发一起评估风险","今天,我们团队要讨论候选生成相关的候选生成流程和商线计划安排请研发一起评估风险",NO,NO,UNCHANGED,6,6,上线,VALID_LEXICAL_TARGET,EXISTING_LEXICON_TERM,YES,NO,YES,NO,N/A,N/A,YES,RETRY,YES,,NO,N/A,N/A,N/A,N/A,N/A,QUERY_NOT_REPAIR_CAPABLE,PRIMARY_MINIMAL=上线; mechanismFinal=QUERY_NOT_REPAIR_CAPABLE; fresh_recall=False; pool=2,DIRECT,2,22818
d065,这次发布我们先对齐上线计划窗口，后选生城模块需要联调，别漏掉回归。,"這次發布我們線對其上述 当线即化窗口后学生,成模块需要连掉别漏掉回归","这次发布我们线对其上述 当线即化窗口后学生,成模块需要连掉别漏掉回归",NO,NO,PARTIAL_IMPROVEMENT,14,10,联调,VALID_LEXICAL_TARGET,EXISTING_LEXICON_TERM,YES,NO,YES,NO,N/A,N/A,YES,RETRY,YES,,NO,N/A,N/A,N/A,N/A,N/A,QUERY_NOT_REPAIR_CAPABLE,PRIMARY_MINIMAL=联调; mechanismFinal=QUERY_NOT_REPAIR_CAPABLE; fresh_recall=False; pool=2,DIRECT,2,13065
d066,会上提到候选生成链路要加监控，上线计划文档我下午更新一版。,"会上提到 候选生陈列露,要加件空上线即画文当我下午更新一版","会上提到 候选生陈列露,要加件空上线即画文当我下午更新一版",NO,NO,UNCHANGED,8,8,监控,VALID_LEXICAL_TARGET,EXISTING_LEXICON_TERM,YES,NO,YES,NO,N/A,N/A,YES,RETRY,YES,,NO,N/A,N/A,N/A,N/A,N/A,QUERY_NOT_REPAIR_CAPABLE,PRIMARY_MINIMAL=监控; mechanismFinal=QUERY_NOT_REPAIR_CAPABLE; fresh_recall=False; pool=1,DIRECT,1,11699
d067,您好，我订单显示已发货但物流三天没更新，能帮我查一下吗？,"您好我弟 但顯示已發貨,但物流三天沒更新能幫我查一下嗎?","您好我弟 但显示已发货,但物流三天没更新能帮我查一下吗?",NO,NO,PARTIAL_IMPROVEMENT,8,2,能帮我,INVALID_CONTEXT_FRAGMENT,INVALID_LEXICAL_TARGET,N/A,N/A,N/A,N/A,N/A,N/A,YES,RETRY,YES,,N/A,N/A,N/A,N/A,N/A,N/A,NO_LOCAL_LEXICAL_TARGET,INVALID_LEXICAL_TARGET from minimality: 能帮我,DIRECT,1,10813
d068,想改一下收货地址，还来得及吗？麻烦尽快处理，谢谢。,想改一下收货地址还来得及吗?麻烦尽快处理谢谢!,想改一下收货地址还来得及吗?麻烦尽快处理谢谢!,YES,YES,CORRECT_PRESERVED,0,0,,,,N/A,N/A,N/A,N/A,N/A,N/A,YES,RETRY,YES,,N/A,N/A,N/A,N/A,N/A,N/A,NONE,,,4,8177
d069,发票抬头开错了，能重新开具电子发票吗？,发票抬头开错了能重新开具电子发票吗,发票抬头开错了能重新开具电子发票吗,YES,YES,CORRECT_PRESERVED,0,0,,,,N/A,N/A,N/A,N/A,N/A,N/A,YES,RETRY,YES,,N/A,N/A,N/A,N/A,N/A,N/A,NONE,,,1,6664
d070,请简单介绍一下你上一段项目里负责的核心模块和难点。,"请简单介绍一下,你上一段项目里负责的核心模块和难点。","请简单介绍一下,你上一段项目里负责的核心模块和难点。",YES,YES,CORRECT_PRESERVED,0,0,,,,N/A,N/A,N/A,N/A,N/A,N/A,YES,RETRY,YES,,N/A,N/A,N/A,N/A,N/A,N/A,NONE,,,1,9044
d071,你如何看待跨团队协作？遇到需求变更一般怎么处理？,"你如何看待夸团队写作,遇到需求边更一般怎么处理?","你如何看待夸团队写作,遇到需求边更一般怎么处理?",NO,NO,UNCHANGED,3,3,变更,VALID_LEXICAL_TARGET,EXISTING_LEXICON_TERM,YES,NO,YES,NO,N/A,N/A,YES,RETRY,YES,,NO,N/A,N/A,N/A,N/A,N/A,QUERY_NOT_REPAIR_CAPABLE,PRIMARY_MINIMAL=变更; mechanismFinal=QUERY_NOT_REPAIR_CAPABLE; fresh_recall=False; pool=1,DIRECT,1,13623
d072,期望薪资这块我们可以再沟通，你最快什么时候能入职？,"期望星,自这块我们可以再沟通你最快什么时候能入职","期望星,自这块我们可以再沟通你最快什么时候能入职",NO,NO,UNCHANGED,2,2,薪资,INVALID_CONTEXT_FRAGMENT,INVALID_LEXICAL_TARGET,N/A,N/A,N/A,N/A,N/A,N/A,YES,RETRY,YES,,N/A,N/A,N/A,N/A,N/A,N/A,NO_LOCAL_LEXICAL_TARGET,INVALID_LEXICAL_TARGET from minimality: 薪资,DIRECT,1,10076
d073,老师，这道题的解题步骤能不能再讲一遍？我没听懂第二点。,"老是這道題的解題步,周能不能解? 我没听懂第二点","老是这道题的解题步,周能不能解? 我没听懂第二点",NO,NO,PARTIAL_IMPROVEMENT,9,6,步骤,VALID_LEXICAL_TARGET,EXISTING_LEXICON_TERM,YES,NO,YES,NO,N/A,N/A,YES,RETRY,YES,,NO,N/A,N/A,N/A,N/A,N/A,QUERY_NOT_REPAIR_CAPABLE,PRIMARY_MINIMAL=步骤; mechanismFinal=QUERY_NOT_REPAIR_CAPABLE; fresh_recall=False; pool=1,DIRECT,1,8489
d074,作业是下周一下午交吗？可以电子版提交吗？,作业是下周一下午叫吗?可以电子版提叫吗?,作业是下周一下午叫吗?可以电子版提叫吗?,NO,NO,UNCHANGED,2,2,提交,VALID_LEXICAL_TARGET,EXISTING_LEXICON_TERM,YES,NO,YES,NO,N/A,N/A,YES,RETRY,YES,,NO,N/A,N/A,N/A,N/A,N/A,QUERY_NOT_REPAIR_CAPABLE,PRIMARY_MINIMAL=提交; mechanismFinal=QUERY_NOT_REPAIR_CAPABLE; fresh_recall=False; pool=2,DIRECT,2,5616
d075,请问这门课期末是开卷还是闭卷？重点会划吗？,请问这门客期末是开卷还是闭卷? 终点汇化吗?,请问这门客期末是开卷还是闭卷? 终点汇化吗?,NO,NO,UNCHANGED,4,4,这门课,INVALID_CONTEXT_FRAGMENT,INVALID_LEXICAL_TARGET,N/A,N/A,N/A,N/A,N/A,N/A,YES,RETRY,YES,,N/A,N/A,N/A,N/A,N/A,N/A,NO_LOCAL_LEXICAL_TARGET,INVALID_LEXICAL_TARGET from minimality: 这门课,DIRECT,4,6282
d076,我预订的是大床房，能安排安静一点的楼层吗？,我预定的是搭床房能安排安静一点的楼层吗,我预定的是搭床房能安排安静一点的楼层吗,NO,NO,UNCHANGED,2,2,预订,VALID_LEXICAL_TARGET,EXISTING_LEXICON_TERM,YES,YES,YES,NO,N/A,N/A,YES,RETRY,YES,,YES,N/A,N/A,N/A,N/A,N/A,RECALL_MATCHING_FAILED,PRIMARY_MINIMAL=预订; mechanismFinal=RECALL_TARGET_MISS; fresh_recall=False; pool=2,DIRECT,2,6264
d077,早餐几点开始？退房可以延迟到下午两点吗？,早餐几点开始?退房可以延迟到下午2点吗?,早餐几点开始?退房可以延迟到下午2点吗?,NO,NO,UNCHANGED,1,1,,NO_LOCAL_LEXICAL_TARGET,,N/A,N/A,N/A,N/A,N/A,N/A,YES,RETRY,YES,,N/A,N/A,N/A,N/A,N/A,N/A,NO_LOCAL_LEXICAL_TARGET,no PRIMARY_MINIMAL for case in minimality SSOT,INFERRED,1,6167
d078,房间空调不太制冷，能派人上来看一下吗？,房间空调不太知冷能派人上来看一下嘛,房间空调不太知冷能派人上来看一下嘛,NO,NO,UNCHANGED,2,2,不太制,INVALID_CONTEXT_FRAGMENT,INVALID_LEXICAL_TARGET,N/A,N/A,N/A,N/A,N/A,N/A,YES,RETRY,YES,,N/A,N/A,N/A,N/A,N/A,N/A,NO_LOCAL_LEXICAL_TARGET,INVALID_LEXICAL_TARGET from minimality: 不太制,DIRECT,1,7256
d079,我想开通短信提醒，需要带什么证件？,我想開通短信提醒需要帶什麼證件,我想开通短信提醒需要带什么证件,NO,YES,FULL_RESCUE,4,0,,NO_LOCAL_LEXICAL_TARGET,,N/A,N/A,N/A,N/A,N/A,N/A,YES,RETRY,YES,,N/A,N/A,N/A,N/A,N/A,YES,NO_LOCAL_LEXICAL_TARGET,no PRIMARY_MINIMAL for case in minimality SSOT,INFERRED,1,5831
d080,这笔转账显示处理中，大概多久能到账？,这笔转账显示处理中大概 多久能到账,这笔转账显示处理中大概 多久能到账,YES,YES,CORRECT_PRESERVED,0,0,,,,N/A,N/A,N/A,N/A,N/A,N/A,YES,RETRY,YES,,N/A,N/A,N/A,N/A,N/A,N/A,NONE,,,1,5923
d081,请问理财产品的风险等级在哪里查看？,請問理財產品的風險等急在哪裡查看,请问理财产品的风险等急在哪里查看,NO,NO,PARTIAL_IMPROVEMENT,8,1,风险,VALID_LEXICAL_TARGET,EXISTING_LEXICON_TERM,YES,NO,YES,NO,N/A,N/A,YES,RETRY,YES,,NO,N/A,N/A,N/A,N/A,N/A,QUERY_NOT_REPAIR_CAPABLE,PRIMARY_MINIMAL=风险; mechanismFinal=QUERY_NOT_REPAIR_CAPABLE; fresh_recall=False; pool=1,DIRECT,1,5099
d082,两位，靠窗有位置吗？不要香菜，微辣就行。,两位靠窗有位置吗? 不要像蔡薇娜就行,两位靠窗有位置吗? 不要像蔡薇娜就行,NO,NO,UNCHANGED,4,4,香菜,VALID_LEXICAL_TARGET,EXISTING_LEXICON_TERM,YES,NO,YES,NO,N/A,N/A,YES,RETRY,YES,,NO,N/A,N/A,N/A,N/A,N/A,QUERY_NOT_REPAIR_CAPABLE,PRIMARY_MINIMAL=香菜; mechanismFinal=QUERY_NOT_REPAIR_CAPABLE; fresh_recall=False; pool=1,DIRECT,1,5844
d083,这道菜大概要等多久？我们先点一份凉菜和一壶茶。,這道菜大概要等多久? 我們先點一份涼菜和一壺茶,这道菜大概要等多久? 我们先点一份凉菜和一壶茶,NO,YES,FULL_RESCUE,5,0,一份凉,INVALID_CONTEXT_FRAGMENT,INVALID_LEXICAL_TARGET,N/A,N/A,N/A,N/A,N/A,N/A,YES,RETRY,YES,,N/A,N/A,N/A,N/A,N/A,YES,NO_LOCAL_LEXICAL_TARGET,INVALID_LEXICAL_TARGET from minimality: 一份凉,DIRECT,1,6239
d084,可以打包吗？顺便结一下账，能扫码支付吗？,可以打爆麻 顺便结一下张能扫马支付吗?,可以打爆麻 顺便结一下张能扫码支付吗?,NO,NO,PARTIAL_IMPROVEMENT,4,3,扫码,VALID_LEXICAL_TARGET,EXISTING_LEXICON_TERM,YES,NO,YES,NO,N/A,N/A,YES,RETRY,YES,,NO,N/A,N/A,N/A,N/A,N/A,QUERY_NOT_REPAIR_CAPABLE,PRIMARY_MINIMAL=扫码; mechanismFinal=QUERY_NOT_REPAIR_CAPABLE; fresh_recall=False; pool=2,DIRECT,2,6572
d085,私教课还剩几次？能帮我约明天晚上七点吗？,自教课还剩几次 能帮我约明天晚上7点吗?,自教课还剩几次 能帮我约明天晚上7点吗?,NO,NO,UNCHANGED,2,2,私教课,INVALID_CONTEXT_FRAGMENT,INVALID_LEXICAL_TARGET,N/A,N/A,N/A,N/A,N/A,N/A,YES,RETRY,YES,,N/A,N/A,N/A,N/A,N/A,N/A,NO_LOCAL_LEXICAL_TARGET,INVALID_LEXICAL_TARGET from minimality: 私教课,DIRECT,1,6232
d086,更衣室柜子钥匙找不到了，前台能帮忙开一下吗？,更易是龟仔钥匙找不到了前台 能帮忙开一下吗?,更易是龟仔钥匙找不到了前台 能帮忙开一下吗?,NO,NO,UNCHANGED,4,4,衣室柜子,INVALID_CONTEXT_FRAGMENT,INVALID_LEXICAL_TARGET,N/A,N/A,N/A,N/A,N/A,N/A,YES,RETRY,YES,,N/A,N/A,N/A,N/A,N/A,N/A,NO_LOCAL_LEXICAL_TARGET,INVALID_LEXICAL_TARGET from minimality: 衣室柜子,DIRECT,3,9203
d087,游泳次卡本月月底到期，续费有优惠吗？,游泳自卡本月月底到期續飛遊 又會嗎?,游泳自卡本月月底到期续飞游 又会吗?,NO,NO,PARTIAL_IMPROVEMENT,7,5,优惠,VALID_LEXICAL_TARGET,EXISTING_LEXICON_TERM,YES,NO,YES,NO,N/A,N/A,YES,RETRY,YES,,NO,N/A,N/A,N/A,N/A,N/A,QUERY_NOT_REPAIR_CAPABLE,PRIMARY_MINIMAL=优惠; mechanismFinal=QUERY_NOT_REPAIR_CAPABLE; fresh_recall=False; pool=1,DIRECT,1,5503
d088,我们下午讨论后选声城方案，先把候选生成的接口文档补齐。,"我们下午讨论后,选生成父。 方安线把候选生成的借口文当补齐","我们下午讨论后,选生成父。 方安线把候选生成的借口文当补齐",NO,NO,UNCHANGED,7,7,方案,VALID_LEXICAL_TARGET,EXISTING_LEXICON_TERM,YES,NO,YES,NO,N/A,N/A,YES,RETRY,YES,,NO,N/A,N/A,N/A,N/A,N/A,QUERY_NOT_REPAIR_CAPABLE,PRIMARY_MINIMAL=方案; mechanismFinal=QUERY_NOT_REPAIR_CAPABLE; fresh_recall=False; pool=2,DIRECT,2,11135
d089,这周的上线计花已经确认，上线计划评审安排在周四上午。,这周的上限计划已经确认上限计划评审安排在周四上午,这周的上限计划已经确认上限计划评审安排在周四上午,NO,NO,UNCHANGED,3,3,上线,VALID_LEXICAL_TARGET,EXISTING_LEXICON_TERM,YES,YES,YES,YES,N/A,N/A,YES,RETRY,YES,,YES,N/A,N/A,N/A,N/A,N/A,ASSEMBLY_CANDIDATE_LOSS,PRIMARY_MINIMAL=上线; mechanismFinal=RECALL_TARGET_MISS; fresh_recall=True; pool=1,INFERRED,1,6553
d090,关于后选生城和上线计化，请按上线计划执行，有问题群里说。,"關於後,選生成為 和上限计划请按上限计划执行有问题 群里说","关于后,选生成为 和上限计划请按上限计划执行有问题 群里说",NO,NO,PARTIAL_IMPROVEMENT,9,5,上线,VALID_LEXICAL_TARGET,EXISTING_LEXICON_TERM,YES,NO,YES,NO,N/A,N/A,YES,RETRY,YES,,NO,N/A,N/A,N/A,N/A,N/A,QUERY_NOT_REPAIR_CAPABLE,PRIMARY_MINIMAL=上线; mechanismFinal=QUERY_NOT_REPAIR_CAPABLE; fresh_recall=False; pool=4,DIRECT,4,8980
d091,你好，我想点一杯燕麦拿铁，中杯，无糖。顺便问一下今天有贝果吗？,"你好,我想点一杯烟麦拿铁中备无糖 今天有被裹嗎?","你好,我想点一杯烟麦拿铁中备无糖 今天有被裹吗?",NO,NO,PARTIAL_IMPROVEMENT,10,9,中杯,VALID_LEXICAL_TARGET,EXISTING_LEXICON_TERM,YES,NO,YES,NO,N/A,N/A,YES,RETRY,YES,,NO,N/A,N/A,N/A,N/A,N/A,QUERY_NOT_REPAIR_CAPABLE,PRIMARY_MINIMAL=中杯; mechanismFinal=QUERY_NOT_REPAIR_CAPABLE; fresh_recall=False; pool=1,DIRECT,1,7360
d092,麻烦帮我做一杯抹茶拿铁带走，大杯就行，谢谢。,麻煩幫我做一杯抹茶拿鐵帶走大 北周行謝謝,麻烦帮我做一杯抹茶拿铁带走大 北周行谢谢,NO,NO,PARTIAL_IMPROVEMENT,8,2,大杯,VALID_LEXICAL_TARGET,EXISTING_LEXICON_TERM,YES,NO,YES,NO,N/A,N/A,YES,RETRY,YES,,NO,N/A,N/A,N/A,N/A,N/A,QUERY_NOT_REPAIR_CAPABLE,PRIMARY_MINIMAL=大杯; mechanismFinal=QUERY_NOT_REPAIR_CAPABLE; fresh_recall=False; pool=2,DIRECT,2,6571
d093,请问这款冰美式可以少冰吗？我赶时间，小杯。,"请问,这款病美是可以少病吗?我赶时间小呗!","请问,这款病美是可以少病吗?我赶时间小呗!",NO,NO,UNCHANGED,4,4,少冰,VALID_LEXICAL_TARGET,EXISTING_LEXICON_TERM,YES,NO,YES,NO,N/A,N/A,YES,RETRY,YES,,NO,N/A,N/A,N/A,N/A,N/A,QUERY_NOT_REPAIR_CAPABLE,PRIMARY_MINIMAL=少冰; mechanismFinal=QUERY_NOT_REPAIR_CAPABLE; fresh_recall=False; pool=1,DIRECT,1,6062
d094,小陈，客户反馈翻译引擎接口报错，我们能不能加缓存，下午三点前把结论发群里？,"小成科互反馈翻译引擎接口报错 我们能 不能加緩存下午,3點前把結論發群裡","小成科互反馈翻译引擎接口报错 我们能 不能加缓存下午,3点前把结论发群里",NO,NO,PARTIAL_IMPROVEMENT,10,4,结论,VALID_LEXICAL_TARGET,EXISTING_LEXICON_TERM,YES,NO,YES,NO,N/A,N/A,YES,RETRY,YES,,NO,N/A,N/A,N/A,N/A,N/A,QUERY_NOT_REPAIR_CAPABLE,PRIMARY_MINIMAL=结论; mechanismFinal=QUERY_NOT_REPAIR_CAPABLE; fresh_recall=False; pool=2,DIRECT,2,9467
d095,今天的站会先过一下订单中台进度，内存占用高这块需要限流保护，大家看一下风险。,"今天,德湛会献过一下订单 中台,进都内 存占用高折块需要先留保护 大家看一下风险","今天,德湛会献过一下订单 中台,进都内 存占用高折块需要先留保护 大家看一下风险",NO,NO,UNCHANGED,7,7,限流,VALID_LEXICAL_TARGET,EXISTING_LEXICON_TERM,YES,NO,YES,NO,N/A,N/A,YES,RETRY,YES,,NO,N/A,N/A,N/A,N/A,N/A,QUERY_NOT_REPAIR_CAPABLE,PRIMARY_MINIMAL=限流; mechanismFinal=QUERY_NOT_REPAIR_CAPABLE; fresh_recall=False; pool=1,DIRECT,1,15535
d096,跟会员系统相关的需求我整理了一版，八点前请大家帮忙评审一下。,跟会员系统相关的需求 我整理了一版八点前请大家帮忙评审一下,跟会员系统相关的需求 我整理了一版八点前请大家帮忙评审一下,YES,YES,CORRECT_PRESERVED,0,0,,,,N/A,N/A,N/A,N/A,N/A,N/A,YES,RETRY,YES,,N/A,N/A,N/A,N/A,N/A,N/A,NONE,,,1,7692
d097,师傅，去中关村软件园，走四环。我赶九点半的会，要是堵车您提前跟我说。,是付去中關村軟件遠走私環 我幹 9点半的会要是堵车 您提前跟我说,是付去中关村软件远走私环 我干 9点半的会要是堵车 您提前跟我说,NO,NO,PARTIAL_IMPROVEMENT,9,6,软件,VALID_LEXICAL_TARGET,EXISTING_LEXICON_TERM,YES,NO,YES,NO,N/A,N/A,YES,RETRY,YES,,NO,N/A,N/A,N/A,N/A,N/A,QUERY_NOT_REPAIR_CAPABLE,PRIMARY_MINIMAL=软件; mechanismFinal=QUERY_NOT_REPAIR_CAPABLE; fresh_recall=False; pool=1,DIRECT,1,10565
d098,麻烦送我到国贸三期南门，大概多久能到？我十点十分有个电话会。,麻烦送我到国贸三庆南门大概多久能到 我失点 十分有隔电话会,麻烦送我到国贸三庆南门大概多久能到 我失点 十分有隔电话会,NO,NO,UNCHANGED,3,3,电话,VALID_LEXICAL_TARGET,EXISTING_LEXICON_TERM,YES,NO,YES,NO,N/A,N/A,YES,RETRY,YES,,NO,N/A,N/A,N/A,N/A,N/A,QUERY_NOT_REPAIR_CAPABLE,PRIMARY_MINIMAL=电话; mechanismFinal=QUERY_NOT_REPAIR_CAPABLE; fresh_recall=False; pool=2,DIRECT,2,9693
d099,去望京SOHO，不走机场高速可以吗？那边现在堵不堵？,去望京苏和步走机场高速可以吗?那便现在赌不赌?,去望京苏和步走机场高速可以吗?那便现在赌不赌?,NO,NO,UNCHANGED,8,8,,NO_LOCAL_LEXICAL_TARGET,,N/A,N/A,N/A,N/A,N/A,N/A,YES,RETRY,YES,,N/A,N/A,N/A,N/A,N/A,N/A,NO_LOCAL_LEXICAL_TARGET,no PRIMARY_MINIMAL for case in minimality SSOT,INFERRED,2,10013
d100,医生您好，我这两天头痛，想开点药并做个血常规。,"醫生您好,我這兩天頭痛想開點,要病做隔斜常規","医生您好,我这两天头痛想开点,要病做隔斜常规",NO,NO,PARTIAL_IMPROVEMENT,11,4,头痛,VALID_LEXICAL_TARGET,EXISTING_LEXICON_TERM,YES,NO,YES,NO,N/A,N/A,YES,RETRY,YES,,NO,N/A,N/A,N/A,N/A,N/A,QUERY_NOT_REPAIR_CAPABLE,PRIMARY_MINIMAL=头痛; mechanismFinal=QUERY_NOT_REPAIR_CAPABLE; fresh_recall=False; pool=1,DIRECT,1,6429
d101,挂号处请问内科还有号吗？我胃不舒服，昨晚开始的。,"挂号出请问 内客还在吗 还有号码,我微不舒服昨晚开始的","挂号出请问 内客还在吗 还有号码,我微不舒服昨晚开始的",NO,NO,UNCHANGED,7,7,我胃不,INVALID_CONTEXT_FRAGMENT,INVALID_LEXICAL_TARGET,N/A,N/A,N/A,N/A,N/A,N/A,YES,RETRY,YES,,N/A,N/A,N/A,N/A,N/A,N/A,NO_LOCAL_LEXICAL_TARGET,INVALID_LEXICAL_TARGET from minimality: 我胃不,DIRECT,1,8306
d102,这个检查报告什么时候能出？我过敏发痒，需要请假休息吗？,這個檢查報告什麼時候能出? 我過敏 需要請假休息嗎?,这个检查报告什么时候能出? 我过敏 需要请假休息吗?,NO,NO,PARTIAL_IMPROVEMENT,11,2,,NO_LOCAL_LEXICAL_TARGET,,N/A,N/A,N/A,N/A,N/A,N/A,YES,RETRY,YES,,N/A,N/A,N/A,N/A,N/A,N/A,NO_LOCAL_LEXICAL_TARGET,no PRIMARY_MINIMAL for case in minimality SSOT,INFERRED,1,8516
d103,这件外套能试穿吗？我穿中码。买两件有没有折扣？,"这件外套能试穿吗?我穿中码,买两件有没有折扣?","这件外套能试穿吗?我穿中码,买两件有没有折扣?",YES,YES,CORRECT_PRESERVED,0,0,,,,N/A,N/A,N/A,N/A,N/A,N/A,YES,RETRY,YES,,N/A,N/A,N/A,N/A,N/A,N/A,NONE,,,2,6416
d104,请问这双鞋有四十码吗？不合适三天内可以退换吧？,"请问,这双鞋有40码吗?不合适三天内可以退换吧?","请问,这双鞋有40码吗?不合适三天内可以退换吧?",NO,NO,UNCHANGED,2,2,四十码,VALID_LEXICAL_TARGET,EXISTING_LEXICON_TERM,YES,NO,YES,NO,N/A,N/A,YES,RETRY,YES,,NO,N/A,N/A,N/A,N/A,N/A,QUERY_NOT_REPAIR_CAPABLE,PRIMARY_MINIMAL=四十码; mechanismFinal=QUERY_NOT_REPAIR_CAPABLE; fresh_recall=False; pool=1,DIRECT,1,6592
d105,我想对比一下这两款订单中台的价格，会员日能再减一点吗？,我想对比一下这两款 在名单中排的加格会员日能再减一点吗?,我想对比一下这两款 在名单中排的加格会员日能再减一点吗?,NO,NO,UNCHANGED,4,4,订单,VALID_LEXICAL_TARGET,EXISTING_LEXICON_TERM,YES,NO,YES,NO,N/A,N/A,YES,RETRY,YES,,NO,N/A,N/A,N/A,N/A,N/A,QUERY_NOT_REPAIR_CAPABLE,PRIMARY_MINIMAL=订单; mechanismFinal=QUERY_NOT_REPAIR_CAPABLE; fresh_recall=False; pool=1,DIRECT,1,10464
d106,周末要不要去江边骑行？天气预报说周日多云，记得带水。,众默亚 就不要去降边骑行 天气预报说 周日多云记得带水,众默亚 就不要去降边骑行 天气预报说 周日多云记得带水,NO,NO,UNCHANGED,5,5,周末,VALID_LEXICAL_TARGET,EXISTING_LEXICON_TERM,YES,YES,YES,NO,N/A,N/A,YES,RETRY,YES,,YES,N/A,N/A,N/A,N/A,N/A,RECALL_MATCHING_FAILED,PRIMARY_MINIMAL=周末; mechanismFinal=RECALL_TARGET_MISS; fresh_recall=False; pool=1,DIRECT,1,9911
d107,晚上一起吃饭吗？我知道一家川菜不错，大概七点到。,晚上一起吃饭嘛 我知道一家串菜 不错大概期点到,晚上一起吃饭嘛 我知道一家串菜 不错大概期点到,NO,NO,UNCHANGED,3,3,一家川,INVALID_CONTEXT_FRAGMENT,INVALID_LEXICAL_TARGET,N/A,N/A,N/A,N/A,N/A,N/A,YES,RETRY,YES,,N/A,N/A,N/A,N/A,N/A,N/A,NO_LOCAL_LEXICAL_TARGET,INVALID_LEXICAL_TARGET from minimality: 一家川,DIRECT,1,6294
d108,你最近忙不忙？想找你看下手机备份怎么设置。,"你最近忙不忙,想找你看,下手机备分怎么设置?","你最近忙不忙,想找你看,下手机备分怎么设置?",NO,NO,UNCHANGED,1,1,,NO_LOCAL_LEXICAL_TARGET,,N/A,N/A,N/A,N/A,N/A,N/A,YES,RETRY,YES,,N/A,N/A,N/A,N/A,N/A,N/A,NO_LOCAL_LEXICAL_TARGET,no PRIMARY_MINIMAL for case in minimality SSOT,INFERRED,1,5856
d109,今天我们团队要讨论后选生城相关的后选生城流程和上线计化安排，请研发一起评估风险。,"今天,我们团队要讨论候选生成相关的候选生成流程和上线计划安排,请研发一起评估风险。","今天,我们团队要讨论候选生成相关的候选生成流程和上线计划安排,请研发一起评估风险。",NO,NO,UNCHANGED,5,5,选生城,INVALID_CONTEXT_FRAGMENT,INVALID_LEXICAL_TARGET,N/A,N/A,N/A,N/A,N/A,N/A,YES,RETRY,YES,,N/A,N/A,N/A,N/A,N/A,N/A,NO_LOCAL_LEXICAL_TARGET,INVALID_LEXICAL_TARGET from minimality: 选生城,DIRECT,2,21625
d110,这次发布我们先对齐上线计划窗口，后选生城模块需要联调，别漏掉回归。,這次發布 步我们线对其上线激化窗口后选生成模块需要连掉别漏掉回归,这次发布 步我们线对其上线激化窗口后选生成模块需要连掉别漏掉回归,NO,NO,PARTIAL_IMPROVEMENT,10,8,计划,VALID_LEXICAL_TARGET,EXISTING_LEXICON_TERM,YES,NO,YES,NO,N/A,N/A,YES,RETRY,YES,,NO,N/A,N/A,N/A,N/A,N/A,QUERY_NOT_REPAIR_CAPABLE,PRIMARY_MINIMAL=计划; mechanismFinal=QUERY_NOT_REPAIR_CAPABLE; fresh_recall=False; pool=2,DIRECT,2,13155
d111,会上提到候选生成链路要加监控，上线计划文档我下午更新一版。,会上提到候选生陈恋禄 要加监控 空上限期画文当我下午更新一版,会上提到候选生陈恋禄 要加监控 空上限期画文当我下午更新一版,NO,NO,UNCHANGED,8,8,文档,VALID_LEXICAL_TARGET,EXISTING_LEXICON_TERM,YES,NO,YES,NO,N/A,N/A,YES,RETRY,YES,,NO,N/A,N/A,N/A,N/A,N/A,QUERY_NOT_REPAIR_CAPABLE,PRIMARY_MINIMAL=文档; mechanismFinal=QUERY_NOT_REPAIR_CAPABLE; fresh_recall=False; pool=1,DIRECT,1,12201
d112,您好，我订单显示已发货但物流三天没更新，能帮我查一下吗？,您好我定但顯示已發貨 今天没更新能帮我查一下吗?,您好我定但显示已发货 今天没更新能帮我查一下吗?,NO,NO,PARTIAL_IMPROVEMENT,9,6,物流,VALID_LEXICAL_TARGET,EXISTING_LEXICON_TERM,YES,NO,YES,NO,N/A,N/A,YES,RETRY,YES,,NO,N/A,N/A,N/A,N/A,N/A,QUERY_NOT_REPAIR_CAPABLE,PRIMARY_MINIMAL=物流; mechanismFinal=QUERY_NOT_REPAIR_CAPABLE; fresh_recall=False; pool=3,DIRECT,3,11189
d113,想改一下收货地址，还来得及吗？麻烦尽快处理，谢谢。,想改一下收货地址还来得及吗? 麻烦尽快处理谢谢,想改一下收货地址还来得及吗? 麻烦尽快处理谢谢,YES,YES,CORRECT_PRESERVED,0,0,,,,N/A,N/A,N/A,N/A,N/A,N/A,YES,RETRY,YES,,N/A,N/A,N/A,N/A,N/A,N/A,NONE,,,2,7146
d114,发票抬头开错了，能重新开具电子发票吗？,发票台头开错了能重新开具电子发票吗,发票台头开错了能重新开具电子发票吗,NO,NO,UNCHANGED,1,1,抬头,VALID_LEXICAL_TARGET,EXISTING_LEXICON_TERM,YES,YES,YES,NO,N/A,N/A,YES,RETRY,YES,,YES,N/A,N/A,N/A,N/A,N/A,RECALL_MATCHING_FAILED,PRIMARY_MINIMAL=抬头; mechanismFinal=RECALL_TARGET_MISS; fresh_recall=False; pool=2,DIRECT,2,9053
d115,请简单介绍一下你上一段项目里负责的核心模块和难点。,请简单介绍一下你上一段项目里负责的核心模块和难点,请简单介绍一下你上一段项目里负责的核心模块和难点,YES,YES,CORRECT_PRESERVED,0,0,,,,N/A,N/A,N/A,N/A,N/A,N/A,YES,RETRY,YES,,N/A,N/A,N/A,N/A,N/A,N/A,NONE,,,1,8830
d116,你如何看待跨团队协作？遇到需求变更一般怎么处理？,你如何看待夸团队写作? 球边更一般怎么处理,你如何看待夸团队写作? 球边更一般怎么处理,NO,NO,UNCHANGED,7,7,协作,VALID_LEXICAL_TARGET,EXISTING_LEXICON_TERM,YES,NO,YES,NO,N/A,N/A,YES,RETRY,YES,,NO,N/A,N/A,N/A,N/A,N/A,QUERY_NOT_REPAIR_CAPABLE,PRIMARY_MINIMAL=协作; mechanismFinal=QUERY_NOT_REPAIR_CAPABLE; fresh_recall=False; pool=1,DIRECT,1,9954
d117,期望薪资这块我们可以再沟通，你最快什么时候能入职？,期望星字這塊我們可以再溝通你最快什麼時候能入職,期望星字这块我们可以再沟通你最快什么时候能入职,NO,NO,PARTIAL_IMPROVEMENT,9,2,薪资,INVALID_CONTEXT_FRAGMENT,INVALID_LEXICAL_TARGET,N/A,N/A,N/A,N/A,N/A,N/A,YES,RETRY,YES,,N/A,N/A,N/A,N/A,N/A,N/A,NO_LOCAL_LEXICAL_TARGET,INVALID_LEXICAL_TARGET from minimality: 薪资,DIRECT,1,7381
d118,老师，这道题的解题步骤能不能再讲一遍？我没听懂第二点。,"老是知道提的解题不,终能不能解 我没听懂第二点","老是知道提的解题不,终能不能解 我没听懂第二点",NO,NO,UNCHANGED,9,9,步骤,VALID_LEXICAL_TARGET,EXISTING_LEXICON_TERM,YES,NO,YES,NO,N/A,N/A,YES,RETRY,YES,,NO,N/A,N/A,N/A,N/A,N/A,QUERY_NOT_REPAIR_CAPABLE,PRIMARY_MINIMAL=步骤; mechanismFinal=QUERY_NOT_REPAIR_CAPABLE; fresh_recall=False; pool=2,DIRECT,2,9214
d119,作业是下周一下午交吗？可以电子版提交吗？,作业时下周一下午叫吗?可以电子板提叫吗?,作业时下周一下午叫吗?可以电子板提叫吗?,NO,NO,UNCHANGED,4,4,提交,VALID_LEXICAL_TARGET,EXISTING_LEXICON_TERM,YES,NO,YES,NO,N/A,N/A,YES,RETRY,YES,,NO,N/A,N/A,N/A,N/A,N/A,QUERY_NOT_REPAIR_CAPABLE,PRIMARY_MINIMAL=提交; mechanismFinal=QUERY_NOT_REPAIR_CAPABLE; fresh_recall=False; pool=1,DIRECT,1,6472
d120,请问这门课期末是开卷还是闭卷？重点会划吗？,请问这门客期末是开捐还是闭捐 终点汇画码,请问这门客期末是开捐还是闭捐 终点汇画码,NO,NO,UNCHANGED,7,7,这门课,INVALID_CONTEXT_FRAGMENT,INVALID_LEXICAL_TARGET,N/A,N/A,N/A,N/A,N/A,N/A,YES,RETRY,YES,,N/A,N/A,N/A,N/A,N/A,N/A,NO_LOCAL_LEXICAL_TARGET,INVALID_LEXICAL_TARGET from minimality: 这门课,DIRECT,4,7726
d121,我预订的是大床房，能安排安静一点的楼层吗？,我预定的是搭床房能安排安静一点的楼层吗?,我预定的是搭床房能安排安静一点的楼层吗?,NO,NO,UNCHANGED,2,2,预订,VALID_LEXICAL_TARGET,EXISTING_LEXICON_TERM,YES,NO,YES,NO,N/A,N/A,YES,RETRY,YES,,NO,N/A,N/A,N/A,N/A,N/A,QUERY_NOT_REPAIR_CAPABLE,PRIMARY_MINIMAL=预订; mechanismFinal=QUERY_NOT_REPAIR_CAPABLE; fresh_recall=False; pool=1,DIRECT,1,6865
d122,早餐几点开始？退房可以延迟到下午两点吗？,早餐几点开始?退房可以延迟到下午两点吗?,早餐几点开始?退房可以延迟到下午两点吗?,YES,YES,CORRECT_PRESERVED,0,0,,,,N/A,N/A,N/A,N/A,N/A,N/A,YES,RETRY,YES,,N/A,N/A,N/A,N/A,N/A,N/A,NONE,,,1,7571
d123,房间空调不太制冷，能派人上来看一下吗？,房间空调不太知冷能派人上来看一下吗?,房间空调不太知冷能派人上来看一下吗?,NO,NO,UNCHANGED,1,1,不太制,INVALID_CONTEXT_FRAGMENT,INVALID_LEXICAL_TARGET,N/A,N/A,N/A,N/A,N/A,N/A,YES,RETRY,YES,,N/A,N/A,N/A,N/A,N/A,N/A,NO_LOCAL_LEXICAL_TARGET,INVALID_LEXICAL_TARGET from minimality: 不太制,DIRECT,2,8622
d124,我想开通短信提醒，需要带什么证件？,"我想,開通短信提醒需要帶什麼證件","我想,开通短信提醒需要带什么证件",NO,YES,FULL_RESCUE,4,0,证件,VALID_LEXICAL_TARGET,EXISTING_LEXICON_TERM,YES,NO,YES,NO,N/A,N/A,YES,RETRY,YES,,NO,N/A,N/A,N/A,N/A,YES,QUERY_NOT_REPAIR_CAPABLE,PRIMARY_MINIMAL=证件; mechanismFinal=QUERY_NOT_REPAIR_CAPABLE; fresh_recall=False; pool=1,DIRECT,1,6590
d125,这笔转账显示处理中，大概多久能到账？,这笔转账显示处理中大概多久能到账,这笔转账显示处理中大概多久能到账,YES,YES,CORRECT_PRESERVED,0,0,,,,N/A,N/A,N/A,N/A,N/A,N/A,YES,RETRY,YES,,N/A,N/A,N/A,N/A,N/A,N/A,NONE,,,2,6917
d126,请问理财产品的风险等级在哪里查看？,請問理財產品的風險等急在哪裡查看,请问理财产品的风险等急在哪里查看,NO,NO,PARTIAL_IMPROVEMENT,8,1,风险,VALID_LEXICAL_TARGET,EXISTING_LEXICON_TERM,YES,NO,YES,NO,N/A,N/A,YES,RETRY,YES,,NO,N/A,N/A,N/A,N/A,N/A,QUERY_NOT_REPAIR_CAPABLE,PRIMARY_MINIMAL=风险; mechanismFinal=QUERY_NOT_REPAIR_CAPABLE; fresh_recall=False; pool=2,DIRECT,2,6859
d127,两位，靠窗有位置吗？不要香菜，微辣就行。,兩位靠窗有位置嘛 不要像蔡薇拉就行,两位靠窗有位置嘛 不要像蔡薇拉就行,NO,NO,PARTIAL_IMPROVEMENT,6,5,香菜,VALID_LEXICAL_TARGET,EXISTING_LEXICON_TERM,YES,NO,YES,NO,N/A,N/A,YES,RETRY,YES,,NO,N/A,N/A,N/A,N/A,N/A,QUERY_NOT_REPAIR_CAPABLE,PRIMARY_MINIMAL=香菜; mechanismFinal=QUERY_NOT_REPAIR_CAPABLE; fresh_recall=False; pool=1,DIRECT,1,6343
d128,这道菜大概要等多久？我们先点一份凉菜和一壶茶。,这道菜大概要等多久 我们先点一份凉菜和一壶茶,这道菜大概要等多久 我们先点一份凉菜和一壶茶,YES,YES,CORRECT_PRESERVED,0,0,,,,N/A,N/A,N/A,N/A,N/A,N/A,YES,RETRY,YES,,N/A,N/A,N/A,N/A,N/A,N/A,NONE,,,2,7437
d129,可以打包吗？顺便结一下账，能扫码支付吗？,可以打爆马 顺便结一下账能扫马支付吗?,可以打爆马 顺便结一下账能扫马支付吗?,NO,NO,UNCHANGED,3,3,扫码,VALID_LEXICAL_TARGET,EXISTING_LEXICON_TERM,YES,YES,YES,NO,N/A,N/A,YES,RETRY,YES,,YES,N/A,N/A,N/A,N/A,N/A,RECALL_MATCHING_FAILED,PRIMARY_MINIMAL=扫码; mechanismFinal=RECALL_TARGET_MISS; fresh_recall=False; pool=2,DIRECT,2,9513
d130,私教课还剩几次？能帮我约明天晚上七点吗？,私教课还剩几次 能帮我约明天晚上7点吗?,私教课还剩几次 能帮我约明天晚上7点吗?,NO,NO,UNCHANGED,1,1,,NO_LOCAL_LEXICAL_TARGET,,N/A,N/A,N/A,N/A,N/A,N/A,YES,RETRY,YES,,N/A,N/A,N/A,N/A,N/A,N/A,NO_LOCAL_LEXICAL_TARGET,no PRIMARY_MINIMAL for case in minimality SSOT,INFERRED,1,8076
d131,更衣室柜子钥匙找不到了，前台能帮忙开一下吗？,更意識規則要是找不到了前台 能幫忙看一下嗎?,更意识规则要是找不到了前台 能帮忙看一下吗?,NO,NO,PARTIAL_IMPROVEMENT,9,7,帮忙,VALID_LEXICAL_TARGET,EXISTING_LEXICON_TERM,YES,NO,YES,NO,N/A,N/A,YES,RETRY,YES,,NO,N/A,N/A,N/A,N/A,N/A,QUERY_NOT_REPAIR_CAPABLE,PRIMARY_MINIMAL=帮忙; mechanismFinal=QUERY_NOT_REPAIR_CAPABLE; fresh_recall=False; pool=1,DIRECT,1,8668
d132,游泳次卡本月月底到期，续费有优惠吗？,游泳自卡本月月底到汽水飛遊有會嗎?,游泳自卡本月月底到汽水飞游有会吗?,NO,NO,PARTIAL_IMPROVEMENT,8,7,优惠,VALID_LEXICAL_TARGET,EXISTING_LEXICON_TERM,YES,NO,YES,NO,N/A,N/A,YES,RETRY,YES,,NO,N/A,N/A,N/A,N/A,N/A,QUERY_NOT_REPAIR_CAPABLE,PRIMARY_MINIMAL=优惠; mechanismFinal=QUERY_NOT_REPAIR_CAPABLE; fresh_recall=False; pool=1,DIRECT,1,7687
d133,我们下午讨论后选声城方案，先把候选生成的接口文档补齐。,我们下午讨论后选生成方安现吧 后选生成方安现吧 完成的借口文當補齊,我们下午讨论后选生成方安现吧 后选生成方安现吧 完成的借口文当补齐,NO,NO,PARTIAL_IMPROVEMENT,16,14,接口,VALID_LEXICAL_TARGET,EXISTING_LEXICON_TERM,YES,NO,YES,NO,N/A,N/A,YES,RETRY,YES,,NO,N/A,N/A,N/A,N/A,N/A,QUERY_NOT_REPAIR_CAPABLE,PRIMARY_MINIMAL=接口; mechanismFinal=QUERY_NOT_REPAIR_CAPABLE; fresh_recall=False; pool=2,DIRECT,2,13797
d134,这周的上线计花已经确认，上线计划评审安排在周四上午。,这周的上限计划已经确认上限计划评审安排在周四上午,这周的上限计划已经确认上限计划评审安排在周四上午,NO,NO,UNCHANGED,3,3,上线,VALID_LEXICAL_TARGET,EXISTING_LEXICON_TERM,YES,YES,YES,YES,N/A,N/A,YES,RETRY,YES,,YES,N/A,N/A,N/A,N/A,N/A,ASSEMBLY_CANDIDATE_LOSS,PRIMARY_MINIMAL=上线; mechanismFinal=RECALL_TARGET_MISS; fresh_recall=True; pool=1,INFERRED,1,7319
d135,关于后选生城和上线计化，请按上线计划执行，有问题群里说。,"關於後,選生成 和上限計劃請按上限計劃執行有問題 群裡說","关于后,选生成 和上限计划请按上限计划执行有问题 群里说",NO,NO,PARTIAL_IMPROVEMENT,17,4,上线,VALID_LEXICAL_TARGET,EXISTING_LEXICON_TERM,YES,NO,YES,NO,N/A,N/A,YES,RETRY,YES,,NO,N/A,N/A,N/A,N/A,N/A,QUERY_NOT_REPAIR_CAPABLE,PRIMARY_MINIMAL=上线; mechanismFinal=QUERY_NOT_REPAIR_CAPABLE; fresh_recall=False; pool=2,DIRECT,2,10296
d136,你好，我想点一杯热巧克力，中杯，半糖。顺便问一下今天有曲奇吗？,"你好,我想点一杯热巧克力中备班糖 今天有趣奇嗎?","你好,我想点一杯热巧克力中备班糖 今天有趣奇吗?",NO,NO,PARTIAL_IMPROVEMENT,9,8,中杯,VALID_LEXICAL_TARGET,EXISTING_LEXICON_TERM,YES,NO,YES,NO,N/A,N/A,YES,RETRY,YES,,NO,N/A,N/A,N/A,N/A,N/A,QUERY_NOT_REPAIR_CAPABLE,PRIMARY_MINIMAL=中杯; mechanismFinal=QUERY_NOT_REPAIR_CAPABLE; fresh_recall=False; pool=1,DIRECT,1,9716
d137,麻烦帮我做一杯热拿铁带走，大杯就行，谢谢。,麻烦帮我做一杯热拿铁带走大背就行谢谢,麻烦帮我做一杯热拿铁带走大背就行谢谢,NO,NO,UNCHANGED,1,1,大杯,VALID_LEXICAL_TARGET,EXISTING_LEXICON_TERM,YES,NO,YES,NO,N/A,N/A,YES,RETRY,YES,,NO,N/A,N/A,N/A,N/A,N/A,QUERY_NOT_REPAIR_CAPABLE,PRIMARY_MINIMAL=大杯; mechanismFinal=QUERY_NOT_REPAIR_CAPABLE; fresh_recall=False; pool=1,DIRECT,1,8752
d138,请问这款美式可以少冰吗？我赶时间，小杯。,"请问,这款美式可以少病吗?我赶时间小背。","请问,这款美式可以少病吗?我赶时间小背。",NO,NO,UNCHANGED,2,2,少冰,VALID_LEXICAL_TARGET,EXISTING_LEXICON_TERM,YES,NO,YES,NO,N/A,N/A,YES,RETRY,YES,,NO,N/A,N/A,N/A,N/A,N/A,QUERY_NOT_REPAIR_CAPABLE,PRIMARY_MINIMAL=少冰; mechanismFinal=QUERY_NOT_REPAIR_CAPABLE; fresh_recall=False; pool=1,DIRECT,1,6846
d139,李工，客户反馈翻译引擎接口报错，我们能不能加缓存，下午三点前把结论发群里？,理工科互反規範易引擎接口包挫 我們能不能 能加缓存下午3点前把结论发群里,理工科互反规范易引擎接口包挫 我们能不能 能加缓存下午3点前把结论发群里,NO,NO,PARTIAL_IMPROVEMENT,11,10,不能,VALID_LEXICAL_TARGET,EXISTING_LEXICON_TERM,YES,NO,YES,NO,N/A,N/A,YES,RETRY,YES,,NO,N/A,N/A,N/A,N/A,N/A,QUERY_NOT_REPAIR_CAPABLE,PRIMARY_MINIMAL=不能; mechanismFinal=QUERY_NOT_REPAIR_CAPABLE; fresh_recall=False; pool=4,DIRECT,4,13744
d140,今天的站会先过一下订单中台进度，内存占用高这块需要限流保护，大家看一下风险。,"今天,德站会先过一下丁淡,中台,进都内存,占用高着快需要先留保护大家看一下风险","今天,德站会先过一下丁淡,中台,进都内存,占用高着快需要先留保护大家看一下风险",NO,NO,UNCHANGED,8,8,订单,VALID_LEXICAL_TARGET,EXISTING_LEXICON_TERM,YES,NO,YES,NO,N/A,N/A,YES,RETRY,YES,,NO,N/A,N/A,N/A,N/A,N/A,QUERY_NOT_REPAIR_CAPABLE,PRIMARY_MINIMAL=订单; mechanismFinal=QUERY_NOT_REPAIR_CAPABLE; fresh_recall=False; pool=2,DIRECT,2,23323
d141,跟会员系统相关的需求我整理了一版，八点前请大家帮忙评审一下。,"更會員 相關的需求,我整理了一版八點前請大家幫忙評審一下","更会员 相关的需求,我整理了一版八点前请大家帮忙评审一下",NO,NO,PARTIAL_IMPROVEMENT,11,3,帮忙,VALID_LEXICAL_TARGET,EXISTING_LEXICON_TERM,YES,NO,YES,NO,N/A,N/A,YES,RETRY,YES,,NO,N/A,N/A,N/A,N/A,N/A,QUERY_NOT_REPAIR_CAPABLE,PRIMARY_MINIMAL=帮忙; mechanismFinal=QUERY_NOT_REPAIR_CAPABLE; fresh_recall=False; pool=1,DIRECT,1,13374
d142,师傅，去浦东张江，走三环。我赶九点半的会，要是堵车您提前跟我说。,市府区浦洞张江走三环 我敢 九点半的回药师赌车您提前跟我说,市府区浦洞张江走三环 我敢 九点半的回药师赌车您提前跟我说,NO,NO,UNCHANGED,9,9,我赶九,INVALID_CONTEXT_FRAGMENT,INVALID_LEXICAL_TARGET,N/A,N/A,N/A,N/A,N/A,N/A,YES,RETRY,YES,,N/A,N/A,N/A,N/A,N/A,N/A,NO_LOCAL_LEXICAL_TARGET,INVALID_LEXICAL_TARGET from minimality: 我赶九,DIRECT,2,15530
d143,麻烦送我到深圳南山科技园南门，大概多久能到？我十点十分有个电话会。,麻煩送我到深圳南善科技園南門大概多久能到? 我是點聲 十分有隔電話會,麻烦送我到深圳南善科技园南门大概多久能到? 我是点声 十分有隔电话会,NO,NO,PARTIAL_IMPROVEMENT,11,4,圳南山,INVALID_CONTEXT_FRAGMENT,INVALID_LEXICAL_TARGET,N/A,N/A,N/A,N/A,N/A,N/A,YES,RETRY,YES,,N/A,N/A,N/A,N/A,N/A,N/A,NO_LOCAL_LEXICAL_TARGET,INVALID_LEXICAL_TARGET from minimality: 圳南山,DIRECT,2,17883
d144,去杭州西溪，不走延安路高架可以吗？那边现在堵不堵？,去杭州系 系不走沿岸路高架可以吗 那边现在赌不赌,去杭州系 系不走沿岸路高架可以吗 那边现在赌不赌,NO,NO,UNCHANGED,6,6,西溪,VALID_LEXICAL_TARGET,EXISTING_LEXICON_TERM,YES,NO,YES,NO,N/A,N/A,YES,RETRY,YES,,NO,N/A,N/A,N/A,N/A,N/A,QUERY_NOT_REPAIR_CAPABLE,PRIMARY_MINIMAL=西溪; mechanismFinal=QUERY_NOT_REPAIR_CAPABLE; fresh_recall=False; pool=2,DIRECT,2,9482
d145,医生您好，我这两天嗓子疼，想开点药并做个血常规。,醫生您好我這兩天嗓子疼想開店要並做隔斜常規,医生您好我这两天嗓子疼想开店要并做隔斜常规,NO,NO,PARTIAL_IMPROVEMENT,10,4,常规,VALID_LEXICAL_TARGET,EXISTING_LEXICON_TERM,YES,NO,YES,NO,N/A,N/A,YES,RETRY,YES,,NO,N/A,N/A,N/A,N/A,N/A,QUERY_NOT_REPAIR_CAPABLE,PRIMARY_MINIMAL=常规; mechanismFinal=QUERY_NOT_REPAIR_CAPABLE; fresh_recall=False; pool=1,DIRECT,1,6089
d146,挂号处请问内科还有号吗？我低烧，昨晚开始的。,挂号出请问 内刻还有号码 我低哨昨晚开始的,挂号出请问 内刻还有号码 我低哨昨晚开始的,NO,NO,UNCHANGED,4,4,内科,VALID_LEXICAL_TARGET,EXISTING_LEXICON_TERM,YES,NO,YES,YES,N/A,N/A,YES,RETRY,YES,,NO,N/A,N/A,N/A,N/A,N/A,QUERY_NOT_REPAIR_CAPABLE,PRIMARY_MINIMAL=内科; mechanismFinal=QUERY_NOT_REPAIR_CAPABLE; fresh_recall=True; pool=1,DIRECT,1,4477
d147,这个检查报告什么时候能出？我咳嗽，需要请假休息吗？,这个检查报告什么时候能处 我咳嗽需要请假休息吗,这个检查报告什么时候能处 我咳嗽需要请假休息吗,NO,NO,UNCHANGED,1,1,,NO_LOCAL_LEXICAL_TARGET,,N/A,N/A,N/A,N/A,N/A,N/A,YES,RETRY,YES,,N/A,N/A,N/A,N/A,N/A,N/A,NO_LOCAL_LEXICAL_TARGET,no PRIMARY_MINIMAL for case in minimality SSOT,INFERRED,3,4845
d148,这件外套能试穿吗？我穿中码。买两件有没有折扣？,"这件外套能试穿吗? 我穿中码,买两件有没有折扣?","这件外套能试穿吗? 我穿中码,买两件有没有折扣?",YES,YES,CORRECT_PRESERVED,0,0,,,,N/A,N/A,N/A,N/A,N/A,N/A,YES,RETRY,YES,,N/A,N/A,N/A,N/A,N/A,N/A,NONE,,,1,4382
d149,请问这双鞋有四十码吗？不合适三天内可以退换吧？,"請問,這雙鞋 不合是三天内可以退换吧","请问,这双鞋 不合是三天内可以退换吧",NO,NO,PARTIAL_IMPROVEMENT,10,6,四十码,VALID_LEXICAL_TARGET,EXISTING_LEXICON_TERM,YES,NO,YES,NO,N/A,N/A,YES,RETRY,YES,,NO,N/A,N/A,N/A,N/A,N/A,QUERY_NOT_REPAIR_CAPABLE,PRIMARY_MINIMAL=四十码; mechanismFinal=QUERY_NOT_REPAIR_CAPABLE; fresh_recall=False; pool=2,DIRECT,2,4747
d150,我想对比一下这两款订单中台的价格，会员日能再减一点吗？,我想对比一下这两款电脑 硬单中台的加个会员日能再减一点吗?,我想对比一下这两款电脑 硬单中台的加个会员日能再减一点吗?,NO,NO,UNCHANGED,5,5,订单,VALID_LEXICAL_TARGET,EXISTING_LEXICON_TERM,YES,NO,YES,NO,N/A,N/A,YES,RETRY,YES,,NO,N/A,N/A,N/A,N/A,N/A,QUERY_NOT_REPAIR_CAPABLE,PRIMARY_MINIMAL=订单; mechanismFinal=QUERY_NOT_REPAIR_CAPABLE; fresh_recall=False; pool=1,DIRECT,1,7466
d151,周末要不要去江边骑行？天气预报说周日多云，记得带水。,周末 要不要去江邊騎行 天氣預報說 周日多雲記得帶水,周末 要不要去江边骑行 天气预报说 周日多云记得带水,NO,YES,FULL_RESCUE,9,0,,NO_LOCAL_LEXICAL_TARGET,,N/A,N/A,N/A,N/A,N/A,N/A,YES,RETRY,YES,,N/A,N/A,N/A,N/A,N/A,YES,NO_LOCAL_LEXICAL_TARGET,no PRIMARY_MINIMAL for case in minimality SSOT,INFERRED,1,5212
d152,晚上一起吃饭吗？我知道一家川菜不错，大概七点到。,"晚上一起吃饭吧 一家川菜,不错大概气点到","晚上一起吃饭吧 一家川菜,不错大概气点到",NO,NO,UNCHANGED,5,5,吃饭,VALID_LEXICAL_TARGET,EXISTING_LEXICON_TERM,YES,NO,YES,YES,N/A,N/A,YES,RETRY,YES,,NO,N/A,N/A,N/A,N/A,N/A,QUERY_NOT_REPAIR_CAPABLE,PRIMARY_MINIMAL=吃饭; mechanismFinal=QUERY_NOT_REPAIR_CAPABLE; fresh_recall=True; pool=1,DIRECT,1,4508
d153,你最近忙不忙？想找你看下手机备份怎么设置。,"你最近忙不忙,想找你看下手机备分怎么设置","你最近忙不忙,想找你看下手机备分怎么设置",NO,NO,UNCHANGED,1,1,,NO_LOCAL_LEXICAL_TARGET,,N/A,N/A,N/A,N/A,N/A,N/A,YES,RETRY,YES,,N/A,N/A,N/A,N/A,N/A,N/A,NO_LOCAL_LEXICAL_TARGET,no PRIMARY_MINIMAL for case in minimality SSOT,INFERRED,1,3574
d154,今天我们团队要讨论后选生城相关的后选生城流程和上线计化安排，请研发一起评估风险。,"今天,我们团队要讨论候选生成相关的候选生成流程和上线计划安排,请研发一起评估风险。","今天,我们团队要讨论候选生成相关的候选生成流程和上线计划安排,请研发一起评估风险。",NO,NO,UNCHANGED,5,5,选生城,INVALID_CONTEXT_FRAGMENT,INVALID_LEXICAL_TARGET,N/A,N/A,N/A,N/A,N/A,N/A,YES,RETRY,YES,,N/A,N/A,N/A,N/A,N/A,N/A,NO_LOCAL_LEXICAL_TARGET,INVALID_LEXICAL_TARGET from minimality: 选生城,DIRECT,1,19217
d155,这次发布我们先对齐上线计划窗口，后选生城模块需要联调，别漏掉回归。,這次發布我們現對其商業 建基化窗口后选生成模块需要连掉别漏掉回归,这次发布我们现对其商业 建基化窗口后选生成模块需要连掉别漏掉回归,NO,NO,PARTIAL_IMPROVEMENT,14,10,联调,VALID_LEXICAL_TARGET,EXISTING_LEXICON_TERM,YES,NO,YES,NO,N/A,N/A,YES,RETRY,YES,,NO,N/A,N/A,N/A,N/A,N/A,QUERY_NOT_REPAIR_CAPABLE,PRIMARY_MINIMAL=联调; mechanismFinal=QUERY_NOT_REPAIR_CAPABLE; fresh_recall=False; pool=2,DIRECT,2,9323
d156,会上提到候选生成链路要加监控，上线计划文档我下午更新一版。,會上提到候選生陳戀路 要加監控 通商限期劃文當我下午更新一版,会上提到候选生陈恋路 要加监控 通商限期划文当我下午更新一版,NO,NO,PARTIAL_IMPROVEMENT,11,7,链路,VALID_LEXICAL_TARGET,EXISTING_LEXICON_TERM,YES,NO,YES,NO,N/A,N/A,YES,RETRY,YES,,NO,N/A,N/A,N/A,N/A,N/A,QUERY_NOT_REPAIR_CAPABLE,PRIMARY_MINIMAL=链路; mechanismFinal=QUERY_NOT_REPAIR_CAPABLE; fresh_recall=False; pool=1,DIRECT,1,5477
d157,您好，我订单显示已发货但物流三天没更新，能帮我查一下吗？,"您好我定,但顯示 但物流三天,美更新能幫我查一下嗎?","您好我定,但显示 但物流三天,美更新能帮我查一下吗?",NO,NO,PARTIAL_IMPROVEMENT,9,6,已发货,INVALID_CONTEXT_FRAGMENT,INVALID_LEXICAL_TARGET,N/A,N/A,N/A,N/A,N/A,N/A,YES,RETRY,YES,,N/A,N/A,N/A,N/A,N/A,N/A,NO_LOCAL_LEXICAL_TARGET,INVALID_LEXICAL_TARGET from minimality: 已发货,DIRECT,1,5334
d158,想改一下收货地址，还来得及吗？麻烦尽快处理，谢谢。,"想改一下收货地址还来得及吗? 麻烦尽快处理,谢谢!","想改一下收货地址还来得及吗? 麻烦尽快处理,谢谢!",YES,YES,CORRECT_PRESERVED,0,0,,,,N/A,N/A,N/A,N/A,N/A,N/A,YES,RETRY,YES,,N/A,N/A,N/A,N/A,N/A,N/A,NONE,,,4,5067
d159,发票抬头开错了，能重新开具电子发票吗？,發票抬頭開錯了能重新開具電子發票嗎,发票抬头开错了能重新开具电子发票吗,NO,YES,FULL_RESCUE,8,0,抬头,VALID_LEXICAL_TARGET,EXISTING_LEXICON_TERM,YES,YES,YES,NO,N/A,N/A,YES,RETRY,YES,,YES,N/A,N/A,N/A,N/A,YES,RECALL_MATCHING_FAILED,PRIMARY_MINIMAL=抬头; mechanismFinal=RECALL_TARGET_MISS; fresh_recall=False; pool=1,DIRECT,1,4820
d160,请简单介绍一下你上一段项目里负责的核心模块和难点。,请简单介绍一下 你上一段视频的时候 顺便向木李负责的核心模块和难点,请简单介绍一下 你上一段视频的时候 顺便向木李负责的核心模块和难点,NO,NO,UNCHANGED,10,10,项目,VALID_LEXICAL_TARGET,EXISTING_LEXICON_TERM,YES,NO,YES,NO,N/A,N/A,YES,RETRY,YES,,NO,N/A,N/A,N/A,N/A,N/A,QUERY_NOT_REPAIR_CAPABLE,PRIMARY_MINIMAL=项目; mechanismFinal=QUERY_NOT_REPAIR_CAPABLE; fresh_recall=False; pool=1,DIRECT,1,18822
d161,你如何看待跨团队协作？遇到需求变更一般怎么处理？,"你如何看待夸团队协作,遇到续成 球边更一般怎么处理","你如何看待夸团队协作,遇到续成 球边更一般怎么处理",NO,NO,UNCHANGED,5,5,,NO_LOCAL_LEXICAL_TARGET,,N/A,N/A,N/A,N/A,N/A,N/A,YES,RETRY,YES,,N/A,N/A,N/A,N/A,N/A,N/A,NO_LOCAL_LEXICAL_TARGET,no PRIMARY_MINIMAL for case in minimality SSOT,INFERRED,2,6410
d162,期望薪资这块我们可以再沟通，你最快什么时候能入职？,"期望性,自这块我们可以再沟通你最快什么时候能入职","期望性,自这块我们可以再沟通你最快什么时候能入职",NO,NO,UNCHANGED,2,2,薪资,INVALID_CONTEXT_FRAGMENT,INVALID_LEXICAL_TARGET,N/A,N/A,N/A,N/A,N/A,N/A,YES,RETRY,YES,,N/A,N/A,N/A,N/A,N/A,N/A,NO_LOCAL_LEXICAL_TARGET,INVALID_LEXICAL_TARGET from minimality: 薪资,DIRECT,1,9986
d163,老师，这道题的解题步骤能不能再讲一遍？我没听懂第二点。,"老是知道提的解题不,中能不能再讲一遍? 我没听 感谢观众第二点","老是知道提的解题不,中能不能再讲一遍? 我没听 感谢观众第二点",NO,NO,UNCHANGED,9,9,步骤,VALID_LEXICAL_TARGET,EXISTING_LEXICON_TERM,YES,NO,YES,NO,N/A,N/A,YES,RETRY,YES,,NO,N/A,N/A,N/A,N/A,N/A,QUERY_NOT_REPAIR_CAPABLE,PRIMARY_MINIMAL=步骤; mechanismFinal=QUERY_NOT_REPAIR_CAPABLE; fresh_recall=False; pool=2,DIRECT,2,5458
d164,作业是下周一下午交吗？可以电子版提交吗？,作业时下周以下午叫码 可以电子版提叫码,作业时下周以下午叫码 可以电子版提叫码,NO,NO,UNCHANGED,6,6,提交,VALID_LEXICAL_TARGET,EXISTING_LEXICON_TERM,YES,NO,YES,NO,N/A,N/A,YES,RETRY,YES,,NO,N/A,N/A,N/A,N/A,N/A,QUERY_NOT_REPAIR_CAPABLE,PRIMARY_MINIMAL=提交; mechanismFinal=QUERY_NOT_REPAIR_CAPABLE; fresh_recall=False; pool=1,DIRECT,1,3473
d165,请问这门课期末是开卷还是闭卷？重点会划吗？,请问这门客期末是开捐还是闭捐? 终点会话吗?,请问这门客期末是开捐还是闭捐? 终点会话吗?,NO,NO,UNCHANGED,5,5,这门课,INVALID_CONTEXT_FRAGMENT,INVALID_LEXICAL_TARGET,N/A,N/A,N/A,N/A,N/A,N/A,YES,RETRY,YES,,N/A,N/A,N/A,N/A,N/A,N/A,NO_LOCAL_LEXICAL_TARGET,INVALID_LEXICAL_TARGET from minimality: 这门课,DIRECT,8,5342
d166,我预订的是大床房，能安排安静一点的楼层吗？,我预定的是搭床房能安排安静一点的楼层吗,我预定的是搭床房能安排安静一点的楼层吗,NO,NO,UNCHANGED,2,2,预订,VALID_LEXICAL_TARGET,EXISTING_LEXICON_TERM,YES,YES,YES,NO,N/A,N/A,YES,RETRY,YES,,YES,N/A,N/A,N/A,N/A,N/A,RECALL_MATCHING_FAILED,PRIMARY_MINIMAL=预订; mechanismFinal=RECALL_TARGET_MISS; fresh_recall=False; pool=1,DIRECT,1,4317
d167,早餐几点开始？退房可以延迟到下午两点吗？,早餐几点开始?退房可以延迟到下午2点吗?,早餐几点开始?退房可以延迟到下午2点吗?,NO,NO,UNCHANGED,1,1,,NO_LOCAL_LEXICAL_TARGET,,N/A,N/A,N/A,N/A,N/A,N/A,YES,RETRY,YES,,N/A,N/A,N/A,N/A,N/A,N/A,NO_LOCAL_LEXICAL_TARGET,no PRIMARY_MINIMAL for case in minimality SSOT,INFERRED,1,3735
d168,房间空调不太制冷，能派人上来看一下吗？,房间空调不太知冷能派人上来看一下吗?,房间空调不太知冷能派人上来看一下吗?,NO,NO,UNCHANGED,1,1,不太制,INVALID_CONTEXT_FRAGMENT,INVALID_LEXICAL_TARGET,N/A,N/A,N/A,N/A,N/A,N/A,YES,RETRY,YES,,N/A,N/A,N/A,N/A,N/A,N/A,NO_LOCAL_LEXICAL_TARGET,INVALID_LEXICAL_TARGET from minimality: 不太制,DIRECT,1,6111
d169,我想开通短信提醒，需要带什么证件？,"我想,开通短信提醒需要带什么证件?","我想,开通短信提醒需要带什么证件?",YES,YES,CORRECT_PRESERVED,0,0,,,,N/A,N/A,N/A,N/A,N/A,N/A,YES,RETRY,YES,,N/A,N/A,N/A,N/A,N/A,N/A,NONE,,,1,4104
d170,这笔转账显示处理中，大概多久能到账？,这笔转账显示处理中大概多久能到账,这笔转账显示处理中大概多久能到账,YES,YES,CORRECT_PRESERVED,0,0,,,,N/A,N/A,N/A,N/A,N/A,N/A,YES,RETRY,YES,,N/A,N/A,N/A,N/A,N/A,N/A,NONE,,,4,3730
d171,请问理财产品的风险等级在哪里查看？,请问理财产品的风险等急在哪里查看,请问理财产品的风险等急在哪里查看,NO,NO,UNCHANGED,1,1,等级,VALID_LEXICAL_TARGET,EXISTING_LEXICON_TERM,YES,NO,YES,NO,N/A,N/A,YES,RETRY,YES,,NO,N/A,N/A,N/A,N/A,N/A,QUERY_NOT_REPAIR_CAPABLE,PRIMARY_MINIMAL=等级; mechanismFinal=QUERY_NOT_REPAIR_CAPABLE; fresh_recall=False; pool=1,DIRECT,1,3591
d172,两位，靠窗有位置吗？不要香菜，微辣就行。,兩位靠窗有位置嘛 不要像蔡薇娜就行,两位靠窗有位置嘛 不要像蔡薇娜就行,NO,NO,PARTIAL_IMPROVEMENT,6,5,位置,VALID_LEXICAL_TARGET,EXISTING_LEXICON_TERM,YES,NO,YES,NO,N/A,N/A,YES,RETRY,YES,,NO,N/A,N/A,N/A,N/A,N/A,QUERY_NOT_REPAIR_CAPABLE,PRIMARY_MINIMAL=位置; mechanismFinal=QUERY_NOT_REPAIR_CAPABLE; fresh_recall=False; pool=1,DIRECT,1,3827
d173,这道菜大概要等多久？我们先点一份凉菜和一壶茶。,這道菜大概要等多久 我們先點一份涼菜和一壺茶,这道菜大概要等多久 我们先点一份凉菜和一壶茶,NO,YES,FULL_RESCUE,5,0,一份凉,INVALID_CONTEXT_FRAGMENT,INVALID_LEXICAL_TARGET,N/A,N/A,N/A,N/A,N/A,N/A,YES,RETRY,YES,,N/A,N/A,N/A,N/A,N/A,YES,NO_LOCAL_LEXICAL_TARGET,INVALID_LEXICAL_TARGET from minimality: 一份凉,DIRECT,1,5064
d174,可以打包吗？顺便结一下账，能扫码支付吗？,可以打爆麻 顺便解一下张能扫马之负吗?,可以打爆麻 顺便解一下张能扫马之负吗?,NO,NO,UNCHANGED,7,7,打包,VALID_LEXICAL_TARGET,EXISTING_LEXICON_TERM,YES,YES,YES,NO,N/A,N/A,YES,RETRY,YES,,YES,N/A,N/A,N/A,N/A,N/A,RECALL_MATCHING_FAILED,PRIMARY_MINIMAL=打包; mechanismFinal=RECALL_TARGET_MISS; fresh_recall=False; pool=2,DIRECT,2,3914
d175,私教课还剩几次？能帮我约明天晚上七点吗？,"自教课还剩几次,能帮我约明天晚上7点吗?","自教课还剩几次,能帮我约明天晚上7点吗?",NO,NO,UNCHANGED,2,2,私教课,INVALID_CONTEXT_FRAGMENT,INVALID_LEXICAL_TARGET,N/A,N/A,N/A,N/A,N/A,N/A,YES,RETRY,YES,,N/A,N/A,N/A,N/A,N/A,N/A,NO_LOCAL_LEXICAL_TARGET,INVALID_LEXICAL_TARGET from minimality: 私教课,DIRECT,1,4191
d176,更衣室柜子钥匙找不到了，前台能帮忙开一下吗？,更意識規則要是找不到了前台 能幫忙開一下嗎,更意识规则要是找不到了前台 能帮忙开一下吗,NO,NO,PARTIAL_IMPROVEMENT,9,6,帮忙,VALID_LEXICAL_TARGET,EXISTING_LEXICON_TERM,YES,NO,YES,NO,N/A,N/A,YES,RETRY,YES,,NO,N/A,N/A,N/A,N/A,N/A,QUERY_NOT_REPAIR_CAPABLE,PRIMARY_MINIMAL=帮忙; mechanismFinal=QUERY_NOT_REPAIR_CAPABLE; fresh_recall=False; pool=1,DIRECT,1,5799
d177,游泳次卡本月月底到期，续费有优惠吗？,游泳次卡本月月底到期是非有优惠吗?,游泳次卡本月月底到期是非有优惠吗?,NO,NO,UNCHANGED,2,2,,NO_LOCAL_LEXICAL_TARGET,,N/A,N/A,N/A,N/A,N/A,N/A,YES,RETRY,YES,,N/A,N/A,N/A,N/A,N/A,N/A,NO_LOCAL_LEXICAL_TARGET,no PRIMARY_MINIMAL for case in minimality SSOT,INFERRED,1,3964
d178,我们下午讨论后选声城方案，先把候选生成的接口文档补齐。,"我们下午讨论后 选生成方安线吧,后选生成的接口文当补齐。","我们下午讨论后 选生成方安线吧,后选生成的接口文当补齐。",NO,NO,UNCHANGED,7,7,方案,VALID_LEXICAL_TARGET,EXISTING_LEXICON_TERM,YES,NO,YES,NO,N/A,N/A,YES,RETRY,YES,,NO,N/A,N/A,N/A,N/A,N/A,QUERY_NOT_REPAIR_CAPABLE,PRIMARY_MINIMAL=方案; mechanismFinal=QUERY_NOT_REPAIR_CAPABLE; fresh_recall=False; pool=1,DIRECT,1,5354
d179,这周的上线计花已经确认，上线计划评审安排在周四上午。,這周的上限計劃一警 全任上限計劃評審安排在周四上午,这周的上限计划一警 全任上限计划评审安排在周四上午,NO,NO,PARTIAL_IMPROVEMENT,13,7,上线,VALID_LEXICAL_TARGET,EXISTING_LEXICON_TERM,YES,YES,YES,NO,N/A,N/A,YES,RETRY,YES,,YES,N/A,N/A,N/A,N/A,N/A,RECALL_MATCHING_FAILED,PRIMARY_MINIMAL=上线; mechanismFinal=RECALL_TARGET_MISS; fresh_recall=False; pool=2,DIRECT,2,4269
d180,关于后选生城和上线计化，请按上线计划执行，有问题群里说。,"關於後,選生成立。 请按上限计划执行有问题群里说","关于后,选生成立。 请按上限计划执行有问题群里说",NO,NO,PARTIAL_IMPROVEMENT,11,7,上线,VALID_LEXICAL_TARGET,EXISTING_LEXICON_TERM,YES,YES,YES,NO,N/A,N/A,YES,RETRY,YES,,YES,N/A,N/A,N/A,N/A,N/A,RECALL_MATCHING_FAILED,PRIMARY_MINIMAL=上线; mechanismFinal=RECALL_TARGET_MISS; fresh_recall=False; pool=2,DIRECT,2,4034
d181,你好，我想点一杯冰美式，中杯，少糖。顺便问一下今天有蓝莓马芬吗？,"你好,我想點一杯冰美式中貝少糖 順便溫習一下 以下今天有蓝莓马芬吗?","你好,我想点一杯冰美式中贝少糖 顺便温习一下 以下今天有蓝莓马芬吗?",NO,NO,PARTIAL_IMPROVEMENT,7,5,中杯,VALID_LEXICAL_TARGET,EXISTING_LEXICON_TERM,YES,NO,YES,NO,N/A,N/A,YES,RETRY,YES,,NO,N/A,N/A,N/A,N/A,N/A,QUERY_NOT_REPAIR_CAPABLE,PRIMARY_MINIMAL=中杯; mechanismFinal=QUERY_NOT_REPAIR_CAPABLE; fresh_recall=False; pool=1,DIRECT,1,6010
d182,麻烦帮我做一杯卡布奇诺带走，大杯就行，谢谢。,"麻烦,帮我做一杯卡布其诺带走大背就行谢谢","麻烦,帮我做一杯卡布其诺带走大背就行谢谢",NO,NO,UNCHANGED,2,2,大杯,VALID_LEXICAL_TARGET,EXISTING_LEXICON_TERM,YES,NO,YES,NO,N/A,N/A,YES,RETRY,YES,,NO,N/A,N/A,N/A,N/A,N/A,QUERY_NOT_REPAIR_CAPABLE,PRIMARY_MINIMAL=大杯; mechanismFinal=QUERY_NOT_REPAIR_CAPABLE; fresh_recall=False; pool=1,DIRECT,1,6383
d183,请问这款红茶可以少冰吗？我赶时间，小杯。,"请问,这款红茶可以少病吗? 我赶时间小备","请问,这款红茶可以少病吗? 我赶时间小备",NO,NO,UNCHANGED,2,2,小杯,VALID_LEXICAL_TARGET,EXISTING_LEXICON_TERM,YES,NO,YES,NO,N/A,N/A,YES,RETRY,YES,,NO,N/A,N/A,N/A,N/A,N/A,QUERY_NOT_REPAIR_CAPABLE,PRIMARY_MINIMAL=小杯; mechanismFinal=QUERY_NOT_REPAIR_CAPABLE; fresh_recall=False; pool=1,DIRECT,1,4311
d184,小陈，客户反馈翻译引擎接口报错，我们能不能加缓存，下午三点前把结论发群里？,小乘客互反馈翻译引擎接口 包错我们能不能加换存下物 三点钱 在我們百結論法群裡,小乘客户反馈翻译引擎接口 包错我们能不能加换存下物 三点钱 在我们百结论法群里,NO,NO,PARTIAL_IMPROVEMENT,14,10,缓存,VALID_LEXICAL_TARGET,EXISTING_LEXICON_TERM,YES,NO,YES,NO,N/A,N/A,YES,RETRY,YES,,NO,N/A,N/A,N/A,N/A,N/A,QUERY_NOT_REPAIR_CAPABLE,PRIMARY_MINIMAL=缓存; mechanismFinal=QUERY_NOT_REPAIR_CAPABLE; fresh_recall=False; pool=4,DIRECT,4,5707
d185,今天的站会先过一下订单中台进度，内存占用高这块需要限流保护，大家看一下风险。,"今天,德湛會獻過一下訂單,中台 京都内存占用高着快需要先留保护大家看一下风险","今天,德湛会献过一下订单,中台 京都内存占用高着快需要先留保护大家看一下风险",NO,NO,PARTIAL_IMPROVEMENT,13,9,限流,VALID_LEXICAL_TARGET,EXISTING_LEXICON_TERM,YES,NO,YES,NO,N/A,N/A,YES,RETRY,YES,,NO,N/A,N/A,N/A,N/A,N/A,QUERY_NOT_REPAIR_CAPABLE,PRIMARY_MINIMAL=限流; mechanismFinal=QUERY_NOT_REPAIR_CAPABLE; fresh_recall=False; pool=1,DIRECT,1,20810
d186,跟会员系统相关的需求我整理了一版，八点前请大家帮忙评审一下。,跟会员系统相关的需求 我整理了一板8点钱请大家帮忙评审一下,跟会员系统相关的需求 我整理了一板8点钱请大家帮忙评审一下,NO,NO,UNCHANGED,3,3,点前请,INVALID_CONTEXT_FRAGMENT,INVALID_LEXICAL_TARGET,N/A,N/A,N/A,N/A,N/A,N/A,YES,RETRY,YES,,N/A,N/A,N/A,N/A,N/A,N/A,NO_LOCAL_LEXICAL_TARGET,INVALID_LEXICAL_TARGET from minimality: 点前请,DIRECT,1,7864
d187,师傅，去中关村软件园，走机场高速。我赶九点半的会，要是堵车您提前跟我说。,市副局仲觀村軟件遠走機場告訴 我幹 9点半的回药师堵车 您提前跟我说,市副局仲观村软件远走机场告诉 我干 9点半的回药师堵车 您提前跟我说,NO,NO,PARTIAL_IMPROVEMENT,16,13,软件,VALID_LEXICAL_TARGET,EXISTING_LEXICON_TERM,YES,NO,YES,NO,N/A,N/A,YES,RETRY,YES,,NO,N/A,N/A,N/A,N/A,N/A,QUERY_NOT_REPAIR_CAPABLE,PRIMARY_MINIMAL=软件; mechanismFinal=QUERY_NOT_REPAIR_CAPABLE; fresh_recall=False; pool=1,DIRECT,1,7849
d188,麻烦送我到国贸三期南门，大概多久能到？我十点十分有个电话会。,麻烦送我到国贸三清 南门大概多久能到? 我十点 点十分有个电话会,麻烦送我到国贸三清 南门大概多久能到? 我十点 点十分有个电话会,NO,NO,UNCHANGED,2,2,贸三期,INVALID_CONTEXT_FRAGMENT,INVALID_LEXICAL_TARGET,N/A,N/A,N/A,N/A,N/A,N/A,YES,RETRY,YES,,N/A,N/A,N/A,N/A,N/A,N/A,NO_LOCAL_LEXICAL_TARGET,INVALID_LEXICAL_TARGET from minimality: 贸三期,DIRECT,1,5352
d189,去望京SOHO，不走四环可以吗？那边现在堵不堵？,去往金蘇赫布走私環可以嗎?那扁現在賭不賭?,去往金苏赫布走私环可以吗?那扁现在赌不赌?,NO,NO,PARTIAL_IMPROVEMENT,14,11,四环,VALID_LEXICAL_TARGET,EXISTING_LEXICON_TERM,YES,NO,YES,NO,N/A,N/A,YES,RETRY,YES,,NO,N/A,N/A,N/A,N/A,N/A,QUERY_NOT_REPAIR_CAPABLE,PRIMARY_MINIMAL=四环; mechanismFinal=QUERY_NOT_REPAIR_CAPABLE; fresh_recall=False; pool=1,DIRECT,1,4667
d190,医生您好，我这两天头痛，想开点药并做个血常规。,"醫生您好,我這兩天頭通想開店,要病做個些常規","医生您好,我这两天头通想开店,要病做个些常规",NO,NO,PARTIAL_IMPROVEMENT,12,5,头痛,VALID_LEXICAL_TARGET,EXISTING_LEXICON_TERM,YES,NO,YES,NO,N/A,N/A,YES,RETRY,YES,,NO,N/A,N/A,N/A,N/A,N/A,QUERY_NOT_REPAIR_CAPABLE,PRIMARY_MINIMAL=头痛; mechanismFinal=QUERY_NOT_REPAIR_CAPABLE; fresh_recall=False; pool=1,DIRECT,1,4551
d191,挂号处请问内科还有号吗？我胃不舒服，昨晚开始的。,刮号出请问 内客还有号码 我微不舒服昨晚开始的,刮号出请问 内客还有号码 我微不舒服昨晚开始的,NO,NO,UNCHANGED,5,5,内科,VALID_LEXICAL_TARGET,EXISTING_LEXICON_TERM,YES,NO,YES,NO,N/A,N/A,YES,RETRY,YES,,NO,N/A,N/A,N/A,N/A,N/A,QUERY_NOT_REPAIR_CAPABLE,PRIMARY_MINIMAL=内科; mechanismFinal=QUERY_NOT_REPAIR_CAPABLE; fresh_recall=False; pool=2,DIRECT,2,4850
d192,这个检查报告什么时候能出？我过敏发痒，需要请假休息吗？,這個檢查報告什麼時候能出 我過敏發炎 阿洋需要请假休息吗?,这个检查报告什么时候能出 我过敏发炎 阿洋需要请假休息吗?,NO,NO,PARTIAL_IMPROVEMENT,11,3,,NO_LOCAL_LEXICAL_TARGET,,N/A,N/A,N/A,N/A,N/A,N/A,YES,RETRY,YES,,N/A,N/A,N/A,N/A,N/A,N/A,NO_LOCAL_LEXICAL_TARGET,no PRIMARY_MINIMAL for case in minimality SSOT,INFERRED,1,6087
d193,这件外套能试穿吗？我穿中码。买两件有没有折扣？,"这件外套能试穿吗?我串中码,买两件有没有折扣?","这件外套能试穿吗?我串中码,买两件有没有折扣?",NO,NO,UNCHANGED,1,1,我穿中,INVALID_CONTEXT_FRAGMENT,INVALID_LEXICAL_TARGET,N/A,N/A,N/A,N/A,N/A,N/A,YES,RETRY,YES,,N/A,N/A,N/A,N/A,N/A,N/A,NO_LOCAL_LEXICAL_TARGET,INVALID_LEXICAL_TARGET from minimality: 我穿中,DIRECT,1,4624
d194,请问这双鞋有四十码吗？不合适三天内可以退换吧？,"请问,这双鞋有司时码吗?不合适三天内可以推换吧?","请问,这双鞋有司时码吗?不合适三天内可以推换吧?",NO,NO,UNCHANGED,3,3,四十码,VALID_LEXICAL_TARGET,EXISTING_LEXICON_TERM,YES,NO,YES,NO,N/A,N/A,YES,RETRY,YES,,NO,N/A,N/A,N/A,N/A,N/A,QUERY_NOT_REPAIR_CAPABLE,PRIMARY_MINIMAL=四十码; mechanismFinal=QUERY_NOT_REPAIR_CAPABLE; fresh_recall=False; pool=1,DIRECT,1,4749
d195,我想对比一下这两款订单中台的价格，会员日能再减一点吗？,"我想对比一下,这两款 在这一定当中,台的加格会员日能再减一点吗?","我想对比一下,这两款 在这一定当中,台的加格会员日能再减一点吗?",NO,NO,UNCHANGED,6,6,价格,VALID_LEXICAL_TARGET,EXISTING_LEXICON_TERM,YES,NO,YES,NO,N/A,N/A,YES,RETRY,YES,,NO,N/A,N/A,N/A,N/A,N/A,QUERY_NOT_REPAIR_CAPABLE,PRIMARY_MINIMAL=价格; mechanismFinal=QUERY_NOT_REPAIR_CAPABLE; fresh_recall=False; pool=1,DIRECT,1,8402
d196,周末要不要去江边骑行？天气预报说周日多云，记得带水。,周末要不要去江邊騎行 天氣預報 周日多云记得带水,周末要不要去江边骑行 天气预报 周日多云记得带水,NO,NO,PARTIAL_IMPROVEMENT,6,1,,NO_LOCAL_LEXICAL_TARGET,,N/A,N/A,N/A,N/A,N/A,N/A,YES,RETRY,YES,,N/A,N/A,N/A,N/A,N/A,N/A,NO_LOCAL_LEXICAL_TARGET,no PRIMARY_MINIMAL for case in minimality SSOT,INFERRED,1,5528
d197,晚上一起吃饭吗？我知道一家川菜不错，大概七点到。,晚上一起吃饭嘛 我知道一家川菜 不错大概 17點到,晚上一起吃饭嘛 我知道一家川菜 不错大概 17点到,NO,NO,PARTIAL_IMPROVEMENT,4,3,七点,INVALID_CONTEXT_FRAGMENT,INVALID_LEXICAL_TARGET,N/A,N/A,N/A,N/A,N/A,N/A,YES,RETRY,YES,,N/A,N/A,N/A,N/A,N/A,N/A,NO_LOCAL_LEXICAL_TARGET,INVALID_LEXICAL_TARGET from minimality: 七点,DIRECT,2,5089
d198,你最近忙不忙？想找你看下手机备份怎么设置。,"你最近忙不忙,想找你看下手机备份怎么设置","你最近忙不忙,想找你看下手机备份怎么设置",YES,YES,CORRECT_PRESERVED,0,0,,,,N/A,N/A,N/A,N/A,N/A,N/A,YES,RETRY,YES,,N/A,N/A,N/A,N/A,N/A,N/A,NONE,,,1,4428
d199,今天我们团队要讨论后选生城相关的后选生城流程和上线计化安排，请研发一起评估风险。,"今天,我们团队要讨论后选生成相关的后选生成、流程和上线计划安排请严发一起评估风险","今天,我们团队要讨论后选生成相关的后选生成、流程和上线计划安排请严发一起评估风险",NO,NO,UNCHANGED,4,4,研发,VALID_LEXICAL_TARGET,EXISTING_LEXICON_TERM,YES,NO,YES,NO,N/A,N/A,YES,RETRY,YES,,NO,N/A,N/A,N/A,N/A,N/A,QUERY_NOT_REPAIR_CAPABLE,PRIMARY_MINIMAL=研发; mechanismFinal=QUERY_NOT_REPAIR_CAPABLE; fresh_recall=False; pool=2,DIRECT,2,12030
d200,这次发布我们先对齐上线计划窗口，后选生城模块需要联调，别漏掉回归。,这次发布我们线对其商线计划窗口后选生成模快需要连掉别漏掉回归,这次发布我们线对其商线计划窗口后选生成模快需要连掉别漏掉回归,NO,NO,UNCHANGED,7,7,上线,VALID_LEXICAL_TARGET,EXISTING_LEXICON_TERM,YES,NO,YES,YES,N/A,N/A,YES,RETRY,YES,,NO,N/A,N/A,N/A,N/A,N/A,QUERY_NOT_REPAIR_CAPABLE,PRIMARY_MINIMAL=上线; mechanismFinal=QUERY_NOT_REPAIR_CAPABLE; fresh_recall=True; pool=2,DIRECT,2,8779
