caseId,condition,target,targetPinyin,ASR_surface,ASR_pinyin,firstPassWindow,firstPassWindowGeometry,Model2Action,relation,model2TransformedPinyin,firstPassRecallQueryLegal,firstPassTargetReachable,toneOnlyBlocker,retryEntered,stage2Mode,stage2Nonempty,stage2QueryPinyinSource,stage2UsesTransformedPinyin,stage2TargetReachable,targetInLexicon,directPinyinRecallHit,failureClass,firstFailureBoundary,gateB,gateC,gateD,gateE,notes
p2_u001_002,CORRECT_PROFILE,奶精,,,ASR_GLOBAL_SYLLABLES_SLICE(code),,,YES,n_l,TRANSFORM_EXISTED_TRACE_PARTIAL,,NO,NO,YES,YES,YES,ASR_GLOBAL_SYLLABLES,NO,NO,UNKNOWN,UNKNOWN,Q2_TRANSFORMED_QUERY_STILL_UNREACHABLE,MODEL2_TRANSFORM_NOT_TARGET_REACHABLE,PASS,PASS,FAIL,FAIL,Transform existed but first-pass pinyin still not target-reachable (compound/wrong-profile/partial)
p2_u001_002,WRONG_PROFILE,奶精,,,ASR_GLOBAL_SYLLABLES_SLICE(code),,,YES,n_l,,,NO,NO,YES,YES,YES,ASR_GLOBAL_SYLLABLES,NO,NO,UNKNOWN,UNKNOWN,Q6_NO_REUSABLE_FIRST_PASS_QUERY,NO_MODEL2_TRANSFORM_OR_UNREACHABLE_FIRST_PASS,PASS_NO_ACTION,FAIL,FAIL,FAIL,No target-reachable first-pass Model2 query evidence
p2_u001_003,CORRECT_PROFILE,过拟合,guo|ni|he,麻烦你帮我核对这份关于过历和的说明,ASR_GLOBAL_SYLLABLES_SLICE(code),于过历,"[2,4,3]",YES,n_l,yu|guo|ni,YES_OTHER_WINDOW,NO,NO,YES,YES,YES,ASR_GLOBAL_SYLLABLES,NO,NO,YES,UNKNOWN,Q2_TRANSFORMED_QUERY_STILL_UNREACHABLE,MODEL2_TRANSFORM_NOT_TARGET_REACHABLE,PASS,PASS,PASS,FAIL,Transform existed but first-pass pinyin still not target-reachable (compound/wrong-profile/partial)
p2_u001_003,WRONG_PROFILE,过拟合,guo|ni|he,麻烦你帮我核对这份关于过历和的说明,ASR_GLOBAL_SYLLABLES_SLICE(code),核对这,"[2,4,1]",YES,n_l,he|dui|ze,NO,NO,NO,YES,YES,YES,ASR_GLOBAL_SYLLABLES,NO,NO,YES,UNKNOWN,Q2_TRANSFORMED_QUERY_STILL_UNREACHABLE,MODEL2_TRANSFORM_NOT_TARGET_REACHABLE,PASS,PASS,PASS,FAIL,Transform existed but first-pass pinyin still not target-reachable (compound/wrong-profile/partial)
p2_u001_004,CORRECT_PROFILE,内处理,nei|chu|li,"今天,我想再确认一下类处理的安排是否合适",ASR_GLOBAL_SYLLABLES_SLICE(code),一下类,"[4,4,1]",YES,n_l,yi|xia|nei,NO,NO,NO,YES,YES,YES,ASR_GLOBAL_SYLLABLES,NO,NO,YES,UNKNOWN,Q2_TRANSFORMED_QUERY_STILL_UNREACHABLE,MODEL2_TRANSFORM_NOT_TARGET_REACHABLE,PASS,PASS,PASS,FAIL,Transform existed but first-pass pinyin still not target-reachable (compound/wrong-profile/partial)
p2_u001_004,WRONG_PROFILE,内处理,,,ASR_GLOBAL_SYLLABLES_SLICE(code),,,YES,n_l,,,NO,NO,YES,YES,YES,ASR_GLOBAL_SYLLABLES,NO,NO,UNKNOWN,UNKNOWN,Q6_NO_REUSABLE_FIRST_PASS_QUERY,NO_MODEL2_TRANSFORM_OR_UNREACHABLE_FIRST_PASS,PASS_NO_ACTION,FAIL,FAIL,FAIL,No target-reachable first-pass Model2 query evidence
p2_u001_005,CORRECT_PROFILE,纪念地,,,ASR_GLOBAL_SYLLABLES_SLICE(code),,,NO,n_l,,,NO,NO,YES,YES,YES,ASR_GLOBAL_SYLLABLES,NO,NO,UNKNOWN,UNKNOWN,Q6_NO_REUSABLE_FIRST_PASS_QUERY,NO_MODEL2_TRANSFORM_OR_UNREACHABLE_FIRST_PASS,FAIL,FAIL,FAIL,FAIL,No target-reachable first-pass Model2 query evidence
p2_u001_005,WRONG_PROFILE,纪念地,,,ASR_GLOBAL_SYLLABLES_SLICE(code),,,YES,n_l,,,NO,NO,YES,YES,YES,ASR_GLOBAL_SYLLABLES,NO,NO,UNKNOWN,UNKNOWN,Q6_NO_REUSABLE_FIRST_PASS_QUERY,NO_MODEL2_TRANSFORM_OR_UNREACHABLE_FIRST_PASS,PASS_NO_ACTION,FAIL,FAIL,FAIL,No target-reachable first-pass Model2 query evidence
p2_u001_006,CORRECT_PROFILE,纪念碑,,,ASR_GLOBAL_SYLLABLES_SLICE(code),,,YES,n_l,TRANSFORM_EXISTED_TRACE_PARTIAL,,NO,NO,YES,YES,YES,ASR_GLOBAL_SYLLABLES,NO,NO,UNKNOWN,UNKNOWN,Q2_TRANSFORMED_QUERY_STILL_UNREACHABLE,MODEL2_TRANSFORM_NOT_TARGET_REACHABLE,PASS,PASS,FAIL,FAIL,Transform existed but first-pass pinyin still not target-reachable (compound/wrong-profile/partial)
p2_u001_006,WRONG_PROFILE,纪念碑,,,ASR_GLOBAL_SYLLABLES_SLICE(code),,,YES,n_l,TRANSFORM_EXISTED_TRACE_PARTIAL,,NO,NO,YES,YES,YES,ASR_GLOBAL_SYLLABLES,NO,NO,UNKNOWN,UNKNOWN,Q2_TRANSFORMED_QUERY_STILL_UNREACHABLE,MODEL2_TRANSFORM_NOT_TARGET_REACHABLE,PASS,PASS,FAIL,FAIL,Transform existed but first-pass pinyin still not target-reachable (compound/wrong-profile/partial)
p2_u001_007,CORRECT_PROFILE,内科,nei|ke,会一线谈雷克,ASR_GLOBAL_SYLLABLES_SLICE(code),谈雷,"[2,4]",YES,n_l,tan|nei,PINYIN_YES_TONE_NO,YES,YES,YES,YES,YES,ASR_GLOBAL_SYLLABLES,NO,NO,YES,YES,Q1_MODEL2_QUERY_EVIDENCE_LOST,materializeProfileHits→Stage2_ASR_globalSyllables_rebuild,PASS,PASS,PASS,FAIL,First-pass Model2 pinyin target-reachable (Tone was blocker or Gate-E E5); Stage2 rebuilds ASR-space query; no transform reuse
p2_u001_007,WRONG_PROFILE,内科,nei|ke,,ASR_GLOBAL_SYLLABLES_SLICE(code),,,YES,n_l,,,NO,NO,YES,YES,YES,ASR_GLOBAL_SYLLABLES,NO,NO,YES,UNKNOWN,Q6_NO_REUSABLE_FIRST_PASS_QUERY,NO_MODEL2_TRANSFORM_OR_UNREACHABLE_FIRST_PASS,PASS_NO_ACTION,FAIL,FAIL,FAIL,No target-reachable first-pass Model2 query evidence
p2_u001_008,CORRECT_PROFILE,拟合,,,ASR_GLOBAL_SYLLABLES_SLICE(code),,,NO,n_l,,,NO,NO,YES,YES,YES,ASR_GLOBAL_SYLLABLES,NO,NO,UNKNOWN,UNKNOWN,Q6_NO_REUSABLE_FIRST_PASS_QUERY,NO_MODEL2_TRANSFORM_OR_UNREACHABLE_FIRST_PASS,FAIL,FAIL,FAIL,FAIL,No target-reachable first-pass Model2 query evidence
p2_u001_008,WRONG_PROFILE,拟合,ni|he,护士站提醒患者准备好礼和相关材料,ASR_GLOBAL_SYLLABLES_SLICE(code),士站,"[4,4]",YES,n_l,shi|zan,NO,NO,NO,YES,YES,YES,ASR_GLOBAL_SYLLABLES,NO,NO,YES,UNKNOWN,Q2_TRANSFORMED_QUERY_STILL_UNREACHABLE,MODEL2_TRANSFORM_NOT_TARGET_REACHABLE,PASS,PASS,PASS,FAIL,Transform existed but first-pass pinyin still not target-reachable (compound/wrong-profile/partial)
p2_u001_009,CORRECT_PROFILE,智能体,,,ASR_GLOBAL_SYLLABLES_SLICE(code),,,NO,n_l,,,NO,NO,YES,YES,YES,ASR_GLOBAL_SYLLABLES,NO,NO,UNKNOWN,UNKNOWN,Q6_NO_REUSABLE_FIRST_PASS_QUERY,NO_MODEL2_TRANSFORM_OR_UNREACHABLE_FIRST_PASS,FAIL,FAIL,FAIL,FAIL,No target-reachable first-pass Model2 query evidence
p2_u001_009,WRONG_PROFILE,智能体,,,ASR_GLOBAL_SYLLABLES_SLICE(code),,,YES,n_l,TRANSFORM_EXISTED_TRACE_PARTIAL,,NO,NO,YES,YES,YES,ASR_GLOBAL_SYLLABLES,NO,NO,UNKNOWN,UNKNOWN,Q2_TRANSFORMED_QUERY_STILL_UNREACHABLE,MODEL2_TRANSFORM_NOT_TARGET_REACHABLE,PASS,PASS,FAIL,FAIL,Transform existed but first-pass pinyin still not target-reachable (compound/wrong-profile/partial)
p2_u001_010,CORRECT_PROFILE,南瓜包,,,ASR_GLOBAL_SYLLABLES_SLICE(code),,,NO,n_l,,,NO,NO,YES,YES,YES,ASR_GLOBAL_SYLLABLES,NO,NO,UNKNOWN,UNKNOWN,Q6_NO_REUSABLE_FIRST_PASS_QUERY,NO_MODEL2_TRANSFORM_OR_UNREACHABLE_FIRST_PASS,FAIL,FAIL,FAIL,FAIL,No target-reachable first-pass Model2 query evidence
p2_u001_010,WRONG_PROFILE,南瓜包,,,ASR_GLOBAL_SYLLABLES_SLICE(code),,,YES,n_l,TRANSFORM_EXISTED_TRACE_PARTIAL,,NO,NO,YES,YES,YES,ASR_GLOBAL_SYLLABLES,NO,NO,UNKNOWN,UNKNOWN,Q2_TRANSFORMED_QUERY_STILL_UNREACHABLE,MODEL2_TRANSFORM_NOT_TARGET_REACHABLE,PASS,PASS,FAIL,FAIL,Transform existed but first-pass pinyin still not target-reachable (compound/wrong-profile/partial)
p2_u001_011,CORRECT_PROFILE,纪念室,,,ASR_GLOBAL_SYLLABLES_SLICE(code),,,NO,n_l,,,NO,NO,YES,YES,YES,ASR_GLOBAL_SYLLABLES,NO,NO,UNKNOWN,UNKNOWN,Q6_NO_REUSABLE_FIRST_PASS_QUERY,NO_MODEL2_TRANSFORM_OR_UNREACHABLE_FIRST_PASS,FAIL,FAIL,FAIL,FAIL,No target-reachable first-pass Model2 query evidence
p2_u001_011,WRONG_PROFILE,纪念室,,,ASR_GLOBAL_SYLLABLES_SLICE(code),,,YES,n_l,TRANSFORM_EXISTED_TRACE_PARTIAL,,NO,NO,YES,YES,YES,ASR_GLOBAL_SYLLABLES,NO,NO,UNKNOWN,UNKNOWN,Q2_TRANSFORMED_QUERY_STILL_UNREACHABLE,MODEL2_TRANSFORM_NOT_TARGET_REACHABLE,PASS,PASS,FAIL,FAIL,Transform existed but first-pass pinyin still not target-reachable (compound/wrong-profile/partial)
p2_u001_012,CORRECT_PROFILE,国内厅,,,ASR_GLOBAL_SYLLABLES_SLICE(code),,,YES,n_l,TRANSFORM_EXISTED_TRACE_PARTIAL,,NO,NO,YES,YES,YES,ASR_GLOBAL_SYLLABLES,NO,NO,UNKNOWN,UNKNOWN,Q2_TRANSFORMED_QUERY_STILL_UNREACHABLE,MODEL2_TRANSFORM_NOT_TARGET_REACHABLE,PASS,PASS,FAIL,FAIL,Transform existed but first-pass pinyin still not target-reachable (compound/wrong-profile/partial)
p2_u001_012,WRONG_PROFILE,国内厅,,,ASR_GLOBAL_SYLLABLES_SLICE(code),,,YES,n_l,TRANSFORM_EXISTED_TRACE_PARTIAL,,NO,NO,YES,YES,YES,ASR_GLOBAL_SYLLABLES,NO,NO,UNKNOWN,UNKNOWN,Q2_TRANSFORMED_QUERY_STILL_UNREACHABLE,MODEL2_TRANSFORM_NOT_TARGET_REACHABLE,PASS,PASS,FAIL,FAIL,Transform existed but first-pass pinyin still not target-reachable (compound/wrong-profile/partial)
p2_u001_014,CORRECT_PROFILE,纪念,ji|nian,今天想试试合积链搭配的套餐,ASR_GLOBAL_SYLLABLES_SLICE(code),积链,"[1,3]",YES,n_l,ji|nian,PINYIN_YES_TONE_NO,YES,YES,YES,YES,YES,ASR_GLOBAL_SYLLABLES,NO,NO,YES,YES,Q1_MODEL2_QUERY_EVIDENCE_LOST,materializeProfileHits→Stage2_ASR_globalSyllables_rebuild,PASS,PASS,PASS,FAIL,First-pass Model2 pinyin target-reachable (Tone was blocker or Gate-E E5); Stage2 rebuilds ASR-space query; no transform reuse
p2_u001_014,WRONG_PROFILE,纪念,ji|nian,,ASR_GLOBAL_SYLLABLES_SLICE(code),,,YES,n_l,,,NO,NO,YES,YES,YES,ASR_GLOBAL_SYLLABLES,NO,NO,YES,UNKNOWN,Q6_NO_REUSABLE_FIRST_PASS_QUERY,NO_MODEL2_TRANSFORM_OR_UNREACHABLE_FIRST_PASS,PASS_NO_ACTION,FAIL,FAIL,FAIL,No target-reachable first-pass Model2 query evidence
p2_u001_015,CORRECT_PROFILE,预浸泡,,,ASR_GLOBAL_SYLLABLES_SLICE(code),,,NO,in_ing,,,NO,NO,YES,YES,YES,ASR_GLOBAL_SYLLABLES,NO,NO,UNKNOWN,UNKNOWN,Q6_NO_REUSABLE_FIRST_PASS_QUERY,NO_MODEL2_TRANSFORM_OR_UNREACHABLE_FIRST_PASS,FAIL,FAIL,FAIL,FAIL,No target-reachable first-pass Model2 query evidence
p2_u001_015,WRONG_PROFILE,预浸泡,,,ASR_GLOBAL_SYLLABLES_SLICE(code),,,YES,in_ing,,,NO,NO,YES,YES,YES,ASR_GLOBAL_SYLLABLES,NO,NO,UNKNOWN,UNKNOWN,Q6_NO_REUSABLE_FIRST_PASS_QUERY,NO_MODEL2_TRANSFORM_OR_UNREACHABLE_FIRST_PASS,PASS_NO_ACTION,FAIL,FAIL,FAIL,No target-reachable first-pass Model2 query evidence
p2_u001_016,CORRECT_PROFILE,礼宾部,,,ASR_GLOBAL_SYLLABLES_SLICE(code),,,NO,in_ing,,,NO,NO,YES,YES,YES,ASR_GLOBAL_SYLLABLES,NO,NO,UNKNOWN,UNKNOWN,Q6_NO_REUSABLE_FIRST_PASS_QUERY,NO_MODEL2_TRANSFORM_OR_UNREACHABLE_FIRST_PASS,FAIL,FAIL,FAIL,FAIL,No target-reachable first-pass Model2 query evidence
p2_u001_016,WRONG_PROFILE,礼宾部,li|bin|bu,麻烦你帮我核对这份关于李守步的说明,ASR_GLOBAL_SYLLABLES_SLICE(code),核对这,"[2,4,1]",YES,in_ing,he|dui|ze,NO,NO,NO,YES,YES,YES,ASR_GLOBAL_SYLLABLES,NO,NO,YES,UNKNOWN,Q2_TRANSFORMED_QUERY_STILL_UNREACHABLE,MODEL2_TRANSFORM_NOT_TARGET_REACHABLE,PASS,PASS,PASS,FAIL,Transform existed but first-pass pinyin still not target-reachable (compound/wrong-profile/partial)
p2_u001_017,CORRECT_PROFILE,三拼料,,,ASR_GLOBAL_SYLLABLES_SLICE(code),,,YES,in_ing,TRANSFORM_EXISTED_TRACE_PARTIAL,,NO,NO,YES,YES,YES,ASR_GLOBAL_SYLLABLES,NO,NO,UNKNOWN,UNKNOWN,Q2_TRANSFORMED_QUERY_STILL_UNREACHABLE,MODEL2_TRANSFORM_NOT_TARGET_REACHABLE,PASS,PASS,FAIL,FAIL,Transform existed but first-pass pinyin still not target-reachable (compound/wrong-profile/partial)
p2_u001_017,WRONG_PROFILE,三拼料,san|pin|liao,如果方便的话请你把三瓶料相关的细节再说明一遍我好做最终确认,ASR_GLOBAL_SYLLABLES_SLICE(code),你把三,"[4,1,1]",YES,in_ing,ni|ba|shan,NO,NO,NO,YES,YES,YES,ASR_GLOBAL_SYLLABLES,NO,NO,YES,UNKNOWN,Q2_TRANSFORMED_QUERY_STILL_UNREACHABLE,MODEL2_TRANSFORM_NOT_TARGET_REACHABLE,PASS,PASS,PASS,FAIL,Transform existed but first-pass pinyin still not target-reachable (compound/wrong-profile/partial)
p2_u001_020,CORRECT_PROFILE,礼宾员,li|bin|yuan,行程里关于理事员的部分请再确认一遍,ASR_GLOBAL_SYLLABLES_SLICE(code),行程里,"[2,2,3]",YES,in_ing,xin|cheng|li,NO,NO,NO,YES,YES,YES,ASR_GLOBAL_SYLLABLES,NO,NO,YES,UNKNOWN,Q2_TRANSFORMED_QUERY_STILL_UNREACHABLE,MODEL2_TRANSFORM_NOT_TARGET_REACHABLE,PASS,PASS,PASS,FAIL,Transform existed but first-pass pinyin still not target-reachable (compound/wrong-profile/partial)
p2_u001_020,WRONG_PROFILE,礼宾员,,,ASR_GLOBAL_SYLLABLES_SLICE(code),,,YES,in_ing,,,NO,NO,YES,YES,YES,ASR_GLOBAL_SYLLABLES,NO,NO,UNKNOWN,UNKNOWN,Q6_NO_REUSABLE_FIRST_PASS_QUERY,NO_MODEL2_TRANSFORM_OR_UNREACHABLE_FIRST_PASS,PASS_NO_ACTION,FAIL,FAIL,FAIL,No target-reachable first-pass Model2 query evidence
p2_u001_021,CORRECT_PROFILE,心电图,xin|dian|tu,形成里关于信电图的部分请再确认一遍,ASR_GLOBAL_SYLLABLES_SLICE(code),形成里,"[2,2,3]",YES,in_ing,xin|cheng|li,NO,NO,NO,YES,YES,YES,ASR_GLOBAL_SYLLABLES,NO,NO,YES,UNKNOWN,Q2_TRANSFORMED_QUERY_STILL_UNREACHABLE,MODEL2_TRANSFORM_NOT_TARGET_REACHABLE,PASS,PASS,PASS,FAIL,Transform existed but first-pass pinyin still not target-reachable (compound/wrong-profile/partial)
p2_u001_021,WRONG_PROFILE,心电图,,,ASR_GLOBAL_SYLLABLES_SLICE(code),,,YES,in_ing,,,NO,NO,YES,YES,YES,ASR_GLOBAL_SYLLABLES,NO,NO,UNKNOWN,UNKNOWN,Q6_NO_REUSABLE_FIRST_PASS_QUERY,NO_MODEL2_TRANSFORM_OR_UNREACHABLE_FIRST_PASS,PASS_NO_ACTION,FAIL,FAIL,FAIL,No target-reachable first-pass Model2 query evidence
p2_u001_023,CORRECT_PROFILE,培养皿,,,ASR_GLOBAL_SYLLABLES_SLICE(code),,,YES,in_ing,TRANSFORM_EXISTED_TRACE_PARTIAL,,NO,NO,YES,YES,YES,ASR_GLOBAL_SYLLABLES,NO,NO,UNKNOWN,UNKNOWN,Q2_TRANSFORMED_QUERY_STILL_UNREACHABLE,MODEL2_TRANSFORM_NOT_TARGET_REACHABLE,PASS,PASS,FAIL,FAIL,Transform existed but first-pass pinyin still not target-reachable (compound/wrong-profile/partial)
p2_u001_023,WRONG_PROFILE,培养皿,,,ASR_GLOBAL_SYLLABLES_SLICE(code),,,YES,in_ing,TRANSFORM_EXISTED_TRACE_PARTIAL,,NO,NO,YES,YES,YES,ASR_GLOBAL_SYLLABLES,NO,NO,UNKNOWN,UNKNOWN,Q2_TRANSFORMED_QUERY_STILL_UNREACHABLE,MODEL2_TRANSFORM_NOT_TARGET_REACHABLE,PASS,PASS,FAIL,FAIL,Transform existed but first-pass pinyin still not target-reachable (compound/wrong-profile/partial)
p2_u001_032,CORRECT_PROFILE,纪念馆,,,ASR_GLOBAL_SYLLABLES_SLICE(code),,,NO,n_l,,,NO,NO,YES,YES,YES,ASR_GLOBAL_SYLLABLES,NO,NO,UNKNOWN,UNKNOWN,Q6_NO_REUSABLE_FIRST_PASS_QUERY,NO_MODEL2_TRANSFORM_OR_UNREACHABLE_FIRST_PASS,FAIL,FAIL,FAIL,FAIL,No target-reachable first-pass Model2 query evidence
p2_u001_032,WRONG_PROFILE,纪念馆,,,ASR_GLOBAL_SYLLABLES_SLICE(code),,,YES,n_l,,,NO,NO,YES,YES,YES,ASR_GLOBAL_SYLLABLES,NO,NO,UNKNOWN,UNKNOWN,Q6_NO_REUSABLE_FIRST_PASS_QUERY,NO_MODEL2_TRANSFORM_OR_UNREACHABLE_FIRST_PASS,PASS_NO_ACTION,FAIL,FAIL,FAIL,No target-reachable first-pass Model2 query evidence
p2_u001_033,CORRECT_PROFILE,暖气团,,,ASR_GLOBAL_SYLLABLES_SLICE(code),,,NO,n_l,,,NO,NO,YES,YES,YES,ASR_GLOBAL_SYLLABLES,NO,NO,UNKNOWN,UNKNOWN,Q6_NO_REUSABLE_FIRST_PASS_QUERY,NO_MODEL2_TRANSFORM_OR_UNREACHABLE_FIRST_PASS,FAIL,FAIL,FAIL,FAIL,No target-reachable first-pass Model2 query evidence
p2_u001_033,WRONG_PROFILE,暖气团,,,ASR_GLOBAL_SYLLABLES_SLICE(code),,,YES,n_l,,,NO,NO,YES,YES,YES,ASR_GLOBAL_SYLLABLES,NO,NO,UNKNOWN,UNKNOWN,Q6_NO_REUSABLE_FIRST_PASS_QUERY,NO_MODEL2_TRANSFORM_OR_UNREACHABLE_FIRST_PASS,PASS_NO_ACTION,FAIL,FAIL,FAIL,No target-reachable first-pass Model2 query evidence
p2_u001_034,CORRECT_PROFILE,奶泡缸,,,ASR_GLOBAL_SYLLABLES_SLICE(code),,,NO,n_l,,,NO,NO,YES,YES,YES,ASR_GLOBAL_SYLLABLES,NO,NO,UNKNOWN,UNKNOWN,Q6_NO_REUSABLE_FIRST_PASS_QUERY,NO_MODEL2_TRANSFORM_OR_UNREACHABLE_FIRST_PASS,FAIL,FAIL,FAIL,FAIL,No target-reachable first-pass Model2 query evidence
p2_u001_034,WRONG_PROFILE,奶泡缸,,,ASR_GLOBAL_SYLLABLES_SLICE(code),,,YES,n_l,TRANSFORM_EXISTED_TRACE_PARTIAL,,NO,NO,YES,YES,YES,ASR_GLOBAL_SYLLABLES,NO,NO,UNKNOWN,UNKNOWN,Q2_TRANSFORMED_QUERY_STILL_UNREACHABLE,MODEL2_TRANSFORM_NOT_TARGET_REACHABLE,PASS,PASS,FAIL,FAIL,Transform existed but first-pass pinyin still not target-reachable (compound/wrong-profile/partial)
p2_u001_035,CORRECT_PROFILE,拼接屏,,,ASR_GLOBAL_SYLLABLES_SLICE(code),,,NO,in_ing,,,NO,NO,YES,YES,YES,ASR_GLOBAL_SYLLABLES,NO,NO,UNKNOWN,UNKNOWN,Q6_NO_REUSABLE_FIRST_PASS_QUERY,NO_MODEL2_TRANSFORM_OR_UNREACHABLE_FIRST_PASS,FAIL,FAIL,FAIL,FAIL,No target-reachable first-pass Model2 query evidence
p2_u001_035,WRONG_PROFILE,拼接屏,pin|jie|ping,"如果厨房还来得及请,把拼件皮拔掉 和煮菜一起伤病被注清单少盐",ASR_GLOBAL_SYLLABLES_SLICE(code),和煮菜,"[4,4,2]",YES,in_ing,he|zu|cai,NO,NO,NO,YES,YES,YES,ASR_GLOBAL_SYLLABLES,NO,NO,YES,UNKNOWN,Q2_TRANSFORMED_QUERY_STILL_UNREACHABLE,MODEL2_TRANSFORM_NOT_TARGET_REACHABLE,PASS,PASS,PASS,FAIL,Transform existed but first-pass pinyin still not target-reachable (compound/wrong-profile/partial)
p2_u001_036,CORRECT_PROFILE,贵宾证,,,ASR_GLOBAL_SYLLABLES_SLICE(code),,,YES,in_ing,TRANSFORM_EXISTED_TRACE_PARTIAL,,NO,NO,YES,YES,YES,ASR_GLOBAL_SYLLABLES,NO,NO,UNKNOWN,UNKNOWN,Q2_TRANSFORMED_QUERY_STILL_UNREACHABLE,MODEL2_TRANSFORM_NOT_TARGET_REACHABLE,PASS,PASS,FAIL,FAIL,Transform existed but first-pass pinyin still not target-reachable (compound/wrong-profile/partial)
p2_u001_036,WRONG_PROFILE,贵宾证,,,ASR_GLOBAL_SYLLABLES_SLICE(code),,,YES,in_ing,TRANSFORM_EXISTED_TRACE_PARTIAL,,NO,NO,YES,YES,YES,ASR_GLOBAL_SYLLABLES,NO,NO,UNKNOWN,UNKNOWN,Q2_TRANSFORMED_QUERY_STILL_UNREACHABLE,MODEL2_TRANSFORM_NOT_TARGET_REACHABLE,PASS,PASS,FAIL,FAIL,Transform existed but first-pass pinyin still not target-reachable (compound/wrong-profile/partial)
p2_u001_038,CORRECT_PROFILE,枢纽,,,ASR_GLOBAL_SYLLABLES_SLICE(code),,,NO,n_l,,,NO,NO,YES,YES,YES,ASR_GLOBAL_SYLLABLES,NO,NO,UNKNOWN,UNKNOWN,Q6_NO_REUSABLE_FIRST_PASS_QUERY,NO_MODEL2_TRANSFORM_OR_UNREACHABLE_FIRST_PASS,FAIL,FAIL,FAIL,FAIL,No target-reachable first-pass Model2 query evidence
p2_u001_038,WRONG_PROFILE,枢纽,,,ASR_GLOBAL_SYLLABLES_SLICE(code),,,YES,n_l,,,NO,NO,YES,YES,YES,ASR_GLOBAL_SYLLABLES,NO,NO,UNKNOWN,UNKNOWN,Q6_NO_REUSABLE_FIRST_PASS_QUERY,NO_MODEL2_TRANSFORM_OR_UNREACHABLE_FIRST_PASS,PASS_NO_ACTION,FAIL,FAIL,FAIL,No target-reachable first-pass Model2 query evidence
p2_u001_039,CORRECT_PROFILE,牛肉串,niu|rou|chuan,"顾客,想了解,刘若川的保修与推换政策",ASR_GLOBAL_SYLLABLES_SLICE(code),想了解,"[5,2,4]",YES,n_l,xiang|niao|jie,NO,NO,NO,YES,YES,YES,ASR_GLOBAL_SYLLABLES,NO,NO,YES,UNKNOWN,Q2_TRANSFORMED_QUERY_STILL_UNREACHABLE,MODEL2_TRANSFORM_NOT_TARGET_REACHABLE,PASS,PASS,PASS,FAIL,Transform existed but first-pass pinyin still not target-reachable (compound/wrong-profile/partial)
p2_u001_039,WRONG_PROFILE,牛肉串,niu|rou|chuan,"顾客,想了解,刘若川的保修与推换政策",ASR_GLOBAL_SYLLABLES_SLICE(code),推换政,"[4,3,4]",YES,n_l,tui|huan|zeng,NO,NO,NO,YES,YES,YES,ASR_GLOBAL_SYLLABLES,NO,NO,YES,UNKNOWN,Q2_TRANSFORMED_QUERY_STILL_UNREACHABLE,MODEL2_TRANSFORM_NOT_TARGET_REACHABLE,PASS,PASS,PASS,FAIL,Transform existed but first-pass pinyin still not target-reachable (compound/wrong-profile/partial)
p2_u001_040,CORRECT_PROFILE,纪念日,ji|nian|ri,"顾客想了解,季炼日的保修与推换政策",ASR_GLOBAL_SYLLABLES_SLICE(code),客想了,"[4,3,2]",YES,n_l,ke|xiang|niao,PINYIN_YES_TONE_NO,YES,YES,YES,YES,YES,ASR_GLOBAL_SYLLABLES,NO,NO,YES,YES,Q1_MODEL2_QUERY_EVIDENCE_LOST,materializeProfileHits→Stage2_ASR_globalSyllables_rebuild,PASS,PASS,PASS,FAIL,First-pass Model2 pinyin target-reachable (Tone was blocker or Gate-E E5); Stage2 rebuilds ASR-space query; no transform reuse
p2_u001_040,WRONG_PROFILE,纪念日,ji|nian|ri,"顾客想了解,季炼日的保修与推换政策",ASR_GLOBAL_SYLLABLES_SLICE(code),推换政,"[4,3,4]",YES,n_l,tui|huan|zeng,NO,NO,NO,YES,YES,YES,ASR_GLOBAL_SYLLABLES,NO,NO,YES,UNKNOWN,Q2_TRANSFORMED_QUERY_STILL_UNREACHABLE,MODEL2_TRANSFORM_NOT_TARGET_REACHABLE,PASS,PASS,PASS,FAIL,Transform existed but first-pass pinyin still not target-reachable (compound/wrong-profile/partial)
p2_u002_001,CORRECT_PROFILE,勺子,,,ASR_GLOBAL_SYLLABLES_SLICE(code),,,NO,z_zh,,,NO,NO,YES,YES,YES,ASR_GLOBAL_SYLLABLES,NO,NO,UNKNOWN,UNKNOWN,Q6_NO_REUSABLE_FIRST_PASS_QUERY,NO_MODEL2_TRANSFORM_OR_UNREACHABLE_FIRST_PASS,FAIL,FAIL,FAIL,FAIL,No target-reachable first-pass Model2 query evidence
p2_u002_001,WRONG_PROFILE,勺子,,,ASR_GLOBAL_SYLLABLES_SLICE(code),,,YES,z_zh,,,NO,NO,YES,YES,YES,ASR_GLOBAL_SYLLABLES,NO,NO,UNKNOWN,UNKNOWN,Q6_NO_REUSABLE_FIRST_PASS_QUERY,NO_MODEL2_TRANSFORM_OR_UNREACHABLE_FIRST_PASS,PASS_NO_ACTION,FAIL,FAIL,FAIL,No target-reachable first-pass Model2 query evidence
p2_u002_002,CORRECT_PROFILE,自取,zi|qu,"今天,我想再确认一下支取的安排是否合适",ASR_GLOBAL_SYLLABLES_SLICE(code),下支,"[4,2]",YES,z_zh,xia|zi,PINYIN_YES_TONE_NO,YES,YES,YES,YES,YES,ASR_GLOBAL_SYLLABLES,NO,NO,YES,YES,Q1_MODEL2_QUERY_EVIDENCE_LOST,materializeProfileHits→Stage2_ASR_globalSyllables_rebuild,PASS,PASS,PASS,FAIL,First-pass Model2 pinyin target-reachable (Tone was blocker or Gate-E E5); Stage2 rebuilds ASR-space query; no transform reuse
p2_u002_002,WRONG_PROFILE,自取,zi|qu,,ASR_GLOBAL_SYLLABLES_SLICE(code),,,YES,z_zh,,,NO,NO,YES,YES,YES,ASR_GLOBAL_SYLLABLES,NO,NO,YES,UNKNOWN,Q6_NO_REUSABLE_FIRST_PASS_QUERY,NO_MODEL2_TRANSFORM_OR_UNREACHABLE_FIRST_PASS,PASS_NO_ACTION,FAIL,FAIL,FAIL,No target-reachable first-pass Model2 query evidence
p2_u002_005,CORRECT_PROFILE,资料库,zi|liao|ku,"再进入下个议题前请,先把知识 要酷的风险依赖和回滚方案讲清楚",ASR_GLOBAL_SYLLABLES_SLICE(code),先把知,"[3,3,4]",YES,z_zh,xian|ba|zi,NO,NO,NO,YES,YES,YES,ASR_GLOBAL_SYLLABLES,NO,NO,YES,UNKNOWN,Q2_TRANSFORMED_QUERY_STILL_UNREACHABLE,MODEL2_TRANSFORM_NOT_TARGET_REACHABLE,PASS,PASS,PASS,FAIL,Transform existed but first-pass pinyin still not target-reachable (compound/wrong-profile/partial)
p2_u002_005,WRONG_PROFILE,资料库,zi|liao|ku,"再进入下个议题前请,先把知识 要酷的风险依赖和回滚方案讲清楚",ASR_GLOBAL_SYLLABLES_SLICE(code),题前请,"[2,2,4]",YES,z_zh,ti|qian|qin,NO,NO,NO,YES,YES,YES,ASR_GLOBAL_SYLLABLES,NO,NO,YES,UNKNOWN,Q2_TRANSFORMED_QUERY_STILL_UNREACHABLE,MODEL2_TRANSFORM_NOT_TARGET_REACHABLE,PASS,PASS,PASS,FAIL,Transform existed but first-pass pinyin still not target-reachable (compound/wrong-profile/partial)
p2_u002_007,CORRECT_PROFILE,坐标点,zuo|biao|dian,请同步捉标点状态,ASR_GLOBAL_SYLLABLES_SLICE(code),同步捉,"[2,4,2]",YES,z_zh,tong|bu|zuo,PINYIN_YES_TONE_NO,YES,YES,YES,YES,YES,ASR_GLOBAL_SYLLABLES,NO,NO,YES,YES,Q1_MODEL2_QUERY_EVIDENCE_LOST,materializeProfileHits→Stage2_ASR_globalSyllables_rebuild,PASS,PASS,PASS,FAIL,First-pass Model2 pinyin target-reachable (Tone was blocker or Gate-E E5); Stage2 rebuilds ASR-space query; no transform reuse
p2_u002_007,WRONG_PROFILE,坐标点,zuo|biao|dian,请同步捉标点状态,ASR_GLOBAL_SYLLABLES_SLICE(code),请同步,"[3,2,4]",YES,z_zh,qin|tong|bu,NO,NO,NO,YES,YES,YES,ASR_GLOBAL_SYLLABLES,NO,NO,YES,UNKNOWN,Q2_TRANSFORMED_QUERY_STILL_UNREACHABLE,MODEL2_TRANSFORM_NOT_TARGET_REACHABLE,PASS,PASS,PASS,FAIL,Transform existed but first-pass pinyin still not target-reachable (compound/wrong-profile/partial)
p2_u002_008,CORRECT_PROFILE,摄像组,she|xiang|zu,"顾客,想了解社相主的保修与退换政策",ASR_GLOBAL_SYLLABLES_SLICE(code),社相主,"[4,1,4]",YES,z_zh,she|xiang|zu,PINYIN_YES_TONE_NO,YES,YES,YES,YES,YES,ASR_GLOBAL_SYLLABLES,NO,NO,YES,YES,Q1_MODEL2_QUERY_EVIDENCE_LOST,materializeProfileHits→Stage2_ASR_globalSyllables_rebuild,PASS,PASS,PASS,FAIL,First-pass Model2 pinyin target-reachable (Tone was blocker or Gate-E E5); Stage2 rebuilds ASR-space query; no transform reuse
p2_u002_008,WRONG_PROFILE,摄像组,she|xiang|zu,"顾客,想了解社相主的保修与退换政策",ASR_GLOBAL_SYLLABLES_SLICE(code),想了解,"[5,2,3]",YES,z_zh,xiang|niao|jie,NO,NO,NO,YES,YES,YES,ASR_GLOBAL_SYLLABLES,NO,NO,YES,UNKNOWN,Q2_TRANSFORMED_QUERY_STILL_UNREACHABLE,MODEL2_TRANSFORM_NOT_TARGET_REACHABLE,PASS,PASS,PASS,FAIL,Transform existed but first-pass pinyin still not target-reachable (compound/wrong-profile/partial)
p2_u002_009,CORRECT_PROFILE,紫薯包,,,ASR_GLOBAL_SYLLABLES_SLICE(code),,,NO,z_zh,,,NO,NO,YES,YES,YES,ASR_GLOBAL_SYLLABLES,NO,NO,UNKNOWN,UNKNOWN,Q6_NO_REUSABLE_FIRST_PASS_QUERY,NO_MODEL2_TRANSFORM_OR_UNREACHABLE_FIRST_PASS,FAIL,FAIL,FAIL,FAIL,No target-reachable first-pass Model2 query evidence
p2_u002_009,WRONG_PROFILE,紫薯包,zi|shu|bao,请8个鼠报的库存数量同步到系统,ASR_GLOBAL_SYLLABLES_SLICE(code),存数量,"[2,1,4]",YES,z_zh,cun|shu|niang,NO,NO,NO,YES,YES,YES,ASR_GLOBAL_SYLLABLES,NO,NO,YES,UNKNOWN,Q2_TRANSFORMED_QUERY_STILL_UNREACHABLE,MODEL2_TRANSFORM_NOT_TARGET_REACHABLE,PASS,PASS,PASS,FAIL,Transform existed but first-pass pinyin still not target-reachable (compound/wrong-profile/partial)
p2_u002_011,CORRECT_PROFILE,柚子冻,,,ASR_GLOBAL_SYLLABLES_SLICE(code),,,NO,z_zh,,,NO,NO,YES,YES,YES,ASR_GLOBAL_SYLLABLES,NO,NO,UNKNOWN,UNKNOWN,Q6_NO_REUSABLE_FIRST_PASS_QUERY,NO_MODEL2_TRANSFORM_OR_UNREACHABLE_FIRST_PASS,FAIL,FAIL,FAIL,FAIL,No target-reachable first-pass Model2 query evidence
p2_u002_011,WRONG_PROFILE,柚子冻,,,ASR_GLOBAL_SYLLABLES_SLICE(code),,,YES,z_zh,TRANSFORM_EXISTED_TRACE_PARTIAL,,NO,NO,YES,YES,YES,ASR_GLOBAL_SYLLABLES,NO,NO,UNKNOWN,UNKNOWN,Q2_TRANSFORMED_QUERY_STILL_UNREACHABLE,MODEL2_TRANSFORM_NOT_TARGET_REACHABLE,PASS,PASS,FAIL,FAIL,Transform existed but first-pass pinyin still not target-reachable (compound/wrong-profile/partial)
p2_u002_012,CORRECT_PROFILE,出租车,chu|zu|che,"我们先确认出注册再决定是否该签 如果改迁请同步通,知思寄予前台",ASR_GLOBAL_SYLLABLES_SLICE(code),认出注,"[2,1,4]",YES,z_zh,ren|chu|zu,NO,NO,NO,YES,YES,YES,ASR_GLOBAL_SYLLABLES,NO,NO,YES,UNKNOWN,Q2_TRANSFORMED_QUERY_STILL_UNREACHABLE,MODEL2_TRANSFORM_NOT_TARGET_REACHABLE,PASS,PASS,PASS,FAIL,Transform existed but first-pass pinyin still not target-reachable (compound/wrong-profile/partial)
p2_u002_012,WRONG_PROFILE,出租车,chu|zu|che,"我们先确认出注册再决定是否该签 如果改迁请同步通,知思寄予前台",ASR_GLOBAL_SYLLABLES_SLICE(code),再决定,"[3,3,2]",YES,z_zh,zai|jue|din,NO,NO,NO,YES,YES,YES,ASR_GLOBAL_SYLLABLES,NO,NO,YES,UNKNOWN,Q2_TRANSFORMED_QUERY_STILL_UNREACHABLE,MODEL2_TRANSFORM_NOT_TARGET_REACHABLE,PASS,PASS,PASS,FAIL,Transform existed but first-pass pinyin still not target-reachable (compound/wrong-profile/partial)
p2_u002_013,WRONG_PROFILE,检查组,jian|cha|zu,请核对检查主,ASR_GLOBAL_SYLLABLES_SLICE(code),请核对,"[3,2,1]",YES,z_zh,qin|he|dui,NO,NO,NO,YES,YES,YES,ASR_GLOBAL_SYLLABLES,NO,NO,YES,UNKNOWN,Q2_TRANSFORMED_QUERY_STILL_UNREACHABLE,MODEL2_TRANSFORM_NOT_TARGET_REACHABLE,PASS,PASS,PASS,FAIL,Transform existed but first-pass pinyin still not target-reachable (compound/wrong-profile/partial)
p2_u002_014,CORRECT_PROFILE,礼仪组,li|yi|zu,形成李官于李遗嘱的部分请再确认一遍,ASR_GLOBAL_SYLLABLES_SLICE(code),李遗嘱,"[3,2,4]",YES,z_zh,li|yi|zu,PINYIN_YES_TONE_NO,YES,YES,YES,YES,YES,ASR_GLOBAL_SYLLABLES,NO,NO,YES,YES,Q1_MODEL2_QUERY_EVIDENCE_LOST,materializeProfileHits→Stage2_ASR_globalSyllables_rebuild,PASS,PASS,PASS,FAIL,First-pass Model2 pinyin target-reachable (Tone was blocker or Gate-E E5); Stage2 rebuilds ASR-space query; no transform reuse
p2_u002_014,WRONG_PROFILE,礼仪组,li|yi|zu,形成李官于李遗嘱的部分请再确认一遍,ASR_GLOBAL_SYLLABLES_SLICE(code),形成李,"[2,2,3]",YES,z_zh,xin|cheng|li,NO,NO,NO,YES,YES,YES,ASR_GLOBAL_SYLLABLES,NO,NO,YES,UNKNOWN,Q2_TRANSFORMED_QUERY_STILL_UNREACHABLE,MODEL2_TRANSFORM_NOT_TARGET_REACHABLE,PASS,PASS,PASS,FAIL,Transform existed but first-pass pinyin still not target-reachable (compound/wrong-profile/partial)
p2_u002_015,CORRECT_PROFILE,上线,shang|xian,请把订单里和丧线相关的被诛写清楚,ASR_GLOBAL_SYLLABLES_SLICE(code),和丧,"[2,2]",YES,sh_s,he|shang,PINYIN_YES_TONE_NO,YES,YES,YES,YES,YES,ASR_GLOBAL_SYLLABLES,NO,NO,YES,YES,Q1_MODEL2_QUERY_EVIDENCE_LOST,materializeProfileHits→Stage2_ASR_globalSyllables_rebuild,PASS,PASS,PASS,FAIL,First-pass Model2 pinyin target-reachable (Tone was blocker or Gate-E E5); Stage2 rebuilds ASR-space query; no transform reuse
p2_u002_015,WRONG_PROFILE,上线,shang|xian,请把订单里和丧线相关的被诛写清楚,ASR_GLOBAL_SYLLABLES_SLICE(code),请把,"[3,2]",YES,sh_s,qin|ba,NO,NO,NO,YES,YES,YES,ASR_GLOBAL_SYLLABLES,NO,NO,YES,UNKNOWN,Q2_TRANSFORMED_QUERY_STILL_UNREACHABLE,MODEL2_TRANSFORM_NOT_TARGET_REACHABLE,PASS,PASS,PASS,FAIL,Transform existed but first-pass pinyin still not target-reachable (compound/wrong-profile/partial)
p2_u002_016,CORRECT_PROFILE,咖啡师,ka|fei|shi,今天想试试和咖啡丝搭配的套餐,ASR_GLOBAL_SYLLABLES_SLICE(code),咖啡丝,"[1,3,4]",YES,sh_s,ka|fei|shi,PINYIN_YES_TONE_NO,YES,YES,YES,YES,YES,ASR_GLOBAL_SYLLABLES,NO,NO,YES,YES,Q1_MODEL2_QUERY_EVIDENCE_LOST,materializeProfileHits→Stage2_ASR_globalSyllables_rebuild,PASS,PASS,PASS,FAIL,First-pass Model2 pinyin target-reachable (Tone was blocker or Gate-E E5); Stage2 rebuilds ASR-space query; no transform reuse
p2_u002_016,WRONG_PROFILE,咖啡师,ka|fei|shi,,ASR_GLOBAL_SYLLABLES_SLICE(code),,,YES,sh_s,,,NO,NO,YES,YES,YES,ASR_GLOBAL_SYLLABLES,NO,NO,YES,UNKNOWN,Q6_NO_REUSABLE_FIRST_PASS_QUERY,NO_MODEL2_TRANSFORM_OR_UNREACHABLE_FIRST_PASS,PASS_NO_ACTION,FAIL,FAIL,FAIL,No target-reachable first-pass Model2 query evidence
p2_u002_017,CORRECT_PROFILE,碱水包,,,ASR_GLOBAL_SYLLABLES_SLICE(code),,,NO,sh_s,,,NO,NO,YES,YES,YES,ASR_GLOBAL_SYLLABLES,NO,NO,UNKNOWN,UNKNOWN,Q6_NO_REUSABLE_FIRST_PASS_QUERY,NO_MODEL2_TRANSFORM_OR_UNREACHABLE_FIRST_PASS,FAIL,FAIL,FAIL,FAIL,No target-reachable first-pass Model2 query evidence
p2_u002_017,WRONG_PROFILE,碱水包,jian|shui|bao,"如果厨房还来得及请,拜见! 和煮菜一起商并被注清但少言",ASR_GLOBAL_SYLLABLES_SLICE(code),房还来,"[2,2,2]",YES,sh_s,fang|hai|nai,NO,NO,NO,YES,YES,YES,ASR_GLOBAL_SYLLABLES,NO,NO,YES,UNKNOWN,Q2_TRANSFORMED_QUERY_STILL_UNREACHABLE,MODEL2_TRANSFORM_NOT_TARGET_REACHABLE,PASS,PASS,PASS,FAIL,Transform existed but first-pass pinyin still not target-reachable (compound/wrong-profile/partial)
p2_u002_019,WRONG_PROFILE,测试数据,ce|shi|shu|ju,请说名册四数据,ASR_GLOBAL_SYLLABLES_SLICE(code),请说名册,"[3,1,2,4]",YES,sh_s,qin|shuo|min|ce,NO,NO,NO,YES,YES,YES,ASR_GLOBAL_SYLLABLES,NO,NO,YES,UNKNOWN,Q2_TRANSFORMED_QUERY_STILL_UNREACHABLE,MODEL2_TRANSFORM_NOT_TARGET_REACHABLE,PASS,PASS,PASS,FAIL,Transform existed but first-pass pinyin still not target-reachable (compound/wrong-profile/partial)
p2_u002_020,CORRECT_PROFILE,少冰,,,ASR_GLOBAL_SYLLABLES_SLICE(code),,,NO,sh_s,,,NO,NO,YES,YES,YES,ASR_GLOBAL_SYLLABLES,NO,NO,UNKNOWN,UNKNOWN,Q6_NO_REUSABLE_FIRST_PASS_QUERY,NO_MODEL2_TRANSFORM_OR_UNREACHABLE_FIRST_PASS,FAIL,FAIL,FAIL,FAIL,No target-reachable first-pass Model2 query evidence
p2_u002_020,WRONG_PROFILE,少冰,shao|bing,护士站提醒患者准备好扫并相关材料,ASR_GLOBAL_SYLLABLES_SLICE(code),提醒,"[2,3]",YES,sh_s,ti|xin,NO,NO,NO,YES,YES,YES,ASR_GLOBAL_SYLLABLES,NO,NO,YES,UNKNOWN,Q2_TRANSFORMED_QUERY_STILL_UNREACHABLE,MODEL2_TRANSFORM_NOT_TARGET_REACHABLE,PASS,PASS,PASS,FAIL,Transform existed but first-pass pinyin still not target-reachable (compound/wrong-profile/partial)
p2_u002_021,CORRECT_PROFILE,糖霜圈,,,ASR_GLOBAL_SYLLABLES_SLICE(code),,,NO,sh_s,,,NO,NO,YES,YES,YES,ASR_GLOBAL_SYLLABLES,NO,NO,UNKNOWN,UNKNOWN,Q6_NO_REUSABLE_FIRST_PASS_QUERY,NO_MODEL2_TRANSFORM_OR_UNREACHABLE_FIRST_PASS,FAIL,FAIL,FAIL,FAIL,No target-reachable first-pass Model2 query evidence
p2_u002_021,WRONG_PROFILE,糖霜圈,tang|shuang|quan,护士站提醒患者准备好唐僧券相关材料,ASR_GLOBAL_SYLLABLES_SLICE(code),站提醒,"[3,2,3]",YES,sh_s,zhan|ti|xin,NO,NO,NO,YES,YES,YES,ASR_GLOBAL_SYLLABLES,NO,NO,YES,UNKNOWN,Q2_TRANSFORMED_QUERY_STILL_UNREACHABLE,MODEL2_TRANSFORM_NOT_TARGET_REACHABLE,PASS,PASS,PASS,FAIL,Transform existed but first-pass pinyin still not target-reachable (compound/wrong-profile/partial)
p2_u002_022,CORRECT_PROFILE,上车点,,,ASR_GLOBAL_SYLLABLES_SLICE(code),,,NO,sh_s,,,NO,NO,YES,YES,YES,ASR_GLOBAL_SYLLABLES,NO,NO,UNKNOWN,UNKNOWN,Q6_NO_REUSABLE_FIRST_PASS_QUERY,NO_MODEL2_TRANSFORM_OR_UNREACHABLE_FIRST_PASS,FAIL,FAIL,FAIL,FAIL,No target-reachable first-pass Model2 query evidence
p2_u002_022,WRONG_PROFILE,上车点,shang|che|dian,麻烦你帮我核对这份关于丧车点的说明,ASR_GLOBAL_SYLLABLES_SLICE(code),的说明,"[2,3,2]",YES,sh_s,de|shuo|min,NO,NO,NO,YES,YES,YES,ASR_GLOBAL_SYLLABLES,NO,NO,YES,UNKNOWN,Q2_TRANSFORMED_QUERY_STILL_UNREACHABLE,MODEL2_TRANSFORM_NOT_TARGET_REACHABLE,PASS,PASS,PASS,FAIL,Transform existed but first-pass pinyin still not target-reachable (compound/wrong-profile/partial)
p2_u002_024,CORRECT_PROFILE,商务室,shang|wu|shi,"我先和对上五四确认无误后,再把结果分开 如果发给你这样两遍都省事",ASR_GLOBAL_SYLLABLES_SLICE(code),上五四,"[3,2,4]",YES,sh_s,shang|wu|shi,PINYIN_YES_TONE_NO,YES,YES,YES,YES,YES,ASR_GLOBAL_SYLLABLES,NO,NO,YES,YES,Q1_MODEL2_QUERY_EVIDENCE_LOST,materializeProfileHits→Stage2_ASR_globalSyllables_rebuild,PASS,PASS,PASS,FAIL,First-pass Model2 pinyin target-reachable (Tone was blocker or Gate-E E5); Stage2 rebuilds ASR-space query; no transform reuse
p2_u002_024,WRONG_PROFILE,商务室,shang|wu|shi,"我先和对上五四确认无误后,再把结果分开 如果发给你这样两遍都省事",ASR_GLOBAL_SYLLABLES_SLICE(code),这样两,"[2,2,4]",YES,sh_s,zhe|yang|niang,NO,NO,NO,YES,YES,YES,ASR_GLOBAL_SYLLABLES,NO,NO,YES,UNKNOWN,Q2_TRANSFORMED_QUERY_STILL_UNREACHABLE,MODEL2_TRANSFORM_NOT_TARGET_REACHABLE,PASS,PASS,PASS,FAIL,Transform existed but first-pass pinyin still not target-reachable (compound/wrong-profile/partial)
p2_u002_032,CORRECT_PROFILE,工作团,gong|zuo|tuan,复查时请重点关注与公捉团相关的指标 变化,ASR_GLOBAL_SYLLABLES_SLICE(code),时请重,"[2,4,3]",YES,z_zh,shi|qing|zong,PINYIN_YES_TONE_NO,YES,YES,YES,YES,YES,ASR_GLOBAL_SYLLABLES,NO,NO,YES,YES,Q1_MODEL2_QUERY_EVIDENCE_LOST,materializeProfileHits→Stage2_ASR_globalSyllables_rebuild,PASS,PASS,PASS,FAIL,First-pass Model2 pinyin target-reachable (Tone was blocker or Gate-E E5); Stage2 rebuilds ASR-space query; no transform reuse
p2_u002_032,WRONG_PROFILE,工作团,gong|zuo|tuan,复查时请重点关注与公捉团相关的指标 变化,ASR_GLOBAL_SYLLABLES_SLICE(code),查时请,"[2,2,4]",YES,z_zh,cha|shi|qin,NO,NO,NO,YES,YES,YES,ASR_GLOBAL_SYLLABLES,NO,NO,YES,UNKNOWN,Q2_TRANSFORMED_QUERY_STILL_UNREACHABLE,MODEL2_TRANSFORM_NOT_TARGET_REACHABLE,PASS,PASS,PASS,FAIL,Transform existed but first-pass pinyin still not target-reachable (compound/wrong-profile/partial)
p2_u002_033,CORRECT_PROFILE,导播组,dao|bo|zu,复查时请重点关注与导播主相关的指标变化,ASR_GLOBAL_SYLLABLES_SLICE(code),时请重,"[1,3,4]",YES,z_zh,shi|qing|zong,PINYIN_YES_TONE_NO,YES,YES,YES,YES,YES,ASR_GLOBAL_SYLLABLES,NO,NO,YES,YES,Q1_MODEL2_QUERY_EVIDENCE_LOST,materializeProfileHits→Stage2_ASR_globalSyllables_rebuild,PASS,PASS,PASS,FAIL,First-pass Model2 pinyin target-reachable (Tone was blocker or Gate-E E5); Stage2 rebuilds ASR-space query; no transform reuse
p2_u002_033,WRONG_PROFILE,导播组,dao|bo|zu,复查时请重点关注与导播主相关的指标变化,ASR_GLOBAL_SYLLABLES_SLICE(code),查时请,"[2,1,3]",YES,z_zh,cha|shi|qin,NO,NO,NO,YES,YES,YES,ASR_GLOBAL_SYLLABLES,NO,NO,YES,UNKNOWN,Q2_TRANSFORMED_QUERY_STILL_UNREACHABLE,MODEL2_TRANSFORM_NOT_TARGET_REACHABLE,PASS,PASS,PASS,FAIL,Transform existed but first-pass pinyin still not target-reachable (compound/wrong-profile/partial)
p2_u002_034,CORRECT_PROFILE,走廊,zou|lang,复查时请重点关注与肘郎相关的指标变化,ASR_GLOBAL_SYLLABLES_SLICE(code),请重,"[3,4]",YES,z_zh,qing|zong,PINYIN_YES_TONE_NO,YES,YES,YES,YES,YES,ASR_GLOBAL_SYLLABLES,NO,NO,YES,YES,Q1_MODEL2_QUERY_EVIDENCE_LOST,materializeProfileHits→Stage2_ASR_globalSyllables_rebuild,PASS,PASS,PASS,FAIL,First-pass Model2 pinyin target-reachable (Tone was blocker or Gate-E E5); Stage2 rebuilds ASR-space query; no transform reuse
p2_u002_034,WRONG_PROFILE,走廊,zou|lang,复查时请重点关注与肘郎相关的指标变化,ASR_GLOBAL_SYLLABLES_SLICE(code),时请,"[2,3]",YES,z_zh,shi|qin,NO,NO,NO,YES,YES,YES,ASR_GLOBAL_SYLLABLES,NO,NO,YES,UNKNOWN,Q2_TRANSFORMED_QUERY_STILL_UNREACHABLE,MODEL2_TRANSFORM_NOT_TARGET_REACHABLE,PASS,PASS,PASS,FAIL,Transform existed but first-pass pinyin still not target-reachable (compound/wrong-profile/partial)
p2_u002_035,CORRECT_PROFILE,吸烟室,xi|yan|shi,再进入下个议题前倾向把西燕斯的风险依赖和回滚方向 方案讲清楚,ASR_GLOBAL_SYLLABLES_SLICE(code),西燕斯,"[1,4,4]",YES,sh_s,xi|yan|shi,PINYIN_YES_TONE_NO,YES,YES,YES,YES,YES,ASR_GLOBAL_SYLLABLES,NO,NO,YES,YES,Q1_MODEL2_QUERY_EVIDENCE_LOST,materializeProfileHits→Stage2_ASR_globalSyllables_rebuild,PASS,PASS,PASS,FAIL,First-pass Model2 pinyin target-reachable (Tone was blocker or Gate-E E5); Stage2 rebuilds ASR-space query; no transform reuse
p2_u002_035,WRONG_PROFILE,吸烟室,xi|yan|shi,,ASR_GLOBAL_SYLLABLES_SLICE(code),,,YES,sh_s,TRANSFORM_EXISTED_TRACE_PARTIAL,,NO,NO,YES,YES,YES,ASR_GLOBAL_SYLLABLES,NO,NO,YES,UNKNOWN,Q2_TRANSFORMED_QUERY_STILL_UNREACHABLE,MODEL2_TRANSFORM_NOT_TARGET_REACHABLE,PASS,PASS,FAIL,FAIL,Transform existed but first-pass pinyin still not target-reachable (compound/wrong-profile/partial)
p2_u002_036,CORRECT_PROFILE,指示牌,,,ASR_GLOBAL_SYLLABLES_SLICE(code),,,NO,sh_s,,,NO,NO,YES,YES,YES,ASR_GLOBAL_SYLLABLES,NO,NO,UNKNOWN,UNKNOWN,Q6_NO_REUSABLE_FIRST_PASS_QUERY,NO_MODEL2_TRANSFORM_OR_UNREACHABLE_FIRST_PASS,FAIL,FAIL,FAIL,FAIL,No target-reachable first-pass Model2 query evidence
p2_u002_036,WRONG_PROFILE,指示牌,zhi|shi|pai,如果 纸丝牌还没避还就线标记阻塞 同时安排专人跟精病 在明天战会复盘,ASR_GLOBAL_SYLLABLES_SLICE(code),人跟精,"[2,1,4]",YES,sh_s,ren|gen|jin,NO,NO,NO,YES,YES,YES,ASR_GLOBAL_SYLLABLES,NO,NO,YES,UNKNOWN,Q2_TRANSFORMED_QUERY_STILL_UNREACHABLE,MODEL2_TRANSFORM_NOT_TARGET_REACHABLE,PASS,PASS,PASS,FAIL,Transform existed but first-pass pinyin still not target-reachable (compound/wrong-profile/partial)
p2_u002_037,WRONG_PROFILE,开幕式,kai|mu|shi,请同步开慕斯状态,ASR_GLOBAL_SYLLABLES_SLICE(code),请同步,"[4,4,4]",YES,sh_s,qin|tong|bu,NO,NO,NO,YES,YES,YES,ASR_GLOBAL_SYLLABLES,NO,NO,YES,UNKNOWN,Q2_TRANSFORMED_QUERY_STILL_UNREACHABLE,MODEL2_TRANSFORM_NOT_TARGET_REACHABLE,PASS,PASS,PASS,FAIL,Transform existed but first-pass pinyin still not target-reachable (compound/wrong-profile/partial)
p2_u002_038,CORRECT_PROFILE,任务组,ren|wu|zu,今天想试时和任务主大配的套餐,ASR_GLOBAL_SYLLABLES_SLICE(code),任务主,"[3,2,1]",YES,z_zh,ren|wu|zu,PINYIN_YES_TONE_NO,YES,YES,YES,YES,YES,ASR_GLOBAL_SYLLABLES,NO,NO,YES,YES,Q1_MODEL2_QUERY_EVIDENCE_LOST,materializeProfileHits→Stage2_ASR_globalSyllables_rebuild,PASS,PASS,PASS,FAIL,First-pass Model2 pinyin target-reachable (Tone was blocker or Gate-E E5); Stage2 rebuilds ASR-space query; no transform reuse
p2_u002_038,WRONG_PROFILE,任务组,ren|wu|zu,,ASR_GLOBAL_SYLLABLES_SLICE(code),,,YES,z_zh,,,NO,NO,YES,YES,YES,ASR_GLOBAL_SYLLABLES,NO,NO,YES,UNKNOWN,Q6_NO_REUSABLE_FIRST_PASS_QUERY,NO_MODEL2_TRANSFORM_OR_UNREACHABLE_FIRST_PASS,PASS_NO_ACTION,FAIL,FAIL,FAIL,No target-reachable first-pass Model2 query evidence
p2_u002_040,CORRECT_PROFILE,座位数,zuo|wei|shu,今天想试试合桌为数搭配的套餐,ASR_GLOBAL_SYLLABLES_SLICE(code),试合桌,"[1,2,3]",YES,z_zh,shi|he|zuo,PINYIN_YES_TONE_NO,YES,YES,YES,YES,YES,ASR_GLOBAL_SYLLABLES,NO,NO,YES,YES,Q1_MODEL2_QUERY_EVIDENCE_LOST,materializeProfileHits→Stage2_ASR_globalSyllables_rebuild,PASS,PASS,PASS,FAIL,First-pass Model2 pinyin target-reachable (Tone was blocker or Gate-E E5); Stage2 rebuilds ASR-space query; no transform reuse
p2_u002_040,WRONG_PROFILE,座位数,zuo|wei|shu,,ASR_GLOBAL_SYLLABLES_SLICE(code),,,YES,z_zh,,,NO,NO,YES,YES,YES,ASR_GLOBAL_SYLLABLES,NO,NO,YES,UNKNOWN,Q6_NO_REUSABLE_FIRST_PASS_QUERY,NO_MODEL2_TRANSFORM_OR_UNREACHABLE_FIRST_PASS,PASS_NO_ACTION,FAIL,FAIL,FAIL,No target-reachable first-pass Model2 query evidence
p2_u003_001,CORRECT_PROFILE,营运证,,,ASR_GLOBAL_SYLLABLES_SLICE(code),,,YES,eng_en,TRANSFORM_EXISTED_TRACE_PARTIAL,,NO,NO,YES,YES,YES,ASR_GLOBAL_SYLLABLES,NO,NO,UNKNOWN,UNKNOWN,Q2_TRANSFORMED_QUERY_STILL_UNREACHABLE,MODEL2_TRANSFORM_NOT_TARGET_REACHABLE,PASS,PASS,FAIL,FAIL,Transform existed but first-pass pinyin still not target-reachable (compound/wrong-profile/partial)
p2_u003_001,WRONG_PROFILE,营运证,,,ASR_GLOBAL_SYLLABLES_SLICE(code),,,YES,eng_en,TRANSFORM_EXISTED_TRACE_PARTIAL,,NO,NO,YES,YES,YES,ASR_GLOBAL_SYLLABLES,NO,NO,UNKNOWN,UNKNOWN,Q2_TRANSFORMED_QUERY_STILL_UNREACHABLE,MODEL2_TRANSFORM_NOT_TARGET_REACHABLE,PASS,PASS,FAIL,FAIL,Transform existed but first-pass pinyin still not target-reachable (compound/wrong-profile/partial)
p2_u003_003,CORRECT_PROFILE,闷蒸,men|zheng,我们需要评估们针对发布窗口的影响,ASR_GLOBAL_SYLLABLES_SLICE(code),我们,"[2,2]",YES,eng_en,wo|meng,NO,NO,NO,YES,YES,YES,ASR_GLOBAL_SYLLABLES,NO,NO,YES,UNKNOWN,Q2_TRANSFORMED_QUERY_STILL_UNREACHABLE,MODEL2_TRANSFORM_NOT_TARGET_REACHABLE,PASS,PASS,PASS,FAIL,Transform existed but first-pass pinyin still not target-reachable (compound/wrong-profile/partial)
p2_u003_003,WRONG_PROFILE,闷蒸,men|zheng,我们需要评估们针对发布窗口的影响,ASR_GLOBAL_SYLLABLES_SLICE(code),要评,"[3,2]",YES,eng_en,yao|pin,NO,NO,NO,YES,YES,YES,ASR_GLOBAL_SYLLABLES,NO,NO,YES,UNKNOWN,Q2_TRANSFORMED_QUERY_STILL_UNREACHABLE,MODEL2_TRANSFORM_NOT_TARGET_REACHABLE,PASS,PASS,PASS,FAIL,Transform existed but first-pass pinyin still not target-reachable (compound/wrong-profile/partial)
p2_u003_004,CORRECT_PROFILE,排风扇,pai|feng|shan,请在机要里写清楚排分扇的负责人和截止时间,ASR_GLOBAL_SYLLABLES_SLICE(code),楚排分,"[1,2,2]",YES,eng_en,chu|pai|feng,PINYIN_YES_TONE_NO,YES,YES,YES,YES,YES,ASR_GLOBAL_SYLLABLES,NO,NO,YES,YES,Q1_MODEL2_QUERY_EVIDENCE_LOST,materializeProfileHits→Stage2_ASR_globalSyllables_rebuild,PASS,PASS,PASS,FAIL,First-pass Model2 pinyin target-reachable (Tone was blocker or Gate-E E5); Stage2 rebuilds ASR-space query; no transform reuse
p2_u003_004,WRONG_PROFILE,排风扇,pai|feng|shan,请在机要里写清楚排分扇的负责人和截止时间,ASR_GLOBAL_SYLLABLES_SLICE(code),请在机,"[3,4,1]",YES,eng_en,qin|zai|ji,NO,NO,NO,YES,YES,YES,ASR_GLOBAL_SYLLABLES,NO,NO,YES,UNKNOWN,Q2_TRANSFORMED_QUERY_STILL_UNREACHABLE,MODEL2_TRANSFORM_NOT_TARGET_REACHABLE,PASS,PASS,PASS,FAIL,Transform existed but first-pass pinyin still not target-reachable (compound/wrong-profile/partial)
p2_u003_005,CORRECT_PROFILE,学生处,,,ASR_GLOBAL_SYLLABLES_SLICE(code),,,NO,eng_en,,,NO,NO,YES,YES,YES,ASR_GLOBAL_SYLLABLES,NO,NO,UNKNOWN,UNKNOWN,Q6_NO_REUSABLE_FIRST_PASS_QUERY,NO_MODEL2_TRANSFORM_OR_UNREACHABLE_FIRST_PASS,FAIL,FAIL,FAIL,FAIL,No target-reachable first-pass Model2 query evidence
p2_u003_005,WRONG_PROFILE,学生处,,,ASR_GLOBAL_SYLLABLES_SLICE(code),,,YES,eng_en,TRANSFORM_EXISTED_TRACE_PARTIAL,,NO,NO,YES,YES,YES,ASR_GLOBAL_SYLLABLES,NO,NO,UNKNOWN,UNKNOWN,Q2_TRANSFORMED_QUERY_STILL_UNREACHABLE,MODEL2_TRANSFORM_NOT_TARGET_REACHABLE,PASS,PASS,FAIL,FAIL,Transform existed but first-pass pinyin still not target-reachable (compound/wrong-profile/partial)
p2_u003_006,CORRECT_PROFILE,承办方,cheng|ban|fang,"我先核对陈办方全任无误后,再把结果发布。 如果发给你这样两边都省事",ASR_GLOBAL_SYLLABLES_SLICE(code),核对陈,"[2,3,2]",YES,eng_en,he|dui|cheng,PINYIN_YES_TONE_NO,YES,YES,YES,YES,YES,ASR_GLOBAL_SYLLABLES,NO,NO,YES,YES,Q1_MODEL2_QUERY_EVIDENCE_LOST,materializeProfileHits→Stage2_ASR_globalSyllables_rebuild,PASS,PASS,PASS,FAIL,First-pass Model2 pinyin target-reachable (Tone was blocker or Gate-E E5); Stage2 rebuilds ASR-space query; no transform reuse
p2_u003_006,WRONG_PROFILE,承办方,cheng|ban|fang,"我先核对陈办方全任无误后,再把结果发布。 如果发给你这样两边都省事",ASR_GLOBAL_SYLLABLES_SLICE(code),这样两,"[3,3,2]",YES,eng_en,zhe|yang|niang,NO,NO,NO,YES,YES,YES,ASR_GLOBAL_SYLLABLES,NO,NO,YES,UNKNOWN,Q2_TRANSFORMED_QUERY_STILL_UNREACHABLE,MODEL2_TRANSFORM_NOT_TARGET_REACHABLE,PASS,PASS,PASS,FAIL,Transform existed but first-pass pinyin still not target-reachable (compound/wrong-profile/partial)
p2_u003_008,CORRECT_PROFILE,正常化,zheng|chang|hua,行程里关于真常化的部分请再确认一遍,ASR_GLOBAL_SYLLABLES_SLICE(code),关于真,"[2,2,2]",YES,eng_en,guan|yu|zheng,PINYIN_YES_TONE_NO,YES,YES,YES,YES,YES,ASR_GLOBAL_SYLLABLES,NO,NO,YES,YES,Q1_MODEL2_QUERY_EVIDENCE_LOST,materializeProfileHits→Stage2_ASR_globalSyllables_rebuild,PASS,PASS,PASS,FAIL,First-pass Model2 pinyin target-reachable (Tone was blocker or Gate-E E5); Stage2 rebuilds ASR-space query; no transform reuse
p2_u003_008,WRONG_PROFILE,正常化,zheng|chang|hua,行程里关于真常化的部分请再确认一遍,ASR_GLOBAL_SYLLABLES_SLICE(code),行程里,"[2,2,4]",YES,eng_en,xin|cheng|li,NO,NO,NO,YES,YES,YES,ASR_GLOBAL_SYLLABLES,NO,NO,YES,UNKNOWN,Q2_TRANSFORMED_QUERY_STILL_UNREACHABLE,MODEL2_TRANSFORM_NOT_TARGET_REACHABLE,PASS,PASS,PASS,FAIL,Transform existed but first-pass pinyin still not target-reachable (compound/wrong-profile/partial)
p2_u003_009,CORRECT_PROFILE,冷萃液,,,ASR_GLOBAL_SYLLABLES_SLICE(code),,,NO,eng_en,,,NO,NO,YES,YES,YES,ASR_GLOBAL_SYLLABLES,NO,NO,UNKNOWN,UNKNOWN,Q6_NO_REUSABLE_FIRST_PASS_QUERY,NO_MODEL2_TRANSFORM_OR_UNREACHABLE_FIRST_PASS,FAIL,FAIL,FAIL,FAIL,No target-reachable first-pass Model2 query evidence
p2_u003_009,WRONG_PROFILE,冷萃液,,,ASR_GLOBAL_SYLLABLES_SLICE(code),,,YES,eng_en,TRANSFORM_EXISTED_TRACE_PARTIAL,,NO,NO,YES,YES,YES,ASR_GLOBAL_SYLLABLES,NO,NO,UNKNOWN,UNKNOWN,Q2_TRANSFORMED_QUERY_STILL_UNREACHABLE,MODEL2_TRANSFORM_NOT_TARGET_REACHABLE,PASS,PASS,FAIL,FAIL,Transform existed but first-pass pinyin still not target-reachable (compound/wrong-profile/partial)
p2_u003_010,CORRECT_PROFILE,智能机,zhi|neng|ji,"行程里,关于智能计的部分请再确认一遍",ASR_GLOBAL_SYLLABLES_SLICE(code),的部分,"[4,3,3]",YES,eng_en,de|bu|feng,NO,NO,NO,YES,YES,YES,ASR_GLOBAL_SYLLABLES,NO,NO,YES,UNKNOWN,Q2_TRANSFORMED_QUERY_STILL_UNREACHABLE,MODEL2_TRANSFORM_NOT_TARGET_REACHABLE,PASS,PASS,PASS,FAIL,Transform existed but first-pass pinyin still not target-reachable (compound/wrong-profile/partial)
p2_u003_010,WRONG_PROFILE,智能机,zhi|neng|ji,"行程里,关于智能计的部分请再确认一遍",ASR_GLOBAL_SYLLABLES_SLICE(code),行程里,"[2,2,3]",YES,eng_en,xin|cheng|li,NO,NO,NO,YES,YES,YES,ASR_GLOBAL_SYLLABLES,NO,NO,YES,UNKNOWN,Q2_TRANSFORMED_QUERY_STILL_UNREACHABLE,MODEL2_TRANSFORM_NOT_TARGET_REACHABLE,PASS,PASS,PASS,FAIL,Transform existed but first-pass pinyin still not target-reachable (compound/wrong-profile/partial)
p2_u003_013,CORRECT_PROFILE,逃生图,tao|sheng|tu,或佳有逃甚途,ASR_GLOBAL_SYLLABLES_SLICE(code),有逃甚,"[3,2,3]",YES,eng_en,you|tao|sheng,PINYIN_YES_TONE_NO,YES,YES,YES,YES,YES,ASR_GLOBAL_SYLLABLES,NO,NO,YES,YES,Q1_MODEL2_QUERY_EVIDENCE_LOST,materializeProfileHits→Stage2_ASR_globalSyllables_rebuild,PASS,PASS,PASS,FAIL,First-pass Model2 pinyin target-reachable (Tone was blocker or Gate-E E5); Stage2 rebuilds ASR-space query; no transform reuse
p2_u003_013,WRONG_PROFILE,逃生图,tao|sheng|tu,,ASR_GLOBAL_SYLLABLES_SLICE(code),,,YES,eng_en,,,NO,NO,YES,YES,YES,ASR_GLOBAL_SYLLABLES,NO,NO,YES,UNKNOWN,Q6_NO_REUSABLE_FIRST_PASS_QUERY,NO_MODEL2_TRANSFORM_OR_UNREACHABLE_FIRST_PASS,PASS_NO_ACTION,FAIL,FAIL,FAIL,No target-reachable first-pass Model2 query evidence
p2_u003_014,CORRECT_PROFILE,糖浆泵,tang|jiang|beng,请把糖降笨的库存数量同步到系统,ASR_GLOBAL_SYLLABLES_SLICE(code),糖降笨,"[2,4,3]",YES,eng_en,tang|jiang|beng,PINYIN_YES_TONE_NO,YES,YES,YES,YES,YES,ASR_GLOBAL_SYLLABLES,NO,NO,YES,YES,Q1_MODEL2_QUERY_EVIDENCE_LOST,materializeProfileHits→Stage2_ASR_globalSyllables_rebuild,PASS,PASS,PASS,FAIL,First-pass Model2 pinyin target-reachable (Tone was blocker or Gate-E E5); Stage2 rebuilds ASR-space query; no transform reuse
p2_u003_014,WRONG_PROFILE,糖浆泵,tang|jiang|beng,请把糖降笨的库存数量同步到系统,ASR_GLOBAL_SYLLABLES_SLICE(code),请把糖,"[3,4,2]",YES,eng_en,qin|ba|tang,NO,NO,NO,YES,YES,YES,ASR_GLOBAL_SYLLABLES,NO,NO,YES,UNKNOWN,Q2_TRANSFORMED_QUERY_STILL_UNREACHABLE,MODEL2_TRANSFORM_NOT_TARGET_REACHABLE,PASS,PASS,PASS,FAIL,Transform existed but first-pass pinyin still not target-reachable (compound/wrong-profile/partial)
p2_u003_015,CORRECT_PROFILE,电热壶,dian|re|hu,"秦八定,但里和电热服相关的被诛写清楚",ASR_GLOBAL_SYLLABLES_SLICE(code),电热服,"[2,4,2]",YES,h_f,dian|re|hu,PINYIN_YES_TONE_NO,YES,YES,YES,YES,YES,ASR_GLOBAL_SYLLABLES,NO,NO,YES,YES,Q1_MODEL2_QUERY_EVIDENCE_LOST,materializeProfileHits→Stage2_ASR_globalSyllables_rebuild,PASS,PASS,PASS,FAIL,First-pass Model2 pinyin target-reachable (Tone was blocker or Gate-E E5); Stage2 rebuilds ASR-space query; no transform reuse
p2_u003_015,WRONG_PROFILE,电热壶,dian|re|hu,"秦八定,但里和电热服相关的被诛写清楚",ASR_GLOBAL_SYLLABLES_SLICE(code),秦八定,"[3,2,3]",YES,h_f,qin|ba|din,NO,NO,NO,YES,YES,YES,ASR_GLOBAL_SYLLABLES,NO,NO,YES,UNKNOWN,Q2_TRANSFORMED_QUERY_STILL_UNREACHABLE,MODEL2_TRANSFORM_NOT_TARGET_REACHABLE,PASS,PASS,PASS,FAIL,Transform existed but first-pass pinyin still not target-reachable (compound/wrong-profile/partial)
p2_u003_016,CORRECT_PROFILE,换乘,huan|cheng,"今天,想试试和翻成大配的套餐",ASR_GLOBAL_SYLLABLES_SLICE(code),和翻,"[2,1]",YES,h_f,he|han,NO,NO,NO,YES,YES,YES,ASR_GLOBAL_SYLLABLES,NO,NO,YES,UNKNOWN,Q2_TRANSFORMED_QUERY_STILL_UNREACHABLE,MODEL2_TRANSFORM_NOT_TARGET_REACHABLE,PASS,PASS,PASS,FAIL,Transform existed but first-pass pinyin still not target-reachable (compound/wrong-profile/partial)
p2_u003_016,WRONG_PROFILE,换乘,,,ASR_GLOBAL_SYLLABLES_SLICE(code),,,YES,h_f,,,NO,NO,YES,YES,YES,ASR_GLOBAL_SYLLABLES,NO,NO,UNKNOWN,UNKNOWN,Q6_NO_REUSABLE_FIRST_PASS_QUERY,NO_MODEL2_TRANSFORM_OR_UNREACHABLE_FIRST_PASS,PASS_NO_ACTION,FAIL,FAIL,FAIL,No target-reachable first-pass Model2 query evidence
p2_u003_017,CORRECT_PROFILE,护士长,hu|shi|zhang,"如果厨房还来得急请,把副市场和主菜一起商并被注清单少盐。",ASR_GLOBAL_SYLLABLES_SLICE(code),果厨房,"[4,2,2]",YES,h_f,guo|chu|hang,NO,NO,NO,YES,YES,YES,ASR_GLOBAL_SYLLABLES,NO,NO,YES,UNKNOWN,Q2_TRANSFORMED_QUERY_STILL_UNREACHABLE,MODEL2_TRANSFORM_NOT_TARGET_REACHABLE,PASS,PASS,PASS,FAIL,Transform existed but first-pass pinyin still not target-reachable (compound/wrong-profile/partial)
p2_u003_017,WRONG_PROFILE,护士长,hu|shi|zhang,"如果厨房还来得急请,把副市场和主菜一起商并被注清单少盐。",ASR_GLOBAL_SYLLABLES_SLICE(code),房还来,"[2,4,2]",YES,h_f,fang|hai|nai,NO,NO,NO,YES,YES,YES,ASR_GLOBAL_SYLLABLES,NO,NO,YES,UNKNOWN,Q2_TRANSFORMED_QUERY_STILL_UNREACHABLE,MODEL2_TRANSFORM_NOT_TARGET_REACHABLE,PASS,PASS,PASS,FAIL,Transform existed but first-pass pinyin still not target-reachable (compound/wrong-profile/partial)
p2_u003_018,CORRECT_PROFILE,豪华房,,,ASR_GLOBAL_SYLLABLES_SLICE(code),,,NO,h_f,,,NO,NO,YES,YES,YES,ASR_GLOBAL_SYLLABLES,NO,NO,UNKNOWN,UNKNOWN,Q6_NO_REUSABLE_FIRST_PASS_QUERY,NO_MODEL2_TRANSFORM_OR_UNREACHABLE_FIRST_PASS,FAIL,FAIL,FAIL,FAIL,No target-reachable first-pass Model2 query evidence
p2_u003_018,WRONG_PROFILE,豪华房,,,ASR_GLOBAL_SYLLABLES_SLICE(code),,,YES,h_f,TRANSFORM_EXISTED_TRACE_PARTIAL,,NO,NO,YES,YES,YES,ASR_GLOBAL_SYLLABLES,NO,NO,UNKNOWN,UNKNOWN,Q2_TRANSFORMED_QUERY_STILL_UNREACHABLE,MODEL2_TRANSFORM_NOT_TARGET_REACHABLE,PASS,PASS,FAIL,FAIL,Transform existed but first-pass pinyin still not target-reachable (compound/wrong-profile/partial)
p2_u003_019,CORRECT_PROFILE,馄饨,,,ASR_GLOBAL_SYLLABLES_SLICE(code),,,NO,h_f,,,NO,NO,YES,YES,YES,ASR_GLOBAL_SYLLABLES,NO,NO,UNKNOWN,UNKNOWN,Q6_NO_REUSABLE_FIRST_PASS_QUERY,NO_MODEL2_TRANSFORM_OR_UNREACHABLE_FIRST_PASS,FAIL,FAIL,FAIL,FAIL,No target-reachable first-pass Model2 query evidence
p2_u003_019,WRONG_PROFILE,馄饨,hun|tun,并立写了粉囤,ASR_GLOBAL_SYLLABLES_SLICE(code),并立,"[4,3]",YES,h_f,bin|li,NO,NO,NO,YES,YES,YES,ASR_GLOBAL_SYLLABLES,NO,NO,YES,UNKNOWN,Q2_TRANSFORMED_QUERY_STILL_UNREACHABLE,MODEL2_TRANSFORM_NOT_TARGET_REACHABLE,PASS,PASS,PASS,FAIL,Transform existed but first-pass pinyin still not target-reachable (compound/wrong-profile/partial)
p2_u003_020,CORRECT_PROFILE,候会区,,,ASR_GLOBAL_SYLLABLES_SLICE(code),,,YES,h_f,TRANSFORM_EXISTED_TRACE_PARTIAL,,NO,NO,YES,YES,YES,ASR_GLOBAL_SYLLABLES,NO,NO,UNKNOWN,UNKNOWN,Q2_TRANSFORMED_QUERY_STILL_UNREACHABLE,MODEL2_TRANSFORM_NOT_TARGET_REACHABLE,PASS,PASS,FAIL,FAIL,Transform existed but first-pass pinyin still not target-reachable (compound/wrong-profile/partial)
p2_u003_020,WRONG_PROFILE,候会区,,,ASR_GLOBAL_SYLLABLES_SLICE(code),,,YES,h_f,TRANSFORM_EXISTED_TRACE_PARTIAL,,NO,NO,YES,YES,YES,ASR_GLOBAL_SYLLABLES,NO,NO,UNKNOWN,UNKNOWN,Q2_TRANSFORMED_QUERY_STILL_UNREACHABLE,MODEL2_TRANSFORM_NOT_TARGET_REACHABLE,PASS,PASS,FAIL,FAIL,Transform existed but first-pass pinyin still not target-reachable (compound/wrong-profile/partial)
p2_u003_021,CORRECT_PROFILE,温控壶,,,ASR_GLOBAL_SYLLABLES_SLICE(code),,,NO,h_f,,,NO,NO,YES,YES,YES,ASR_GLOBAL_SYLLABLES,NO,NO,UNKNOWN,UNKNOWN,Q6_NO_REUSABLE_FIRST_PASS_QUERY,NO_MODEL2_TRANSFORM_OR_UNREACHABLE_FIRST_PASS,FAIL,FAIL,FAIL,FAIL,No target-reachable first-pass Model2 query evidence
p2_u003_021,WRONG_PROFILE,温控壶,wen|kong|hu,护士站提醒 患者准备好温控服相关材料,ASR_GLOBAL_SYLLABLES_SLICE(code),站提醒,"[3,2,3]",YES,h_f,zhan|ti|xin,NO,NO,NO,YES,YES,YES,ASR_GLOBAL_SYLLABLES,NO,NO,YES,UNKNOWN,Q2_TRANSFORMED_QUERY_STILL_UNREACHABLE,MODEL2_TRANSFORM_NOT_TARGET_REACHABLE,PASS,PASS,PASS,FAIL,Transform existed but first-pass pinyin still not target-reachable (compound/wrong-profile/partial)
p2_u003_022,CORRECT_PROFILE,集合区,ji|he|qu,麻烦你帮我核对这份关于集佛趣的说明,ASR_GLOBAL_SYLLABLES_SLICE(code),麻烦你,"[2,3,4]",YES,h_f,ma|han|ni,NO,NO,NO,YES,YES,YES,ASR_GLOBAL_SYLLABLES,NO,NO,YES,UNKNOWN,Q2_TRANSFORMED_QUERY_STILL_UNREACHABLE,MODEL2_TRANSFORM_NOT_TARGET_REACHABLE,PASS,PASS,PASS,FAIL,Transform existed but first-pass pinyin still not target-reachable (compound/wrong-profile/partial)
p2_u003_022,WRONG_PROFILE,集合区,ji|he|qu,麻烦你帮我核对这份关于集佛趣的说明,ASR_GLOBAL_SYLLABLES_SLICE(code),的说明,"[3,3,2]",YES,h_f,de|shuo|min,NO,NO,NO,YES,YES,YES,ASR_GLOBAL_SYLLABLES,NO,NO,YES,UNKNOWN,Q2_TRANSFORMED_QUERY_STILL_UNREACHABLE,MODEL2_TRANSFORM_NOT_TARGET_REACHABLE,PASS,PASS,PASS,FAIL,Transform existed but first-pass pinyin still not target-reachable (compound/wrong-profile/partial)
p2_u003_023,CORRECT_PROFILE,河谷区,he|gu|qu,如果方便的话请你把佛国佛教教授提醒 再说明一遍我好做最终确认,ASR_GLOBAL_SYLLABLES_SLICE(code),如果方,"[4,4,2]",YES,h_f,ru|guo|hang,NO,NO,NO,YES,YES,YES,ASR_GLOBAL_SYLLABLES,NO,NO,YES,UNKNOWN,Q2_TRANSFORMED_QUERY_STILL_UNREACHABLE,MODEL2_TRANSFORM_NOT_TARGET_REACHABLE,PASS,PASS,PASS,FAIL,Transform existed but first-pass pinyin still not target-reachable (compound/wrong-profile/partial)
p2_u003_023,WRONG_PROFILE,河谷区,he|gu|qu,如果方便的话请你把佛国佛教教授提醒 再说明一遍我好做最终确认,ASR_GLOBAL_SYLLABLES_SLICE(code),的话请,"[4,4,3]",YES,h_f,de|hua|qin,NO,NO,NO,YES,YES,YES,ASR_GLOBAL_SYLLABLES,NO,NO,YES,UNKNOWN,Q2_TRANSFORMED_QUERY_STILL_UNREACHABLE,MODEL2_TRANSFORM_NOT_TARGET_REACHABLE,PASS,PASS,PASS,FAIL,Transform existed but first-pass pinyin still not target-reachable (compound/wrong-profile/partial)
p2_u003_024,CORRECT_PROFILE,候机厅,hou|ji|ting,"我先和对方击听全任无误后,再把结果分开。 如果发给你这样两遍都省事",ASR_GLOBAL_SYLLABLES_SLICE(code),和对方,"[2,2,4]",YES,h_f,he|dui|hang,NO,NO,NO,YES,YES,YES,ASR_GLOBAL_SYLLABLES,NO,NO,YES,UNKNOWN,Q2_TRANSFORMED_QUERY_STILL_UNREACHABLE,MODEL2_TRANSFORM_NOT_TARGET_REACHABLE,PASS,PASS,PASS,FAIL,Transform existed but first-pass pinyin still not target-reachable (compound/wrong-profile/partial)
p2_u003_024,WRONG_PROFILE,候机厅,hou|ji|ting,"我先和对方击听全任无误后,再把结果分开。 如果发给你这样两遍都省事",ASR_GLOBAL_SYLLABLES_SLICE(code),方击听,"[4,1,1]",YES,h_f,fang|ji|tin,NO,NO,NO,YES,YES,YES,ASR_GLOBAL_SYLLABLES,NO,NO,YES,UNKNOWN,Q2_TRANSFORMED_QUERY_STILL_UNREACHABLE,MODEL2_TRANSFORM_NOT_TARGET_REACHABLE,PASS,PASS,PASS,FAIL,Transform existed but first-pass pinyin still not target-reachable (compound/wrong-profile/partial)
p2_u003_032,CORRECT_PROFILE,蜂蜜浆,,,ASR_GLOBAL_SYLLABLES_SLICE(code),,,NO,eng_en,,,NO,NO,YES,YES,YES,ASR_GLOBAL_SYLLABLES,NO,NO,UNKNOWN,UNKNOWN,Q6_NO_REUSABLE_FIRST_PASS_QUERY,NO_MODEL2_TRANSFORM_OR_UNREACHABLE_FIRST_PASS,FAIL,FAIL,FAIL,FAIL,No target-reachable first-pass Model2 query evidence
p2_u003_032,WRONG_PROFILE,蜂蜜浆,,,ASR_GLOBAL_SYLLABLES_SLICE(code),,,YES,eng_en,,,NO,NO,YES,YES,YES,ASR_GLOBAL_SYLLABLES,NO,NO,UNKNOWN,UNKNOWN,Q6_NO_REUSABLE_FIRST_PASS_QUERY,NO_MODEL2_TRANSFORM_OR_UNREACHABLE_FIRST_PASS,PASS_NO_ACTION,FAIL,FAIL,FAIL,No target-reachable first-pass Model2 query evidence
p2_u003_033,CORRECT_PROFILE,蒸汽棒,zheng|qi|bang,今天想试试合振器棒搭配的套餐,ASR_GLOBAL_SYLLABLES_SLICE(code),试合振,"[2,2,3]",YES,eng_en,shi|he|zheng,PINYIN_YES_TONE_NO,YES,YES,YES,YES,YES,ASR_GLOBAL_SYLLABLES,NO,NO,YES,YES,Q1_MODEL2_QUERY_EVIDENCE_LOST,materializeProfileHits→Stage2_ASR_globalSyllables_rebuild,PASS,PASS,PASS,FAIL,First-pass Model2 pinyin target-reachable (Tone was blocker or Gate-E E5); Stage2 rebuilds ASR-space query; no transform reuse
p2_u003_033,WRONG_PROFILE,蒸汽棒,zheng|qi|bang,,ASR_GLOBAL_SYLLABLES_SLICE(code),,,YES,eng_en,,,NO,NO,YES,YES,YES,ASR_GLOBAL_SYLLABLES,NO,NO,YES,UNKNOWN,Q6_NO_REUSABLE_FIRST_PASS_QUERY,NO_MODEL2_TRANSFORM_OR_UNREACHABLE_FIRST_PASS,PASS_NO_ACTION,FAIL,FAIL,FAIL,No target-reachable first-pass Model2 query evidence
p2_u003_034,CORRECT_PROFILE,千层酥,qian|ceng|su,请把订单里和签陈素相关的被注写清楚,ASR_GLOBAL_SYLLABLES_SLICE(code),和签陈,"[2,1,2]",YES,eng_en,he|qian|cheng,NO,NO,NO,YES,YES,YES,ASR_GLOBAL_SYLLABLES,NO,NO,YES,UNKNOWN,Q2_TRANSFORMED_QUERY_STILL_UNREACHABLE,MODEL2_TRANSFORM_NOT_TARGET_REACHABLE,PASS,PASS,PASS,FAIL,Transform existed but first-pass pinyin still not target-reachable (compound/wrong-profile/partial)
p2_u003_034,WRONG_PROFILE,千层酥,qian|ceng|su,请把订单里和签陈素相关的被注写清楚,ASR_GLOBAL_SYLLABLES_SLICE(code),请把订,"[3,2,3]",YES,eng_en,qin|ba|din,NO,NO,NO,YES,YES,YES,ASR_GLOBAL_SYLLABLES,NO,NO,YES,UNKNOWN,Q2_TRANSFORMED_QUERY_STILL_UNREACHABLE,MODEL2_TRANSFORM_NOT_TARGET_REACHABLE,PASS,PASS,PASS,FAIL,Transform existed but first-pass pinyin still not target-reachable (compound/wrong-profile/partial)
p2_u003_035,CORRECT_PROFILE,召回率,,,ASR_GLOBAL_SYLLABLES_SLICE(code),,,NO,h_f,,,NO,NO,YES,YES,YES,ASR_GLOBAL_SYLLABLES,NO,NO,UNKNOWN,UNKNOWN,Q6_NO_REUSABLE_FIRST_PASS_QUERY,NO_MODEL2_TRANSFORM_OR_UNREACHABLE_FIRST_PASS,FAIL,FAIL,FAIL,FAIL,No target-reachable first-pass Model2 query evidence
p2_u003_035,WRONG_PROFILE,召回率,,,ASR_GLOBAL_SYLLABLES_SLICE(code),,,YES,h_f,TRANSFORM_EXISTED_TRACE_PARTIAL,,NO,NO,YES,YES,YES,ASR_GLOBAL_SYLLABLES,NO,NO,UNKNOWN,UNKNOWN,Q2_TRANSFORMED_QUERY_STILL_UNREACHABLE,MODEL2_TRANSFORM_NOT_TARGET_REACHABLE,PASS,PASS,FAIL,FAIL,Transform existed but first-pass pinyin still not target-reachable (compound/wrong-profile/partial)
p2_u003_036,CORRECT_PROFILE,候车室,,,ASR_GLOBAL_SYLLABLES_SLICE(code),,,NO,h_f,,,NO,NO,YES,YES,YES,ASR_GLOBAL_SYLLABLES,NO,NO,UNKNOWN,UNKNOWN,Q6_NO_REUSABLE_FIRST_PASS_QUERY,NO_MODEL2_TRANSFORM_OR_UNREACHABLE_FIRST_PASS,FAIL,FAIL,FAIL,FAIL,No target-reachable first-pass Model2 query evidence
p2_u003_036,WRONG_PROFILE,候车室,hou|che|shi,我们险确认负车是在决定是否改迁 如果改迁请同不同志司机于前台,ASR_GLOBAL_SYLLABLES_SLICE(code),在决定,"[3,3,4]",YES,h_f,zai|jue|din,NO,NO,NO,YES,YES,YES,ASR_GLOBAL_SYLLABLES,NO,NO,YES,UNKNOWN,Q2_TRANSFORMED_QUERY_STILL_UNREACHABLE,MODEL2_TRANSFORM_NOT_TARGET_REACHABLE,PASS,PASS,PASS,FAIL,Transform existed but first-pass pinyin still not target-reachable (compound/wrong-profile/partial)
p2_u003_037,CORRECT_PROFILE,醇厚,,,ASR_GLOBAL_SYLLABLES_SLICE(code),,,NO,h_f,,,NO,NO,YES,YES,YES,ASR_GLOBAL_SYLLABLES,NO,NO,UNKNOWN,UNKNOWN,Q6_NO_REUSABLE_FIRST_PASS_QUERY,NO_MODEL2_TRANSFORM_OR_UNREACHABLE_FIRST_PASS,FAIL,FAIL,FAIL,FAIL,No target-reachable first-pass Model2 query evidence
p2_u003_037,WRONG_PROFILE,醇厚,,,ASR_GLOBAL_SYLLABLES_SLICE(code),,,YES,h_f,,,NO,NO,YES,YES,YES,ASR_GLOBAL_SYLLABLES,NO,NO,UNKNOWN,UNKNOWN,Q6_NO_REUSABLE_FIRST_PASS_QUERY,NO_MODEL2_TRANSFORM_OR_UNREACHABLE_FIRST_PASS,PASS_NO_ACTION,FAIL,FAIL,FAIL,No target-reachable first-pass Model2 query evidence
p2_u003_038,CORRECT_PROFILE,风景点,,,ASR_GLOBAL_SYLLABLES_SLICE(code),,,YES,eng_en,TRANSFORM_EXISTED_TRACE_PARTIAL,,NO,NO,YES,YES,YES,ASR_GLOBAL_SYLLABLES,NO,NO,UNKNOWN,UNKNOWN,Q2_TRANSFORMED_QUERY_STILL_UNREACHABLE,MODEL2_TRANSFORM_NOT_TARGET_REACHABLE,PASS,PASS,FAIL,FAIL,Transform existed but first-pass pinyin still not target-reachable (compound/wrong-profile/partial)
p2_u003_038,WRONG_PROFILE,风景点,feng|jing|dian,护士站提醒欢者准备好分景点相关材料,ASR_GLOBAL_SYLLABLES_SLICE(code),站提醒,"[3,2,3]",YES,eng_en,zhan|ti|xin,NO,NO,NO,YES,YES,YES,ASR_GLOBAL_SYLLABLES,NO,NO,YES,UNKNOWN,Q2_TRANSFORMED_QUERY_STILL_UNREACHABLE,MODEL2_TRANSFORM_NOT_TARGET_REACHABLE,PASS,PASS,PASS,FAIL,Transform existed but first-pass pinyin still not target-reachable (compound/wrong-profile/partial)
p2_u003_039,CORRECT_PROFILE,换乘站,,,ASR_GLOBAL_SYLLABLES_SLICE(code),,,YES,eng_en,TRANSFORM_EXISTED_TRACE_PARTIAL,,NO,NO,YES,YES,YES,ASR_GLOBAL_SYLLABLES,NO,NO,UNKNOWN,UNKNOWN,Q2_TRANSFORMED_QUERY_STILL_UNREACHABLE,MODEL2_TRANSFORM_NOT_TARGET_REACHABLE,PASS,PASS,FAIL,FAIL,Transform existed but first-pass pinyin still not target-reachable (compound/wrong-profile/partial)
p2_u003_039,WRONG_PROFILE,换乘站,huan|cheng|zhan,护士站提醒 患者准备好换陈站相关材料,ASR_GLOBAL_SYLLABLES_SLICE(code),站提醒,"[3,2,3]",YES,eng_en,zhan|ti|xin,NO,NO,NO,YES,YES,YES,ASR_GLOBAL_SYLLABLES,NO,NO,YES,UNKNOWN,Q2_TRANSFORMED_QUERY_STILL_UNREACHABLE,MODEL2_TRANSFORM_NOT_TARGET_REACHABLE,PASS,PASS,PASS,FAIL,Transform existed but first-pass pinyin still not target-reachable (compound/wrong-profile/partial)
p2_u003_040,CORRECT_PROFILE,橙片,,,ASR_GLOBAL_SYLLABLES_SLICE(code),,,NO,eng_en,,,NO,NO,YES,YES,YES,ASR_GLOBAL_SYLLABLES,NO,NO,UNKNOWN,UNKNOWN,Q6_NO_REUSABLE_FIRST_PASS_QUERY,NO_MODEL2_TRANSFORM_OR_UNREACHABLE_FIRST_PASS,FAIL,FAIL,FAIL,FAIL,No target-reachable first-pass Model2 query evidence
p2_u003_040,WRONG_PROFILE,橙片,cheng|pian,护士站提醒 患者准备好成片相关材料,ASR_GLOBAL_SYLLABLES_SLICE(code),提醒,"[2,3]",YES,eng_en,ti|xin,NO,NO,NO,YES,YES,YES,ASR_GLOBAL_SYLLABLES,NO,NO,YES,UNKNOWN,Q2_TRANSFORMED_QUERY_STILL_UNREACHABLE,MODEL2_TRANSFORM_NOT_TARGET_REACHABLE,PASS,PASS,PASS,FAIL,Transform existed but first-pass pinyin still not target-reachable (compound/wrong-profile/partial)
p2_u004_001,WRONG_PROFILE,生成,,,ASR_GLOBAL_SYLLABLES_SLICE(code),,,YES,ch_c,,,NO,NO,YES,YES,YES,ASR_GLOBAL_SYLLABLES,NO,NO,UNKNOWN,UNKNOWN,Q6_NO_REUSABLE_FIRST_PASS_QUERY,NO_MODEL2_TRANSFORM_OR_UNREACHABLE_FIRST_PASS,PASS_NO_ACTION,FAIL,FAIL,FAIL,No target-reachable first-pass Model2 query evidence
p2_u004_002,CORRECT_PROFILE,集成测试,ji|cheng|ce|shi,麻烦你帮我核对这份关于极层测试的说明,ASR_GLOBAL_SYLLABLES_SLICE(code),关于极层,"[3,2,1,3]",YES,ch_c,guan|yu|ji|cheng,NO,NO,NO,YES,YES,YES,ASR_GLOBAL_SYLLABLES,NO,NO,YES,UNKNOWN,Q2_TRANSFORMED_QUERY_STILL_UNREACHABLE,MODEL2_TRANSFORM_NOT_TARGET_REACHABLE,PASS,PASS,PASS,FAIL,Transform existed but first-pass pinyin still not target-reachable (compound/wrong-profile/partial)
p2_u004_002,WRONG_PROFILE,集成测试,ji|cheng|ce|shi,麻烦你帮我核对这份关于极层测试的说明,ASR_GLOBAL_SYLLABLES_SLICE(code),试的说明,"[3,4,3,2]",YES,ch_c,shi|de|shuo|min,NO,NO,NO,YES,YES,YES,ASR_GLOBAL_SYLLABLES,NO,NO,YES,UNKNOWN,Q2_TRANSFORMED_QUERY_STILL_UNREACHABLE,MODEL2_TRANSFORM_NOT_TARGET_REACHABLE,PASS,PASS,PASS,FAIL,Transform existed but first-pass pinyin still not target-reachable (compound/wrong-profile/partial)
p2_u004_003,CORRECT_PROFILE,机场,ji|chang,麻烦你帮我核对这份关于机舱的说明,ASR_GLOBAL_SYLLABLES_SLICE(code),机舱,"[1,4]",YES,ch_c,ji|chang,PINYIN_YES_TONE_NO,YES,YES,YES,YES,YES,ASR_GLOBAL_SYLLABLES,NO,NO,YES,YES,Q1_MODEL2_QUERY_EVIDENCE_LOST,materializeProfileHits→Stage2_ASR_globalSyllables_rebuild,PASS,PASS,PASS,FAIL,First-pass Model2 pinyin target-reachable (Tone was blocker or Gate-E E5); Stage2 rebuilds ASR-space query; no transform reuse
p2_u004_003,WRONG_PROFILE,机场,ji|chang,麻烦你帮我核对这份关于机舱的说明,ASR_GLOBAL_SYLLABLES_SLICE(code),说明,"[3,2]",YES,ch_c,shuo|min,NO,NO,NO,YES,YES,YES,ASR_GLOBAL_SYLLABLES,NO,NO,YES,UNKNOWN,Q2_TRANSFORMED_QUERY_STILL_UNREACHABLE,MODEL2_TRANSFORM_NOT_TARGET_REACHABLE,PASS,PASS,PASS,FAIL,Transform existed but first-pass pinyin still not target-reachable (compound/wrong-profile/partial)
p2_u004_004,CORRECT_PROFILE,大床,,,ASR_GLOBAL_SYLLABLES_SLICE(code),,,NO,ch_c,,,NO,NO,YES,YES,YES,ASR_GLOBAL_SYLLABLES,NO,NO,UNKNOWN,UNKNOWN,Q6_NO_REUSABLE_FIRST_PASS_QUERY,NO_MODEL2_TRANSFORM_OR_UNREACHABLE_FIRST_PASS,FAIL,FAIL,FAIL,FAIL,No target-reachable first-pass Model2 query evidence
p2_u004_004,WRONG_PROFILE,大床,,,ASR_GLOBAL_SYLLABLES_SLICE(code),,,YES,ch_c,,,NO,NO,YES,YES,YES,ASR_GLOBAL_SYLLABLES,NO,NO,UNKNOWN,UNKNOWN,Q6_NO_REUSABLE_FIRST_PASS_QUERY,NO_MODEL2_TRANSFORM_OR_UNREACHABLE_FIRST_PASS,PASS_NO_ACTION,FAIL,FAIL,FAIL,No target-reachable first-pass Model2 query evidence
p2_u004_005,CORRECT_PROFILE,检查法,jian|cha|fa,如果方便的话请你把剪裁器 在说明一遍我好做最终确认,ASR_GLOBAL_SYLLABLES_SLICE(code),把剪裁,"[1,4,2]",YES,ch_c,ba|jian|chai,NO,NO,NO,YES,YES,YES,ASR_GLOBAL_SYLLABLES,NO,NO,YES,UNKNOWN,Q2_TRANSFORMED_QUERY_STILL_UNREACHABLE,MODEL2_TRANSFORM_NOT_TARGET_REACHABLE,PASS,PASS,PASS,FAIL,Transform existed but first-pass pinyin still not target-reachable (compound/wrong-profile/partial)
p2_u004_005,WRONG_PROFILE,检查法,,,ASR_GLOBAL_SYLLABLES_SLICE(code),,,YES,ch_c,TRANSFORM_EXISTED_TRACE_PARTIAL,,NO,NO,YES,YES,YES,ASR_GLOBAL_SYLLABLES,NO,NO,UNKNOWN,UNKNOWN,Q2_TRANSFORMED_QUERY_STILL_UNREACHABLE,MODEL2_TRANSFORM_NOT_TARGET_REACHABLE,PASS,PASS,FAIL,FAIL,Transform existed but first-pass pinyin still not target-reachable (compound/wrong-profile/partial)
p2_u004_006,CORRECT_PROFILE,行李车,,,ASR_GLOBAL_SYLLABLES_SLICE(code),,,NO,ch_c,,,NO,NO,YES,YES,YES,ASR_GLOBAL_SYLLABLES,NO,NO,UNKNOWN,UNKNOWN,Q6_NO_REUSABLE_FIRST_PASS_QUERY,NO_MODEL2_TRANSFORM_OR_UNREACHABLE_FIRST_PASS,FAIL,FAIL,FAIL,FAIL,No target-reachable first-pass Model2 query evidence
p2_u004_006,WRONG_PROFILE,行李车,,,ASR_GLOBAL_SYLLABLES_SLICE(code),,,YES,ch_c,TRANSFORM_EXISTED_TRACE_PARTIAL,,NO,NO,YES,YES,YES,ASR_GLOBAL_SYLLABLES,NO,NO,UNKNOWN,UNKNOWN,Q2_TRANSFORMED_QUERY_STILL_UNREACHABLE,MODEL2_TRANSFORM_NOT_TARGET_REACHABLE,PASS,PASS,FAIL,FAIL,Transform existed but first-pass pinyin still not target-reachable (compound/wrong-profile/partial)
p2_u004_007,CORRECT_PROFILE,阳春面,,,ASR_GLOBAL_SYLLABLES_SLICE(code),,,NO,ch_c,,,NO,NO,YES,YES,YES,ASR_GLOBAL_SYLLABLES,NO,NO,UNKNOWN,UNKNOWN,Q6_NO_REUSABLE_FIRST_PASS_QUERY,NO_MODEL2_TRANSFORM_OR_UNREACHABLE_FIRST_PASS,FAIL,FAIL,FAIL,FAIL,No target-reachable first-pass Model2 query evidence
p2_u004_007,WRONG_PROFILE,阳春面,yang|chun|mian,我想了解羊脆面,ASR_GLOBAL_SYLLABLES_SLICE(code),我想了,"[3,3,1]",YES,ch_c,wo|xiang|niao,NO,NO,NO,YES,YES,YES,ASR_GLOBAL_SYLLABLES,NO,NO,YES,UNKNOWN,Q2_TRANSFORMED_QUERY_STILL_UNREACHABLE,MODEL2_TRANSFORM_NOT_TARGET_REACHABLE,PASS,PASS,PASS,FAIL,Transform existed but first-pass pinyin still not target-reachable (compound/wrong-profile/partial)
p2_u004_009,CORRECT_PROFILE,床头灯,chuang|tou|deng,请把藏头灯的库存数量同步到系统,ASR_GLOBAL_SYLLABLES_SLICE(code),请把藏,"[3,3,2]",YES,ch_c,qing|ba|chang,NO,NO,NO,YES,YES,YES,ASR_GLOBAL_SYLLABLES,NO,NO,YES,UNKNOWN,Q2_TRANSFORMED_QUERY_STILL_UNREACHABLE,MODEL2_TRANSFORM_NOT_TARGET_REACHABLE,PASS,PASS,PASS,FAIL,Transform existed but first-pass pinyin still not target-reachable (compound/wrong-profile/partial)
p2_u004_009,WRONG_PROFILE,床头灯,chuang|tou|deng,请把藏头灯的库存数量同步到系统,ASR_GLOBAL_SYLLABLES_SLICE(code),请把藏,"[3,3,2]",YES,ch_c,qin|ba|cang,NO,NO,NO,YES,YES,YES,ASR_GLOBAL_SYLLABLES,NO,NO,YES,UNKNOWN,Q2_TRANSFORMED_QUERY_STILL_UNREACHABLE,MODEL2_TRANSFORM_NOT_TARGET_REACHABLE,PASS,PASS,PASS,FAIL,Transform existed but first-pass pinyin still not target-reachable (compound/wrong-profile/partial)
p2_u004_010,CORRECT_PROFILE,行程图,,,ASR_GLOBAL_SYLLABLES_SLICE(code),,,NO,ch_c,,,NO,NO,YES,YES,YES,ASR_GLOBAL_SYLLABLES,NO,NO,UNKNOWN,UNKNOWN,Q6_NO_REUSABLE_FIRST_PASS_QUERY,NO_MODEL2_TRANSFORM_OR_UNREACHABLE_FIRST_PASS,FAIL,FAIL,FAIL,FAIL,No target-reachable first-pass Model2 query evidence
p2_u004_010,WRONG_PROFILE,行程图,xing|cheng|tu,顾客想了解行层图的保修与退换政策,ASR_GLOBAL_SYLLABLES_SLICE(code),客想了,"[4,1,1]",YES,ch_c,ke|xiang|niao,NO,NO,NO,YES,YES,YES,ASR_GLOBAL_SYLLABLES,NO,NO,YES,UNKNOWN,Q2_TRANSFORMED_QUERY_STILL_UNREACHABLE,MODEL2_TRANSFORM_NOT_TARGET_REACHABLE,PASS,PASS,PASS,FAIL,Transform existed but first-pass pinyin still not target-reachable (compound/wrong-profile/partial)
p2_u004_011,CORRECT_PROFILE,床位费,,,ASR_GLOBAL_SYLLABLES_SLICE(code),,,YES,ch_c,TRANSFORM_EXISTED_TRACE_PARTIAL,,NO,NO,YES,YES,YES,ASR_GLOBAL_SYLLABLES,NO,NO,UNKNOWN,UNKNOWN,Q2_TRANSFORMED_QUERY_STILL_UNREACHABLE,MODEL2_TRANSFORM_NOT_TARGET_REACHABLE,PASS,PASS,FAIL,FAIL,Transform existed but first-pass pinyin still not target-reachable (compound/wrong-profile/partial)
p2_u004_011,WRONG_PROFILE,床位费,,,ASR_GLOBAL_SYLLABLES_SLICE(code),,,YES,ch_c,TRANSFORM_EXISTED_TRACE_PARTIAL,,NO,NO,YES,YES,YES,ASR_GLOBAL_SYLLABLES,NO,NO,UNKNOWN,UNKNOWN,Q2_TRANSFORMED_QUERY_STILL_UNREACHABLE,MODEL2_TRANSFORM_NOT_TARGET_REACHABLE,PASS,PASS,FAIL,FAIL,Transform existed but first-pass pinyin still not target-reachable (compound/wrong-profile/partial)
p2_u004_012,CORRECT_PROFILE,城景房,,,ASR_GLOBAL_SYLLABLES_SLICE(code),,,YES,ch_c,TRANSFORM_EXISTED_TRACE_PARTIAL,,NO,NO,YES,YES,YES,ASR_GLOBAL_SYLLABLES,NO,NO,UNKNOWN,UNKNOWN,Q2_TRANSFORMED_QUERY_STILL_UNREACHABLE,MODEL2_TRANSFORM_NOT_TARGET_REACHABLE,PASS,PASS,FAIL,FAIL,Transform existed but first-pass pinyin still not target-reachable (compound/wrong-profile/partial)
p2_u004_012,WRONG_PROFILE,城景房,,,ASR_GLOBAL_SYLLABLES_SLICE(code),,,YES,ch_c,TRANSFORM_EXISTED_TRACE_PARTIAL,,NO,NO,YES,YES,YES,ASR_GLOBAL_SYLLABLES,NO,NO,UNKNOWN,UNKNOWN,Q2_TRANSFORMED_QUERY_STILL_UNREACHABLE,MODEL2_TRANSFORM_NOT_TARGET_REACHABLE,PASS,PASS,FAIL,FAIL,Transform existed but first-pass pinyin still not target-reachable (compound/wrong-profile/partial)
p2_u004_014,CORRECT_PROFILE,出杯口,,,ASR_GLOBAL_SYLLABLES_SLICE(code),,,NO,ch_c,,,NO,NO,YES,YES,YES,ASR_GLOBAL_SYLLABLES,NO,NO,UNKNOWN,UNKNOWN,Q6_NO_REUSABLE_FIRST_PASS_QUERY,NO_MODEL2_TRANSFORM_OR_UNREACHABLE_FIRST_PASS,FAIL,FAIL,FAIL,FAIL,No target-reachable first-pass Model2 query evidence
p2_u004_014,WRONG_PROFILE,出杯口,chu|bei|kou,形成里关于醋背口的部分请再确认一遍,ASR_GLOBAL_SYLLABLES_SLICE(code),形成里,"[2,2,3]",YES,ch_c,xin|cheng|li,NO,NO,NO,YES,YES,YES,ASR_GLOBAL_SYLLABLES,NO,NO,YES,UNKNOWN,Q2_TRANSFORMED_QUERY_STILL_UNREACHABLE,MODEL2_TRANSFORM_NOT_TARGET_REACHABLE,PASS,PASS,PASS,FAIL,Transform existed but first-pass pinyin still not target-reachable (compound/wrong-profile/partial)
p2_u004_015,CORRECT_PROFILE,奶黄酥,nai|huang|su,我们需要评估来 黄素对发布窗口的影响,ASR_GLOBAL_SYLLABLES_SLICE(code),评估来,"[2,3,4]",YES,n_l,ping|gu|nai,NO,NO,NO,YES,YES,YES,ASR_GLOBAL_SYLLABLES,NO,NO,YES,UNKNOWN,Q2_TRANSFORMED_QUERY_STILL_UNREACHABLE,MODEL2_TRANSFORM_NOT_TARGET_REACHABLE,PASS,PASS,PASS,FAIL,Transform existed but first-pass pinyin still not target-reachable (compound/wrong-profile/partial)
p2_u004_015,WRONG_PROFILE,奶黄酥,nai|huang|su,我们需要评估来 黄素对发布窗口的影响,ASR_GLOBAL_SYLLABLES_SLICE(code),黄素对,"[2,3,4]",YES,n_l,huang|shu|dui,NO,NO,NO,YES,YES,YES,ASR_GLOBAL_SYLLABLES,NO,NO,YES,UNKNOWN,Q2_TRANSFORMED_QUERY_STILL_UNREACHABLE,MODEL2_TRANSFORM_NOT_TARGET_REACHABLE,PASS,PASS,PASS,FAIL,Transform existed but first-pass pinyin still not target-reachable (compound/wrong-profile/partial)
p2_u004_016,CORRECT_PROFILE,心内科,,,ASR_GLOBAL_SYLLABLES_SLICE(code),,,YES,n_l,TRANSFORM_EXISTED_TRACE_PARTIAL,,NO,NO,YES,YES,YES,ASR_GLOBAL_SYLLABLES,NO,NO,UNKNOWN,UNKNOWN,Q2_TRANSFORMED_QUERY_STILL_UNREACHABLE,MODEL2_TRANSFORM_NOT_TARGET_REACHABLE,PASS,PASS,FAIL,FAIL,Transform existed but first-pass pinyin still not target-reachable (compound/wrong-profile/partial)
p2_u004_016,WRONG_PROFILE,心内科,xin|nei|ke,请在纪要里写清除性雷克的负责人和截止时间,ASR_GLOBAL_SYLLABLES_SLICE(code),和截止,"[2,2,4]",YES,n_l,he|jie|zi,NO,NO,NO,YES,YES,YES,ASR_GLOBAL_SYLLABLES,NO,NO,YES,UNKNOWN,Q2_TRANSFORMED_QUERY_STILL_UNREACHABLE,MODEL2_TRANSFORM_NOT_TARGET_REACHABLE,PASS,PASS,PASS,FAIL,Transform existed but first-pass pinyin still not target-reachable (compound/wrong-profile/partial)
p2_u004_017,CORRECT_PROFILE,柠檬片,,,ASR_GLOBAL_SYLLABLES_SLICE(code),,,YES,n_l,TRANSFORM_EXISTED_TRACE_PARTIAL,,NO,NO,YES,YES,YES,ASR_GLOBAL_SYLLABLES,NO,NO,UNKNOWN,UNKNOWN,Q2_TRANSFORMED_QUERY_STILL_UNREACHABLE,MODEL2_TRANSFORM_NOT_TARGET_REACHABLE,PASS,PASS,FAIL,FAIL,Transform existed but first-pass pinyin still not target-reachable (compound/wrong-profile/partial)
p2_u004_017,WRONG_PROFILE,柠檬片,,,ASR_GLOBAL_SYLLABLES_SLICE(code),,,YES,n_l,,,NO,NO,YES,YES,YES,ASR_GLOBAL_SYLLABLES,NO,NO,UNKNOWN,UNKNOWN,Q6_NO_REUSABLE_FIRST_PASS_QUERY,NO_MODEL2_TRANSFORM_OR_UNREACHABLE_FIRST_PASS,PASS_NO_ACTION,FAIL,FAIL,FAIL,No target-reachable first-pass Model2 query evidence
p2_u004_018,CORRECT_PROFILE,南瓜派,nan|gua|pai,如果兰卦拍还没闭环就线标记组色同时安排专人跟精病 在明天这儿 看回复盘,ASR_GLOBAL_SYLLABLES_SLICE(code),如果兰,"[4,4,2]",YES,n_l,ru|guo|nan,PINYIN_YES_TONE_NO,YES,YES,YES,YES,YES,ASR_GLOBAL_SYLLABLES,NO,NO,YES,YES,Q1_MODEL2_QUERY_EVIDENCE_LOST,materializeProfileHits→Stage2_ASR_globalSyllables_rebuild,PASS,PASS,PASS,FAIL,First-pass Model2 pinyin target-reachable (Tone was blocker or Gate-E E5); Stage2 rebuilds ASR-space query; no transform reuse
p2_u004_018,WRONG_PROFILE,南瓜派,nan|gua|pai,如果兰卦拍还没闭环就线标记组色同时安排专人跟精病 在明天这儿 看回复盘,ASR_GLOBAL_SYLLABLES_SLICE(code),记组色,"[4,3,3]",YES,n_l,ji|zu|she,NO,NO,NO,YES,YES,YES,ASR_GLOBAL_SYLLABLES,NO,NO,YES,UNKNOWN,Q2_TRANSFORMED_QUERY_STILL_UNREACHABLE,MODEL2_TRANSFORM_NOT_TARGET_REACHABLE,PASS,PASS,PASS,FAIL,Transform existed but first-pass pinyin still not target-reachable (compound/wrong-profile/partial)
p2_u004_019,CORRECT_PROFILE,地暖,di|nuan,请说明德鸾,ASR_GLOBAL_SYLLABLES_SLICE(code),德鸾,"[5,2]",YES,n_l,de|nuan,NO,NO,NO,YES,YES,YES,ASR_GLOBAL_SYLLABLES,NO,NO,YES,UNKNOWN,Q2_TRANSFORMED_QUERY_STILL_UNREACHABLE,MODEL2_TRANSFORM_NOT_TARGET_REACHABLE,PASS,PASS,PASS,FAIL,Transform existed but first-pass pinyin still not target-reachable (compound/wrong-profile/partial)
p2_u004_019,WRONG_PROFILE,地暖,,,ASR_GLOBAL_SYLLABLES_SLICE(code),,,YES,n_l,,,NO,NO,YES,YES,YES,ASR_GLOBAL_SYLLABLES,NO,NO,UNKNOWN,UNKNOWN,Q6_NO_REUSABLE_FIRST_PASS_QUERY,NO_MODEL2_TRANSFORM_OR_UNREACHABLE_FIRST_PASS,PASS_NO_ACTION,FAIL,FAIL,FAIL,No target-reachable first-pass Model2 query evidence
p2_u004_020,CORRECT_PROFILE,泌尿科,,,ASR_GLOBAL_SYLLABLES_SLICE(code),,,NO,n_l,,,NO,NO,YES,YES,YES,ASR_GLOBAL_SYLLABLES,NO,NO,UNKNOWN,UNKNOWN,Q6_NO_REUSABLE_FIRST_PASS_QUERY,NO_MODEL2_TRANSFORM_OR_UNREACHABLE_FIRST_PASS,FAIL,FAIL,FAIL,FAIL,No target-reachable first-pass Model2 query evidence
p2_u004_020,WRONG_PROFILE,泌尿科,mi|niao|ke,护士站提醒患者准备好泌尿克相关材料,ASR_GLOBAL_SYLLABLES_SLICE(code),护士站,"[4,4,3]",YES,n_l,hu|shi|zan,NO,NO,NO,YES,YES,YES,ASR_GLOBAL_SYLLABLES,NO,NO,YES,UNKNOWN,Q2_TRANSFORMED_QUERY_STILL_UNREACHABLE,MODEL2_TRANSFORM_NOT_TARGET_REACHABLE,PASS,PASS,PASS,FAIL,Transform existed but first-pass pinyin still not target-reachable (compound/wrong-profile/partial)
p2_u004_021,CORRECT_PROFILE,暖气片,,,ASR_GLOBAL_SYLLABLES_SLICE(code),,,YES,n_l,TRANSFORM_EXISTED_TRACE_PARTIAL,,NO,NO,YES,YES,YES,ASR_GLOBAL_SYLLABLES,NO,NO,UNKNOWN,UNKNOWN,Q2_TRANSFORMED_QUERY_STILL_UNREACHABLE,MODEL2_TRANSFORM_NOT_TARGET_REACHABLE,PASS,PASS,FAIL,FAIL,Transform existed but first-pass pinyin still not target-reachable (compound/wrong-profile/partial)
p2_u004_021,WRONG_PROFILE,暖气片,,,ASR_GLOBAL_SYLLABLES_SLICE(code),,,YES,n_l,TRANSFORM_EXISTED_TRACE_PARTIAL,,NO,NO,YES,YES,YES,ASR_GLOBAL_SYLLABLES,NO,NO,UNKNOWN,UNKNOWN,Q2_TRANSFORMED_QUERY_STILL_UNREACHABLE,MODEL2_TRANSFORM_NOT_TARGET_REACHABLE,PASS,PASS,FAIL,FAIL,Transform existed but first-pass pinyin still not target-reachable (compound/wrong-profile/partial)
p2_u004_022,CORRECT_PROFILE,迷你,,,ASR_GLOBAL_SYLLABLES_SLICE(code),,,YES,n_l,TRANSFORM_EXISTED_TRACE_PARTIAL,,NO,NO,YES,YES,YES,ASR_GLOBAL_SYLLABLES,NO,NO,UNKNOWN,UNKNOWN,Q2_TRANSFORMED_QUERY_STILL_UNREACHABLE,MODEL2_TRANSFORM_NOT_TARGET_REACHABLE,PASS,PASS,FAIL,FAIL,Transform existed but first-pass pinyin still not target-reachable (compound/wrong-profile/partial)
p2_u004_022,WRONG_PROFILE,迷你,,,ASR_GLOBAL_SYLLABLES_SLICE(code),,,YES,n_l,,,NO,NO,YES,YES,YES,ASR_GLOBAL_SYLLABLES,NO,NO,UNKNOWN,UNKNOWN,Q6_NO_REUSABLE_FIRST_PASS_QUERY,NO_MODEL2_TRANSFORM_OR_UNREACHABLE_FIRST_PASS,PASS_NO_ACTION,FAIL,FAIL,FAIL,No target-reachable first-pass Model2 query evidence
p2_u004_023,CORRECT_PROFILE,浓缩铀,,,ASR_GLOBAL_SYLLABLES_SLICE(code),,,YES,n_l,TRANSFORM_EXISTED_TRACE_PARTIAL,,NO,NO,YES,YES,YES,ASR_GLOBAL_SYLLABLES,NO,NO,UNKNOWN,UNKNOWN,Q2_TRANSFORMED_QUERY_STILL_UNREACHABLE,MODEL2_TRANSFORM_NOT_TARGET_REACHABLE,PASS,PASS,FAIL,FAIL,Transform existed but first-pass pinyin still not target-reachable (compound/wrong-profile/partial)
p2_u004_023,WRONG_PROFILE,浓缩铀,,,ASR_GLOBAL_SYLLABLES_SLICE(code),,,YES,n_l,TRANSFORM_EXISTED_TRACE_PARTIAL,,NO,NO,YES,YES,YES,ASR_GLOBAL_SYLLABLES,NO,NO,UNKNOWN,UNKNOWN,Q2_TRANSFORMED_QUERY_STILL_UNREACHABLE,MODEL2_TRANSFORM_NOT_TARGET_REACHABLE,PASS,PASS,FAIL,FAIL,Transform existed but first-pass pinyin still not target-reachable (compound/wrong-profile/partial)
p2_u004_024,CORRECT_PROFILE,肾内科,shen|nei|ke,"我先核对申雷克确认无误后,再把结果分开。 如果发给你这样两遍都省事",ASR_GLOBAL_SYLLABLES_SLICE(code),对申雷,"[2,2,3]",YES,n_l,dui|shen|nei,PINYIN_YES_TONE_NO,YES,YES,YES,YES,YES,ASR_GLOBAL_SYLLABLES,NO,NO,YES,YES,Q1_MODEL2_QUERY_EVIDENCE_LOST,materializeProfileHits→Stage2_ASR_globalSyllables_rebuild,PASS,PASS,PASS,FAIL,First-pass Model2 pinyin target-reachable (Tone was blocker or Gate-E E5); Stage2 rebuilds ASR-space query; no transform reuse
p2_u004_024,WRONG_PROFILE,肾内科,shen|nei|ke,"我先核对申雷克确认无误后,再把结果分开。 如果发给你这样两遍都省事",ASR_GLOBAL_SYLLABLES_SLICE(code),给你这,"[1,2,2]",YES,n_l,gei|ni|ze,NO,NO,NO,YES,YES,YES,ASR_GLOBAL_SYLLABLES,NO,NO,YES,UNKNOWN,Q2_TRANSFORMED_QUERY_STILL_UNREACHABLE,MODEL2_TRANSFORM_NOT_TARGET_REACHABLE,PASS,PASS,PASS,FAIL,Transform existed but first-pass pinyin still not target-reachable (compound/wrong-profile/partial)
p2_u004_032,CORRECT_PROFILE,产地卡,,,ASR_GLOBAL_SYLLABLES_SLICE(code),,,NO,ch_c,,,NO,NO,YES,YES,YES,ASR_GLOBAL_SYLLABLES,NO,NO,UNKNOWN,UNKNOWN,Q6_NO_REUSABLE_FIRST_PASS_QUERY,NO_MODEL2_TRANSFORM_OR_UNREACHABLE_FIRST_PASS,FAIL,FAIL,FAIL,FAIL,No target-reachable first-pass Model2 query evidence
p2_u004_032,WRONG_PROFILE,产地卡,chan|di|ka,复查时请重点关注与森德卡相关的指标变化,ASR_GLOBAL_SYLLABLES_SLICE(code),查时请,"[2,2,4]",YES,ch_c,cha|shi|qin,NO,NO,NO,YES,YES,YES,ASR_GLOBAL_SYLLABLES,NO,NO,YES,UNKNOWN,Q2_TRANSFORMED_QUERY_STILL_UNREACHABLE,MODEL2_TRANSFORM_NOT_TARGET_REACHABLE,PASS,PASS,PASS,FAIL,Transform existed but first-pass pinyin still not target-reachable (compound/wrong-profile/partial)
p2_u004_033,CORRECT_PROFILE,城门,cheng|men,复查时请重点关注与层门相关的指标变化,ASR_GLOBAL_SYLLABLES_SLICE(code),与层,"[4,2]",YES,ch_c,yu|cheng,YES_OTHER_WINDOW,NO,NO,YES,YES,YES,ASR_GLOBAL_SYLLABLES,NO,NO,YES,UNKNOWN,Q2_TRANSFORMED_QUERY_STILL_UNREACHABLE,MODEL2_TRANSFORM_NOT_TARGET_REACHABLE,PASS,PASS,PASS,FAIL,Transform existed but first-pass pinyin still not target-reachable (compound/wrong-profile/partial)
p2_u004_033,WRONG_PROFILE,城门,cheng|men,复查时请重点关注与层门相关的指标变化,ASR_GLOBAL_SYLLABLES_SLICE(code),时请,"[2,4]",YES,ch_c,shi|qin,NO,NO,NO,YES,YES,YES,ASR_GLOBAL_SYLLABLES,NO,NO,YES,UNKNOWN,Q2_TRANSFORMED_QUERY_STILL_UNREACHABLE,MODEL2_TRANSFORM_NOT_TARGET_REACHABLE,PASS,PASS,PASS,FAIL,Transform existed but first-pass pinyin still not target-reachable (compound/wrong-profile/partial)
p2_u004_034,CORRECT_PROFILE,网约车,wang|yue|che,护士站提醒患者准备好网约册相关材料,ASR_GLOBAL_SYLLABLES_SLICE(code),网约册,"[1,1,3]",YES,ch_c,wang|yue|che,PINYIN_YES_TONE_NO,YES,YES,YES,YES,YES,ASR_GLOBAL_SYLLABLES,NO,NO,YES,YES,Q1_MODEL2_QUERY_EVIDENCE_LOST,materializeProfileHits→Stage2_ASR_globalSyllables_rebuild,PASS,PASS,PASS,FAIL,First-pass Model2 pinyin target-reachable (Tone was blocker or Gate-E E5); Stage2 rebuilds ASR-space query; no transform reuse
p2_u004_034,WRONG_PROFILE,网约车,wang|yue|che,护士站提醒患者准备好网约册相关材料,ASR_GLOBAL_SYLLABLES_SLICE(code),站提醒,"[3,2,2]",YES,ch_c,zhan|ti|xin,NO,NO,NO,YES,YES,YES,ASR_GLOBAL_SYLLABLES,NO,NO,YES,UNKNOWN,Q2_TRANSFORMED_QUERY_STILL_UNREACHABLE,MODEL2_TRANSFORM_NOT_TARGET_REACHABLE,PASS,PASS,PASS,FAIL,Transform existed but first-pass pinyin still not target-reachable (compound/wrong-profile/partial)
p2_u004_035,CORRECT_PROFILE,车次,,,ASR_GLOBAL_SYLLABLES_SLICE(code),,,NO,ch_c,,,NO,NO,YES,YES,YES,ASR_GLOBAL_SYLLABLES,NO,NO,UNKNOWN,UNKNOWN,Q6_NO_REUSABLE_FIRST_PASS_QUERY,NO_MODEL2_TRANSFORM_OR_UNREACHABLE_FIRST_PASS,FAIL,FAIL,FAIL,FAIL,No target-reachable first-pass Model2 query evidence
p2_u004_035,WRONG_PROFILE,车次,che|ci,如果厨房嗨来的急请把侧次和主菜一起烧并备注清单少盐,ASR_GLOBAL_SYLLABLES_SLICE(code),嗨来,"[4,2]",YES,ch_c,hei|nai,NO,NO,NO,YES,YES,YES,ASR_GLOBAL_SYLLABLES,NO,NO,YES,UNKNOWN,Q2_TRANSFORMED_QUERY_STILL_UNREACHABLE,MODEL2_TRANSFORM_NOT_TARGET_REACHABLE,PASS,PASS,PASS,FAIL,Transform existed but first-pass pinyin still not target-reachable (compound/wrong-profile/partial)
p2_u004_036,CORRECT_PROFILE,黄包车,,,ASR_GLOBAL_SYLLABLES_SLICE(code),,,YES,ch_c,TRANSFORM_EXISTED_TRACE_PARTIAL,,NO,NO,YES,YES,YES,ASR_GLOBAL_SYLLABLES,NO,NO,UNKNOWN,UNKNOWN,Q2_TRANSFORMED_QUERY_STILL_UNREACHABLE,MODEL2_TRANSFORM_NOT_TARGET_REACHABLE,PASS,PASS,FAIL,FAIL,Transform existed but first-pass pinyin still not target-reachable (compound/wrong-profile/partial)
p2_u004_036,WRONG_PROFILE,黄包车,,,ASR_GLOBAL_SYLLABLES_SLICE(code),,,YES,ch_c,TRANSFORM_EXISTED_TRACE_PARTIAL,,NO,NO,YES,YES,YES,ASR_GLOBAL_SYLLABLES,NO,NO,UNKNOWN,UNKNOWN,Q2_TRANSFORMED_QUERY_STILL_UNREACHABLE,MODEL2_TRANSFORM_NOT_TARGET_REACHABLE,PASS,PASS,FAIL,FAIL,Transform existed but first-pass pinyin still not target-reachable (compound/wrong-profile/partial)
p2_u004_037,CORRECT_PROFILE,正常值,,,ASR_GLOBAL_SYLLABLES_SLICE(code),,,YES,ch_c,TRANSFORM_EXISTED_TRACE_PARTIAL,,NO,NO,YES,YES,YES,ASR_GLOBAL_SYLLABLES,NO,NO,UNKNOWN,UNKNOWN,Q2_TRANSFORMED_QUERY_STILL_UNREACHABLE,MODEL2_TRANSFORM_NOT_TARGET_REACHABLE,PASS,PASS,FAIL,FAIL,Transform existed but first-pass pinyin still not target-reachable (compound/wrong-profile/partial)
p2_u004_037,WRONG_PROFILE,正常值,,,ASR_GLOBAL_SYLLABLES_SLICE(code),,,YES,ch_c,,,NO,NO,YES,YES,YES,ASR_GLOBAL_SYLLABLES,NO,NO,UNKNOWN,UNKNOWN,Q6_NO_REUSABLE_FIRST_PASS_QUERY,NO_MODEL2_TRANSFORM_OR_UNREACHABLE_FIRST_PASS,PASS_NO_ACTION,FAIL,FAIL,FAIL,No target-reachable first-pass Model2 query evidence
p2_u004_038,CORRECT_PROFILE,胶囊,jiao|nang,请在机要里写清楚教廊的负责人和截止时间,ASR_GLOBAL_SYLLABLES_SLICE(code),要里,"[4,3]",YES,n_l,yao|ni,PINYIN_YES_TONE_NO,YES,YES,YES,YES,YES,ASR_GLOBAL_SYLLABLES,NO,NO,YES,YES,Q1_MODEL2_QUERY_EVIDENCE_LOST,materializeProfileHits→Stage2_ASR_globalSyllables_rebuild,PASS,PASS,PASS,FAIL,First-pass Model2 pinyin target-reachable (Tone was blocker or Gate-E E5); Stage2 rebuilds ASR-space query; no transform reuse
p2_u004_038,WRONG_PROFILE,胶囊,jiao|nang,请在机要里写清楚教廊的负责人和截止时间,ASR_GLOBAL_SYLLABLES_SLICE(code),截止,"[2,4]",YES,n_l,jie|zi,NO,NO,NO,YES,YES,YES,ASR_GLOBAL_SYLLABLES,NO,NO,YES,UNKNOWN,Q2_TRANSFORMED_QUERY_STILL_UNREACHABLE,MODEL2_TRANSFORM_NOT_TARGET_REACHABLE,PASS,PASS,PASS,FAIL,Transform existed but first-pass pinyin still not target-reachable (compound/wrong-profile/partial)
p2_u004_039,CORRECT_PROFILE,纪念品,,,ASR_GLOBAL_SYLLABLES_SLICE(code),,,YES,n_l,TRANSFORM_EXISTED_TRACE_PARTIAL,,NO,NO,YES,YES,YES,ASR_GLOBAL_SYLLABLES,NO,NO,UNKNOWN,UNKNOWN,Q2_TRANSFORMED_QUERY_STILL_UNREACHABLE,MODEL2_TRANSFORM_NOT_TARGET_REACHABLE,PASS,PASS,FAIL,FAIL,Transform existed but first-pass pinyin still not target-reachable (compound/wrong-profile/partial)
p2_u004_039,WRONG_PROFILE,纪念品,ji|nian|pin,请在纪要里写清楚机链品的负责人和截止时间,ASR_GLOBAL_SYLLABLES_SLICE(code),和截止,"[2,2,4]",YES,n_l,he|jie|zi,NO,NO,NO,YES,YES,YES,ASR_GLOBAL_SYLLABLES,NO,NO,YES,UNKNOWN,Q2_TRANSFORMED_QUERY_STILL_UNREACHABLE,MODEL2_TRANSFORM_NOT_TARGET_REACHABLE,PASS,PASS,PASS,FAIL,Transform existed but first-pass pinyin still not target-reachable (compound/wrong-profile/partial)
p2_u004_040,CORRECT_PROFILE,青柠片,,,ASR_GLOBAL_SYLLABLES_SLICE(code),,,YES,n_l,TRANSFORM_EXISTED_TRACE_PARTIAL,,NO,NO,YES,YES,YES,ASR_GLOBAL_SYLLABLES,NO,NO,UNKNOWN,UNKNOWN,Q2_TRANSFORMED_QUERY_STILL_UNREACHABLE,MODEL2_TRANSFORM_NOT_TARGET_REACHABLE,PASS,PASS,FAIL,FAIL,Transform existed but first-pass pinyin still not target-reachable (compound/wrong-profile/partial)
p2_u004_040,WRONG_PROFILE,青柠片,qing|ning|pian,请在纪要里写清楚清零片的负责人和截止时间,ASR_GLOBAL_SYLLABLES_SLICE(code),和截止,"[2,2,4]",YES,n_l,he|jie|zi,NO,NO,NO,YES,YES,YES,ASR_GLOBAL_SYLLABLES,NO,NO,YES,UNKNOWN,Q2_TRANSFORMED_QUERY_STILL_UNREACHABLE,MODEL2_TRANSFORM_NOT_TARGET_REACHABLE,PASS,PASS,PASS,FAIL,Transform existed but first-pass pinyin still not target-reachable (compound/wrong-profile/partial)
p2_u005_001,WRONG_PROFILE,行驶证,xing|shi|zheng,我想确认一下行死证,ASR_GLOBAL_SYLLABLES_SLICE(code),一下行,"[4,4,2]",YES,sh_s,yi|xia|xin,NO,NO,NO,YES,YES,YES,ASR_GLOBAL_SYLLABLES,NO,NO,YES,UNKNOWN,Q2_TRANSFORMED_QUERY_STILL_UNREACHABLE,MODEL2_TRANSFORM_NOT_TARGET_REACHABLE,PASS,PASS,PASS,FAIL,Transform existed but first-pass pinyin still not target-reachable (compound/wrong-profile/partial)
p2_u005_002,CORRECT_PROFILE,口水鸡,kou|shui|ji,"今天,我想再确认以下口随机的安排是否合适",ASR_GLOBAL_SYLLABLES_SLICE(code),下口随,"[3,3,4]",YES,sh_s,xia|kou|shui,PINYIN_YES_TONE_NO,YES,YES,YES,YES,YES,ASR_GLOBAL_SYLLABLES,NO,NO,YES,YES,Q1_MODEL2_QUERY_EVIDENCE_LOST,materializeProfileHits→Stage2_ASR_globalSyllables_rebuild,PASS,PASS,PASS,FAIL,First-pass Model2 pinyin target-reachable (Tone was blocker or Gate-E E5); Stage2 rebuilds ASR-space query; no transform reuse
p2_u005_002,WRONG_PROFILE,口水鸡,kou|shui|ji,,ASR_GLOBAL_SYLLABLES_SLICE(code),,,YES,sh_s,,,NO,NO,YES,YES,YES,ASR_GLOBAL_SYLLABLES,NO,NO,YES,UNKNOWN,Q6_NO_REUSABLE_FIRST_PASS_QUERY,NO_MODEL2_TRANSFORM_OR_UNREACHABLE_FIRST_PASS,PASS_NO_ACTION,FAIL,FAIL,FAIL,No target-reachable first-pass Model2 query evidence
p2_u005_004,CORRECT_PROFILE,水道,shui|dao,"今天,我想再确认一下随道的安排是否合适",ASR_GLOBAL_SYLLABLES_SLICE(code),下随,"[4,3]",YES,sh_s,xia|shui,YES_OTHER_WINDOW,NO,NO,YES,YES,YES,ASR_GLOBAL_SYLLABLES,NO,NO,YES,UNKNOWN,Q2_TRANSFORMED_QUERY_STILL_UNREACHABLE,MODEL2_TRANSFORM_NOT_TARGET_REACHABLE,PASS,PASS,PASS,FAIL,Transform existed but first-pass pinyin still not target-reachable (compound/wrong-profile/partial)
p2_u005_004,WRONG_PROFILE,水道,,,ASR_GLOBAL_SYLLABLES_SLICE(code),,,YES,sh_s,,,NO,NO,YES,YES,YES,ASR_GLOBAL_SYLLABLES,NO,NO,UNKNOWN,UNKNOWN,Q6_NO_REUSABLE_FIRST_PASS_QUERY,NO_MODEL2_TRANSFORM_OR_UNREACHABLE_FIRST_PASS,PASS_NO_ACTION,FAIL,FAIL,FAIL,No target-reachable first-pass Model2 query evidence
p2_u005_005,CORRECT_PROFILE,双床,,,ASR_GLOBAL_SYLLABLES_SLICE(code),,,YES,sh_s,TRANSFORM_EXISTED_TRACE_PARTIAL,,NO,NO,YES,YES,YES,ASR_GLOBAL_SYLLABLES,NO,NO,UNKNOWN,UNKNOWN,Q2_TRANSFORMED_QUERY_STILL_UNREACHABLE,MODEL2_TRANSFORM_NOT_TARGET_REACHABLE,PASS,PASS,FAIL,FAIL,Transform existed but first-pass pinyin still not target-reachable (compound/wrong-profile/partial)
p2_u005_005,WRONG_PROFILE,双床,,,ASR_GLOBAL_SYLLABLES_SLICE(code),,,YES,sh_s,TRANSFORM_EXISTED_TRACE_PARTIAL,,NO,NO,YES,YES,YES,ASR_GLOBAL_SYLLABLES,NO,NO,UNKNOWN,UNKNOWN,Q2_TRANSFORMED_QUERY_STILL_UNREACHABLE,MODEL2_TRANSFORM_NOT_TARGET_REACHABLE,PASS,PASS,FAIL,FAIL,Transform existed but first-pass pinyin still not target-reachable (compound/wrong-profile/partial)
p2_u005_008,CORRECT_PROFILE,意式机,yi|shi|ji,请在机要里写清楚易司机的负责人和截止时间,ASR_GLOBAL_SYLLABLES_SLICE(code),楚易司,"[3,1,4]",YES,sh_s,chu|yi|shi,PINYIN_YES_TONE_NO,YES,YES,YES,YES,YES,ASR_GLOBAL_SYLLABLES,NO,NO,YES,YES,Q1_MODEL2_QUERY_EVIDENCE_LOST,materializeProfileHits→Stage2_ASR_globalSyllables_rebuild,PASS,PASS,PASS,FAIL,First-pass Model2 pinyin target-reachable (Tone was blocker or Gate-E E5); Stage2 rebuilds ASR-space query; no transform reuse
p2_u005_008,WRONG_PROFILE,意式机,yi|shi|ji,请在机要里写清楚易司机的负责人和截止时间,ASR_GLOBAL_SYLLABLES_SLICE(code),请在机,"[2,4,1]",YES,sh_s,qin|zai|ji,NO,NO,NO,YES,YES,YES,ASR_GLOBAL_SYLLABLES,NO,NO,YES,UNKNOWN,Q2_TRANSFORMED_QUERY_STILL_UNREACHABLE,MODEL2_TRANSFORM_NOT_TARGET_REACHABLE,PASS,PASS,PASS,FAIL,Transform existed but first-pass pinyin still not target-reachable (compound/wrong-profile/partial)
p2_u005_009,CORRECT_PROFILE,生豆,,,ASR_GLOBAL_SYLLABLES_SLICE(code),,,YES,sh_s,TRANSFORM_EXISTED_TRACE_PARTIAL,,NO,NO,YES,YES,YES,ASR_GLOBAL_SYLLABLES,NO,NO,UNKNOWN,UNKNOWN,Q2_TRANSFORMED_QUERY_STILL_UNREACHABLE,MODEL2_TRANSFORM_NOT_TARGET_REACHABLE,PASS,PASS,FAIL,FAIL,Transform existed but first-pass pinyin still not target-reachable (compound/wrong-profile/partial)
p2_u005_009,WRONG_PROFILE,生豆,,,ASR_GLOBAL_SYLLABLES_SLICE(code),,,YES,sh_s,TRANSFORM_EXISTED_TRACE_PARTIAL,,NO,NO,YES,YES,YES,ASR_GLOBAL_SYLLABLES,NO,NO,UNKNOWN,UNKNOWN,Q2_TRANSFORMED_QUERY_STILL_UNREACHABLE,MODEL2_TRANSFORM_NOT_TARGET_REACHABLE,PASS,PASS,FAIL,FAIL,Transform existed but first-pass pinyin still not target-reachable (compound/wrong-profile/partial)
p2_u005_010,CORRECT_PROFILE,值班室,,,ASR_GLOBAL_SYLLABLES_SLICE(code),,,YES,sh_s,TRANSFORM_EXISTED_TRACE_PARTIAL,,NO,NO,YES,YES,YES,ASR_GLOBAL_SYLLABLES,NO,NO,UNKNOWN,UNKNOWN,Q2_TRANSFORMED_QUERY_STILL_UNREACHABLE,MODEL2_TRANSFORM_NOT_TARGET_REACHABLE,PASS,PASS,FAIL,FAIL,Transform existed but first-pass pinyin still not target-reachable (compound/wrong-profile/partial)
p2_u005_010,WRONG_PROFILE,值班室,,,ASR_GLOBAL_SYLLABLES_SLICE(code),,,YES,sh_s,TRANSFORM_EXISTED_TRACE_PARTIAL,,NO,NO,YES,YES,YES,ASR_GLOBAL_SYLLABLES,NO,NO,UNKNOWN,UNKNOWN,Q2_TRANSFORMED_QUERY_STILL_UNREACHABLE,MODEL2_TRANSFORM_NOT_TARGET_REACHABLE,PASS,PASS,FAIL,FAIL,Transform existed but first-pass pinyin still not target-reachable (compound/wrong-profile/partial)
p2_u005_011,CORRECT_PROFILE,提示性,ti|shi|xing,为了避免误击请提前和对本单据 在这些评论中的提斯性病证人接博士件是否匹配?,ASR_GLOBAL_SYLLABLES_SLICE(code),的提斯,"[4,3,3]",YES,sh_s,de|ti|shi,PINYIN_YES_TONE_NO,YES,YES,YES,YES,YES,ASR_GLOBAL_SYLLABLES,NO,NO,YES,YES,Q1_MODEL2_QUERY_EVIDENCE_LOST,materializeProfileHits→Stage2_ASR_globalSyllables_rebuild,PASS,PASS,PASS,FAIL,First-pass Model2 pinyin target-reachable (Tone was blocker or Gate-E E5); Stage2 rebuilds ASR-space query; no transform reuse
p2_u005_011,WRONG_PROFILE,提示性,ti|shi|xing,,ASR_GLOBAL_SYLLABLES_SLICE(code),,,YES,sh_s,TRANSFORM_EXISTED_TRACE_PARTIAL,,NO,NO,YES,YES,YES,ASR_GLOBAL_SYLLABLES,NO,NO,YES,UNKNOWN,Q2_TRANSFORMED_QUERY_STILL_UNREACHABLE,MODEL2_TRANSFORM_NOT_TARGET_REACHABLE,PASS,PASS,FAIL,FAIL,Transform existed but first-pass pinyin still not target-reachable (compound/wrong-profile/partial)
p2_u005_012,CORRECT_PROFILE,上下班,,,ASR_GLOBAL_SYLLABLES_SLICE(code),,,YES,sh_s,TRANSFORM_EXISTED_TRACE_PARTIAL,,NO,NO,YES,YES,YES,ASR_GLOBAL_SYLLABLES,NO,NO,UNKNOWN,UNKNOWN,Q2_TRANSFORMED_QUERY_STILL_UNREACHABLE,MODEL2_TRANSFORM_NOT_TARGET_REACHABLE,PASS,PASS,FAIL,FAIL,Transform existed but first-pass pinyin still not target-reachable (compound/wrong-profile/partial)
p2_u005_012,WRONG_PROFILE,上下班,,,ASR_GLOBAL_SYLLABLES_SLICE(code),,,YES,sh_s,TRANSFORM_EXISTED_TRACE_PARTIAL,,NO,NO,YES,YES,YES,ASR_GLOBAL_SYLLABLES,NO,NO,UNKNOWN,UNKNOWN,Q2_TRANSFORMED_QUERY_STILL_UNREACHABLE,MODEL2_TRANSFORM_NOT_TARGET_REACHABLE,PASS,PASS,FAIL,FAIL,Transform existed but first-pass pinyin still not target-reachable (compound/wrong-profile/partial)
p2_u005_013,CORRECT_PROFILE,折射仪,,,ASR_GLOBAL_SYLLABLES_SLICE(code),,,YES,sh_s,TRANSFORM_EXISTED_TRACE_PARTIAL,,NO,NO,YES,YES,YES,ASR_GLOBAL_SYLLABLES,NO,NO,UNKNOWN,UNKNOWN,Q2_TRANSFORMED_QUERY_STILL_UNREACHABLE,MODEL2_TRANSFORM_NOT_TARGET_REACHABLE,PASS,PASS,FAIL,FAIL,Transform existed but first-pass pinyin still not target-reachable (compound/wrong-profile/partial)
p2_u005_013,WRONG_PROFILE,折射仪,zhe|she|yi,我想了结折色仪,ASR_GLOBAL_SYLLABLES_SLICE(code),我想了,"[3,3,4]",YES,sh_s,wo|xiang|niao,NO,NO,NO,YES,YES,YES,ASR_GLOBAL_SYLLABLES,NO,NO,YES,UNKNOWN,Q2_TRANSFORMED_QUERY_STILL_UNREACHABLE,MODEL2_TRANSFORM_NOT_TARGET_REACHABLE,PASS,PASS,PASS,FAIL,Transform existed but first-pass pinyin still not target-reachable (compound/wrong-profile/partial)
p2_u005_014,CORRECT_PROFILE,量勺,liang|shao,请把定、单理、和量扫相关的被猪血清除,ASR_GLOBAL_SYLLABLES_SLICE(code),量扫,"[3,2]",YES,sh_s,liang|shao,PINYIN_YES_TONE_NO,YES,YES,YES,YES,YES,ASR_GLOBAL_SYLLABLES,NO,NO,YES,YES,Q1_MODEL2_QUERY_EVIDENCE_LOST,materializeProfileHits→Stage2_ASR_globalSyllables_rebuild,PASS,PASS,PASS,FAIL,First-pass Model2 pinyin target-reachable (Tone was blocker or Gate-E E5); Stage2 rebuilds ASR-space query; no transform reuse
p2_u005_014,WRONG_PROFILE,量勺,liang|shao,请把定、单理、和量扫相关的被猪血清除,ASR_GLOBAL_SYLLABLES_SLICE(code),请把,"[3,3]",YES,sh_s,qin|ba,NO,NO,NO,YES,YES,YES,ASR_GLOBAL_SYLLABLES,NO,NO,YES,UNKNOWN,Q2_TRANSFORMED_QUERY_STILL_UNREACHABLE,MODEL2_TRANSFORM_NOT_TARGET_REACHABLE,PASS,PASS,PASS,FAIL,Transform existed but first-pass pinyin still not target-reachable (compound/wrong-profile/partial)
p2_u005_015,CORRECT_PROFILE,提示符,ti|shi|fu,今天想试试和提斯福搭配的套餐,ASR_GLOBAL_SYLLABLES_SLICE(code),和提斯,"[2,2,4]",YES,sh_s,he|ti|shi,YES_OTHER_WINDOW,NO,NO,YES,YES,YES,ASR_GLOBAL_SYLLABLES,NO,NO,YES,UNKNOWN,Q2_TRANSFORMED_QUERY_STILL_UNREACHABLE,MODEL2_TRANSFORM_NOT_TARGET_REACHABLE,PASS,PASS,PASS,FAIL,Transform existed but first-pass pinyin still not target-reachable (compound/wrong-profile/partial)
p2_u005_015,WRONG_PROFILE,提示符,,,ASR_GLOBAL_SYLLABLES_SLICE(code),,,YES,sh_s,,,NO,NO,YES,YES,YES,ASR_GLOBAL_SYLLABLES,NO,NO,UNKNOWN,UNKNOWN,Q6_NO_REUSABLE_FIRST_PASS_QUERY,NO_MODEL2_TRANSFORM_OR_UNREACHABLE_FIRST_PASS,PASS_NO_ACTION,FAIL,FAIL,FAIL,No target-reachable first-pass Model2 query evidence
p2_u005_016,CORRECT_PROFILE,石膏,,,ASR_GLOBAL_SYLLABLES_SLICE(code),,,NO,sh_s,,,NO,NO,YES,YES,YES,ASR_GLOBAL_SYLLABLES,NO,NO,UNKNOWN,UNKNOWN,Q6_NO_REUSABLE_FIRST_PASS_QUERY,NO_MODEL2_TRANSFORM_OR_UNREACHABLE_FIRST_PASS,FAIL,FAIL,FAIL,FAIL,No target-reachable first-pass Model2 query evidence
p2_u005_016,WRONG_PROFILE,石膏,shi|gao,护士站提醒 患者准备好时高相关材料,ASR_GLOBAL_SYLLABLES_SLICE(code),提醒,"[2,3]",YES,sh_s,ti|xin,NO,NO,NO,YES,YES,YES,ASR_GLOBAL_SYLLABLES,NO,NO,YES,UNKNOWN,Q2_TRANSFORMED_QUERY_STILL_UNREACHABLE,MODEL2_TRANSFORM_NOT_TARGET_REACHABLE,PASS,PASS,PASS,FAIL,Transform existed but first-pass pinyin still not target-reachable (compound/wrong-profile/partial)
p2_u005_017,CORRECT_PROFILE,超参数,,,ASR_GLOBAL_SYLLABLES_SLICE(code),,,YES,sh_s,TRANSFORM_EXISTED_TRACE_PARTIAL,,NO,NO,YES,YES,YES,ASR_GLOBAL_SYLLABLES,NO,NO,UNKNOWN,UNKNOWN,Q2_TRANSFORMED_QUERY_STILL_UNREACHABLE,MODEL2_TRANSFORM_NOT_TARGET_REACHABLE,PASS,PASS,FAIL,FAIL,Transform existed but first-pass pinyin still not target-reachable (compound/wrong-profile/partial)
p2_u005_017,WRONG_PROFILE,超参数,,,ASR_GLOBAL_SYLLABLES_SLICE(code),,,YES,sh_s,TRANSFORM_EXISTED_TRACE_PARTIAL,,NO,NO,YES,YES,YES,ASR_GLOBAL_SYLLABLES,NO,NO,UNKNOWN,UNKNOWN,Q2_TRANSFORMED_QUERY_STILL_UNREACHABLE,MODEL2_TRANSFORM_NOT_TARGET_REACHABLE,PASS,PASS,FAIL,FAIL,Transform existed but first-pass pinyin still not target-reachable (compound/wrong-profile/partial)
p2_u005_019,CORRECT_PROFILE,贵宾室,gui|bin|shi,或家有归病似,ASR_GLOBAL_SYLLABLES_SLICE(code),归病似,"[2,2,4]",YES,sh_s,gui|bing|shi,NO,NO,NO,YES,YES,YES,ASR_GLOBAL_SYLLABLES,NO,NO,YES,UNKNOWN,Q2_TRANSFORMED_QUERY_STILL_UNREACHABLE,MODEL2_TRANSFORM_NOT_TARGET_REACHABLE,PASS,PASS,PASS,FAIL,Transform existed but first-pass pinyin still not target-reachable (compound/wrong-profile/partial)
p2_u005_019,WRONG_PROFILE,贵宾室,gui|bin|shi,或家有归病似,ASR_GLOBAL_SYLLABLES_SLICE(code),有归病,"[3,2,2]",YES,sh_s,you|gui|bin,NO,NO,NO,YES,YES,YES,ASR_GLOBAL_SYLLABLES,NO,NO,YES,UNKNOWN,Q2_TRANSFORMED_QUERY_STILL_UNREACHABLE,MODEL2_TRANSFORM_NOT_TARGET_REACHABLE,PASS,PASS,PASS,FAIL,Transform existed but first-pass pinyin still not target-reachable (compound/wrong-profile/partial)
p2_u005_021,CORRECT_PROFILE,麻薯,,,ASR_GLOBAL_SYLLABLES_SLICE(code),,,NO,sh_s,,,NO,NO,YES,YES,YES,ASR_GLOBAL_SYLLABLES,NO,NO,UNKNOWN,UNKNOWN,Q6_NO_REUSABLE_FIRST_PASS_QUERY,NO_MODEL2_TRANSFORM_OR_UNREACHABLE_FIRST_PASS,FAIL,FAIL,FAIL,FAIL,No target-reachable first-pass Model2 query evidence
p2_u005_021,WRONG_PROFILE,麻薯,ma|shu,请把马祖的库存数量同步到系统,ASR_GLOBAL_SYLLABLES_SLICE(code),请把,"[3,3]",YES,sh_s,qin|ba,NO,NO,NO,YES,YES,YES,ASR_GLOBAL_SYLLABLES,NO,NO,YES,UNKNOWN,Q2_TRANSFORMED_QUERY_STILL_UNREACHABLE,MODEL2_TRANSFORM_NOT_TARGET_REACHABLE,PASS,PASS,PASS,FAIL,Transform existed but first-pass pinyin still not target-reachable (compound/wrong-profile/partial)
p2_u005_034,CORRECT_PROFILE,薯条,shu|tiao,"顾客,想了解锁条的保修与推换政策",ASR_GLOBAL_SYLLABLES_SLICE(code),解锁,"[3,3]",YES,sh_s,jie|shuo,NO,NO,NO,YES,YES,YES,ASR_GLOBAL_SYLLABLES,NO,NO,YES,UNKNOWN,Q2_TRANSFORMED_QUERY_STILL_UNREACHABLE,MODEL2_TRANSFORM_NOT_TARGET_REACHABLE,PASS,PASS,PASS,FAIL,Transform existed but first-pass pinyin still not target-reachable (compound/wrong-profile/partial)
p2_u005_034,WRONG_PROFILE,薯条,shu|tiao,"顾客,想了解锁条的保修与推换政策",ASR_GLOBAL_SYLLABLES_SLICE(code),想了,"[1,2]",YES,sh_s,xiang|niao,NO,NO,NO,YES,YES,YES,ASR_GLOBAL_SYLLABLES,NO,NO,YES,UNKNOWN,Q2_TRANSFORMED_QUERY_STILL_UNREACHABLE,MODEL2_TRANSFORM_NOT_TARGET_REACHABLE,PASS,PASS,PASS,FAIL,Transform existed but first-pass pinyin still not target-reachable (compound/wrong-profile/partial)
p2_u005_037,CORRECT_PROFILE,盐水鸭,yan|shui|ya,请说明言随亚,ASR_GLOBAL_SYLLABLES_SLICE(code),明言随,"[2,2,4]",YES,sh_s,ming|yan|shui,PINYIN_YES_TONE_NO,YES,YES,YES,YES,YES,ASR_GLOBAL_SYLLABLES,NO,NO,YES,YES,Q1_MODEL2_QUERY_EVIDENCE_LOST,materializeProfileHits→Stage2_ASR_globalSyllables_rebuild,PASS,PASS,PASS,FAIL,First-pass Model2 pinyin target-reachable (Tone was blocker or Gate-E E5); Stage2 rebuilds ASR-space query; no transform reuse
p2_u005_037,WRONG_PROFILE,盐水鸭,yan|shui|ya,请说明言随亚,ASR_GLOBAL_SYLLABLES_SLICE(code),请说明,"[3,4,2]",YES,sh_s,qin|shuo|min,NO,NO,NO,YES,YES,YES,ASR_GLOBAL_SYLLABLES,NO,NO,YES,UNKNOWN,Q2_TRANSFORMED_QUERY_STILL_UNREACHABLE,MODEL2_TRANSFORM_NOT_TARGET_REACHABLE,PASS,PASS,PASS,FAIL,Transform existed but first-pass pinyin still not target-reachable (compound/wrong-profile/partial)
p2_u005_038,CORRECT_PROFILE,候客室,hou|ke|shi,护士站提醒患者准备好后 科思相关材料,ASR_GLOBAL_SYLLABLES_SLICE(code),科思相,"[4,3,3]",YES,sh_s,ke|shi|xiang,NO,NO,NO,YES,YES,YES,ASR_GLOBAL_SYLLABLES,NO,NO,YES,UNKNOWN,Q2_TRANSFORMED_QUERY_STILL_UNREACHABLE,MODEL2_TRANSFORM_NOT_TARGET_REACHABLE,PASS,PASS,PASS,FAIL,Transform existed but first-pass pinyin still not target-reachable (compound/wrong-profile/partial)
p2_u005_038,WRONG_PROFILE,候客室,hou|ke|shi,护士站提醒患者准备好后 科思相关材料,ASR_GLOBAL_SYLLABLES_SLICE(code),站提醒,"[3,2,3]",YES,sh_s,zhan|ti|xin,NO,NO,NO,YES,YES,YES,ASR_GLOBAL_SYLLABLES,NO,NO,YES,UNKNOWN,Q2_TRANSFORMED_QUERY_STILL_UNREACHABLE,MODEL2_TRANSFORM_NOT_TARGET_REACHABLE,PASS,PASS,PASS,FAIL,Transform existed but first-pass pinyin still not target-reachable (compound/wrong-profile/partial)