caseId,condition,target,caseDomain,retainedDomainsProxy,targetDomains,inBase,pinyin,acousticTone,canonicalTone,domainClass,targetDomainCompatible,globalHit,domainBoundedHit,lostDueToDomainBounding,globalCount,domainBoundedCount,globalRank,domainBoundedRank,survivesCap4Bounded,finding
p2_u001_007,CORRECT_PROFILE,内科,software_meeting,tech_ai|software,medical,True,nei|ke,nei4|ke5,nei4|ke1,D3_TARGET_DOMAIN_NOT_RETAINED_BUT_BASE_LEGAL,True,True,True,False,2,1,1,1,True,DOMAIN_BOUND_OK
p2_u001_014,CORRECT_PROFILE,纪念,food_cafe,coffee|food_order|bakery|milk_tea|restaurant,,True,ji|nian,ji1|nian3,ji4|nian4,D2_BASE_ONLY_NO_DOMAIN_DEPENDENCE,True,True,True,False,1,1,1,1,True,DOMAIN_BOUND_OK
p2_u001_040,CORRECT_PROFILE,纪念日,retail_service,retail|general,,True,ji|nian|ri,ji4|nian3|ri4,ji4|nian4|ri4,D2_BASE_ONLY_NO_DOMAIN_DEPENDENCE,True,True,True,False,1,1,1,1,True,DOMAIN_BOUND_OK
p2_u002_002,CORRECT_PROFILE,自取,general_daily,general|food_order,food_order,True,zi|qu,zi2|qu4,zi4|qu3,D1_TARGET_DOMAIN_RETAINED,True,True,True,False,2,2,1,1,True,DOMAIN_BOUND_OK
p2_u002_007,CORRECT_PROFILE,坐标点,software_meeting,tech_ai|software,,True,zuo|biao|dian,zuo2|biao2|dian3,zuo4|biao1|dian3,D2_BASE_ONLY_NO_DOMAIN_DEPENDENCE,True,True,True,False,1,1,1,1,True,DOMAIN_BOUND_OK
p2_u002_008,CORRECT_PROFILE,摄像组,retail_service,retail|general,,True,she|xiang|zu,she4|xiang1|zu4,she4|xiang4|zu3,D2_BASE_ONLY_NO_DOMAIN_DEPENDENCE,True,True,True,False,1,1,1,1,True,DOMAIN_BOUND_OK
p2_u002_014,CORRECT_PROFILE,礼仪组,travel_hotel,tourism_transport|transport|hotel|tourism_route,,True,li|yi|zu,li3|yi2|zu4,li3|yi2|zu3,D2_BASE_ONLY_NO_DOMAIN_DEPENDENCE,True,True,True,False,1,1,1,1,True,DOMAIN_BOUND_OK
p2_u002_015,CORRECT_PROFILE,上线,food_cafe,coffee|food_order|bakery|milk_tea|restaurant,tech_ai,True,shang|xian,shang2|xian3,shang4|xian4,D3_TARGET_DOMAIN_NOT_RETAINED_BUT_BASE_LEGAL,True,True,True,False,2,1,1,1,True,DOMAIN_BOUND_OK
p2_u002_016,CORRECT_PROFILE,咖啡师,food_cafe,coffee|food_order|bakery|milk_tea|restaurant,coffee,True,ka|fei|shi,ka1|fei3|shi4,ka1|fei1|shi1,D1_TARGET_DOMAIN_RETAINED,True,True,True,False,2,2,1,1,True,DOMAIN_BOUND_OK
p2_u002_019,CORRECT_PROFILE,测试数据,medical,medical,tech_ai,True,ce|shi|shu|ju,ce4|shi4|shu3|ju4,ce4|shi4|shu4|ju4,D3_TARGET_DOMAIN_NOT_RETAINED_BUT_BASE_LEGAL,True,True,True,False,2,1,1,1,True,DOMAIN_BOUND_OK
p2_u002_024,CORRECT_PROFILE,商务室,general_daily,general|food_order,,True,shang|wu|shi,shang3|wu2|shi4,shang1|wu4|shi4,D2_BASE_ONLY_NO_DOMAIN_DEPENDENCE,True,True,True,False,1,1,1,1,True,DOMAIN_BOUND_OK
p2_u002_032,CORRECT_PROFILE,工作团,medical,medical,,True,gong|zuo|tuan,gong4|zuo1|tuan3,gong1|zuo4|tuan2,D2_BASE_ONLY_NO_DOMAIN_DEPENDENCE,True,True,True,False,1,1,1,1,True,DOMAIN_BOUND_OK
p2_u002_033,CORRECT_PROFILE,导播组,medical,medical,,True,dao|bo|zu,dao4|bo1|zu3,dao3|bo1|zu3,D2_BASE_ONLY_NO_DOMAIN_DEPENDENCE,True,True,True,False,1,1,1,1,True,DOMAIN_BOUND_OK
p2_u002_034,CORRECT_PROFILE,走廊,medical,medical,,True,zou|lang,zou2|lang2,zou3|lang2,D2_BASE_ONLY_NO_DOMAIN_DEPENDENCE,True,True,True,False,1,1,1,1,True,DOMAIN_BOUND_OK
p2_u002_035,CORRECT_PROFILE,吸烟室,software_meeting,tech_ai|software,,True,xi|yan|shi,xi1|yan4|shi4,xi1|yan1|shi4,D2_BASE_ONLY_NO_DOMAIN_DEPENDENCE,True,True,True,False,1,1,1,1,True,DOMAIN_BOUND_OK
p2_u002_038,CORRECT_PROFILE,任务组,food_cafe,coffee|food_order|bakery|milk_tea|restaurant,,True,ren|wu|zu,ren3|wu2|zu1,ren4|wu0|zu3,D2_BASE_ONLY_NO_DOMAIN_DEPENDENCE,True,True,True,False,1,1,1,1,True,DOMAIN_BOUND_OK
p2_u002_040,CORRECT_PROFILE,座位数,food_cafe,coffee|food_order|bakery|milk_tea|restaurant,,True,zuo|wei|shu,zuo3|wei3|shu3,zuo4|wei4|shu4,D2_BASE_ONLY_NO_DOMAIN_DEPENDENCE,True,True,True,False,1,1,1,1,True,DOMAIN_BOUND_OK
p2_u003_004,CORRECT_PROFILE,排风扇,software_meeting,tech_ai|software,,True,pai|feng|shan,pai2|feng2|shan3,pai2|feng1|shan4,D2_BASE_ONLY_NO_DOMAIN_DEPENDENCE,True,True,True,False,1,1,1,1,True,DOMAIN_BOUND_OK
p2_u003_006,CORRECT_PROFILE,承办方,general_daily,general|food_order,,True,cheng|ban|fang,cheng2|ban4|fang2,cheng2|ban4|fang1,D2_BASE_ONLY_NO_DOMAIN_DEPENDENCE,True,True,True,False,1,1,1,1,True,DOMAIN_BOUND_OK
p2_u003_008,CORRECT_PROFILE,正常化,travel_hotel,tourism_transport|transport|hotel|tourism_route,,True,zheng|chang|hua,zheng2|chang2|hua4,zheng4|chang2|hua4,D2_BASE_ONLY_NO_DOMAIN_DEPENDENCE,True,True,True,False,1,1,1,1,True,DOMAIN_BOUND_OK
p2_u003_013,CORRECT_PROFILE,逃生图,retail_service,retail|general,,True,tao|sheng|tu,tao2|sheng3|tu2,tao2|sheng1|tu2,D2_BASE_ONLY_NO_DOMAIN_DEPENDENCE,True,True,True,False,1,1,1,1,True,DOMAIN_BOUND_OK
p2_u003_014,CORRECT_PROFILE,糖浆泵,retail_service,retail|general,,True,tang|jiang|beng,tang2|jiang4|beng3,tang2|jiang1|beng4,D2_BASE_ONLY_NO_DOMAIN_DEPENDENCE,True,True,True,False,1,1,1,1,True,DOMAIN_BOUND_OK
p2_u003_015,CORRECT_PROFILE,电热壶,food_cafe,coffee|food_order|bakery|milk_tea|restaurant,,True,dian|re|hu,dian2|re4|hu2,dian4|re4|hu2,D2_BASE_ONLY_NO_DOMAIN_DEPENDENCE,True,True,True,False,1,1,1,1,True,DOMAIN_BOUND_OK
p2_u003_033,CORRECT_PROFILE,蒸汽棒,food_cafe,coffee|food_order|bakery|milk_tea|restaurant,,True,zheng|qi|bang,zheng3|qi4|bang4,zheng1|qi4|bang4,D2_BASE_ONLY_NO_DOMAIN_DEPENDENCE,True,True,True,False,1,1,1,1,True,DOMAIN_BOUND_OK
p2_u004_003,CORRECT_PROFILE,机场,general_daily,general|food_order,tourism_transport|transport,True,ji|chang,ji1|chang4,ji1|chang3,D3_TARGET_DOMAIN_NOT_RETAINED_BUT_BASE_LEGAL,True,True,True,False,3,1,1,1,True,DOMAIN_BOUND_OK
p2_u004_018,CORRECT_PROFILE,南瓜派,software_meeting,tech_ai|software,bakery,True,nan|gua|pai,nan2|gua4|pai1,nan2|gua1|pai4,D3_TARGET_DOMAIN_NOT_RETAINED_BUT_BASE_LEGAL,True,True,True,False,2,1,1,1,True,DOMAIN_BOUND_OK
p2_u004_024,CORRECT_PROFILE,肾内科,general_daily,general|food_order,medical,True,shen|nei|ke,shen2|nei3|ke4,shen4|nei4|ke1,D3_TARGET_DOMAIN_NOT_RETAINED_BUT_BASE_LEGAL,True,True,True,False,4,2,2,2,True,DOMAIN_BOUND_OK
p2_u004_034,CORRECT_PROFILE,网约车,medical,medical,tourism_transport|transport,True,wang|yue|che,wang1|yue1|che3,wang3|yue1|che1,D3_TARGET_DOMAIN_NOT_RETAINED_BUT_BASE_LEGAL,True,True,True,False,3,1,1,1,True,DOMAIN_BOUND_OK
p2_u004_038,CORRECT_PROFILE,胶囊,software_meeting,tech_ai|software,medical,True,jiao|nang,jiao4|nang2,jiao1|nang2,D3_TARGET_DOMAIN_NOT_RETAINED_BUT_BASE_LEGAL,True,True,True,False,2,1,1,1,True,DOMAIN_BOUND_OK
p2_u005_001,CORRECT_PROFILE,行驶证,general_daily,general|food_order,,True,xing|shi|zheng,null,xing2|shi3|zheng4,D2_BASE_ONLY_NO_DOMAIN_DEPENDENCE,True,True,True,False,1,1,1,1,True,DOMAIN_BOUND_OK
p2_u005_002,CORRECT_PROFILE,口水鸡,general_daily,general|food_order,food_order,True,kou|shui|ji,kou3|shui4|ji3,kou3|shui3|ji1,D1_TARGET_DOMAIN_RETAINED,True,True,True,False,2,2,1,1,True,DOMAIN_BOUND_OK
p2_u005_008,CORRECT_PROFILE,意式机,software_meeting,tech_ai|software,coffee,True,yi|shi|ji,yi1|shi4|ji4,yi4|shi4|ji1,D3_TARGET_DOMAIN_NOT_RETAINED_BUT_BASE_LEGAL,True,True,True,False,2,1,1,1,True,DOMAIN_BOUND_OK
p2_u005_011,CORRECT_PROFILE,提示性,travel_hotel,tourism_transport|transport|hotel|tourism_route,,True,ti|shi|xing,ti3|shi3|xing4,ti2|shi4|xing4,D2_BASE_ONLY_NO_DOMAIN_DEPENDENCE,True,True,True,False,1,1,1,1,True,DOMAIN_BOUND_OK
p2_u005_014,CORRECT_PROFILE,量勺,food_cafe,coffee|food_order|bakery|milk_tea|restaurant,,True,liang|shao,liang3|shao2,liang2|shao2,D2_BASE_ONLY_NO_DOMAIN_DEPENDENCE,True,True,True,False,1,1,1,1,True,DOMAIN_BOUND_OK
p2_u005_037,CORRECT_PROFILE,盐水鸭,medical,medical,,True,yan|shui|ya,yan2|shui4|ya1,yan2|shui3|ya1,D2_BASE_ONLY_NO_DOMAIN_DEPENDENCE,True,True,True,False,1,1,1,1,True,DOMAIN_BOUND_OK
