caseId,retryRegionId,R,expectedWindowCount,actualWindowCount,missingWindowCount,extraWindowCount,outOfRegionWindowCount,behaviorChange
d001,m3rr:fine:5a15aa6a773b7feff288e4c8a7da39118bce464123e9bf87e566a67eda6d0249:2:fine:5a15aa6a773b7feff288e4c8a7da39118bce464123e9bf87e566a67eda6d0249:5,4,10,10,0,0,0,0
d001,m3rr:fine:25dea56fce6973a14c04bc3ecbf53ad8d4c9ff9136781dd4402a45c9abeb61af:2:fine:25dea56fce6973a14c04bc3ecbf53ad8d4c9ff9136781dd4402a45c9abeb61af:4,3,6,6,0,0,0,0
d001,m3rr:fine:25dea56fce6973a14c04bc3ecbf53ad8d4c9ff9136781dd4402a45c9abeb61af:16:fine:25dea56fce6973a14c04bc3ecbf53ad8d4c9ff9136781dd4402a45c9abeb61af:16,2,3,3,0,0,0,0
d001,m3rr:fine:b57aa476905a04c79276feb04e82455325374c95472771e69ab59ed6759a19aa:2:fine:b57aa476905a04c79276feb04e82455325374c95472771e69ab59ed6759a19aa:5,4,10,10,0,0,0,0
d001,m3rr:fine:ac1ecccf7fed084660b18abfdf526452ddbf3c3e8025282f33ddc881d03a6b96:2:fine:ac1ecccf7fed084660b18abfdf526452ddbf3c3e8025282f33ddc881d03a6b96:4,3,6,6,0,0,0,0
d001,m3rr:fine:ac1ecccf7fed084660b18abfdf526452ddbf3c3e8025282f33ddc881d03a6b96:15:fine:ac1ecccf7fed084660b18abfdf526452ddbf3c3e8025282f33ddc881d03a6b96:15,2,3,3,0,0,0,0
d001,m3rr:fine:e542e0fed95452908ef9ef6bc833fd0d234434b2fa476be8feee481383335a2f:2:fine:e542e0fed95452908ef9ef6bc833fd0d234434b2fa476be8feee481383335a2f:4,3,6,6,0,0,0,0
d001,m3rr:fine:1df4fa5df11dfb3d928fa5926b92699e68423352520b806af0c6dff79b237c00:2:fine:1df4fa5df11dfb3d928fa5926b92699e68423352520b806af0c6dff79b237c00:4,3,6,6,0,0,0,0
d001,m3rr:fine:1df4fa5df11dfb3d928fa5926b92699e68423352520b806af0c6dff79b237c00:15:fine:1df4fa5df11dfb3d928fa5926b92699e68423352520b806af0c6dff79b237c00:15,2,3,3,0,0,0,0
d001,m3rr:fine:815d48d6d078056ec2bead28e46f6fe5bc3fa64ac0cc26cdbd19554f3a7caf23:2:fine:815d48d6d078056ec2bead28e46f6fe5bc3fa64ac0cc26cdbd19554f3a7caf23:4,3,6,6,0,0,0,0
d001,m3rr:fine:783972e641ab7013b6b3247b324ff999b6beeb01b01636842550501fb6ecca9c:2:fine:783972e641ab7013b6b3247b324ff999b6beeb01b01636842550501fb6ecca9c:4,3,6,6,0,0,0,0
d001,m3rr:fine:783972e641ab7013b6b3247b324ff999b6beeb01b01636842550501fb6ecca9c:14:fine:783972e641ab7013b6b3247b324ff999b6beeb01b01636842550501fb6ecca9c:14,2,3,3,0,0,0,0
d002,m3rr:fine:1ff853294abaa92522bd1f74e24e1523522571dd575d20d3cc71abe29649a5ef:2:fine:1ff853294abaa92522bd1f74e24e1523522571dd575d20d3cc71abe29649a5ef:5,4,10,10,0,0,0,0
d002,m3rr:fine:ab9c435c19f4fc09072408edf70201916c0fa70362004e3e3abc61af9cafc6b1:2:fine:ab9c435c19f4fc09072408edf70201916c0fa70362004e3e3abc61af9cafc6b1:5,4,10,10,0,0,0,0
d003,m3rr:fine:a62a5f3f9bb639948924d3d7c00b3872290b69fe4f5cf1cb5fec6f4f9ef995ac:2:fine:a62a5f3f9bb639948924d3d7c00b3872290b69fe4f5cf1cb5fec6f4f9ef995ac:4,3,6,6,0,0,0,0
d004,m3rr:fine:4b41bd370144a17469b3db7503f4b0699cd7564e8cd9d7cac8385f82a7974ed2:2:fine:4b41bd370144a17469b3db7503f4b0699cd7564e8cd9d7cac8385f82a7974ed2:6,5,15,15,0,0,0,0
d004,m3rr:fine:4b41bd370144a17469b3db7503f4b0699cd7564e8cd9d7cac8385f82a7974ed2:9:fine:4b41bd370144a17469b3db7503f4b0699cd7564e8cd9d7cac8385f82a7974ed2:9,2,3,3,0,0,0,0
d004,m3rr:fine:8ce08df17c19ecde8545c6c9a0f3f8e5aff4cbd8442cedcd83234d6fd9189615:2:fine:8ce08df17c19ecde8545c6c9a0f3f8e5aff4cbd8442cedcd83234d6fd9189615:6,5,15,15,0,0,0,0
d004,m3rr:fine:8ce08df17c19ecde8545c6c9a0f3f8e5aff4cbd8442cedcd83234d6fd9189615:9:fine:8ce08df17c19ecde8545c6c9a0f3f8e5aff4cbd8442cedcd83234d6fd9189615:9,2,3,3,0,0,0,0
d004,m3rr:fine:23c5e2d7b5e2cf69ceb9752e31596149a0e08469c422bb742e588d0da85edd7a:2:fine:23c5e2d7b5e2cf69ceb9752e31596149a0e08469c422bb742e588d0da85edd7a:5,5,15,15,0,0,0,0
d004,m3rr:fine:23c5e2d7b5e2cf69ceb9752e31596149a0e08469c422bb742e588d0da85edd7a:8:fine:23c5e2d7b5e2cf69ceb9752e31596149a0e08469c422bb742e588d0da85edd7a:8,2,3,3,0,0,0,0
d004,m3rr:fine:29e9f106f40a4f0abcd481aadc775bffe7220ba621b7a99d5c4b1314fa1086d1:2:fine:29e9f106f40a4f0abcd481aadc775bffe7220ba621b7a99d5c4b1314fa1086d1:5,5,15,15,0,0,0,0
d004,m3rr:fine:29e9f106f40a4f0abcd481aadc775bffe7220ba621b7a99d5c4b1314fa1086d1:8:fine:29e9f106f40a4f0abcd481aadc775bffe7220ba621b7a99d5c4b1314fa1086d1:8,2,3,3,0,0,0,0
d004,m3rr:fine:cb4846dccbd7ecd0f7e2c2f1755a236eedac76f9718581174615babbcd00df0c:2:fine:cb4846dccbd7ecd0f7e2c2f1755a236eedac76f9718581174615babbcd00df0c:5,4,10,10,0,0,0,0
d004,m3rr:fine:cb4846dccbd7ecd0f7e2c2f1755a236eedac76f9718581174615babbcd00df0c:8:fine:cb4846dccbd7ecd0f7e2c2f1755a236eedac76f9718581174615babbcd00df0c:8,2,3,3,0,0,0,0
d004,m3rr:fine:06f7d77b4ca52c768ffa543d20d6294877e22b5fee3c676a2af3f18a2ac8a294:2:fine:06f7d77b4ca52c768ffa543d20d6294877e22b5fee3c676a2af3f18a2ac8a294:5,4,10,10,0,0,0,0
d004,m3rr:fine:06f7d77b4ca52c768ffa543d20d6294877e22b5fee3c676a2af3f18a2ac8a294:8:fine:06f7d77b4ca52c768ffa543d20d6294877e22b5fee3c676a2af3f18a2ac8a294:8,2,3,3,0,0,0,0
d012,m3rr:fine:b779468a0e2167585d029dddd9c3310d60964e55d095f4080a9ba8b2025a9f73:3:fine:b779468a0e2167585d029dddd9c3310d60964e55d095f4080a9ba8b2025a9f73:5,3,6,6,0,0,0,0
d017,m3rr:fine:09faa060602c5cca791b7ca17b63a6c4c6b04ab9146b30d5e6ec47aa518c5b94:2:fine:09faa060602c5cca791b7ca17b63a6c4c6b04ab9146b30d5e6ec47aa518c5b94:4,3,6,6,0,0,0,0
d017,m3rr:fine:389f193bed3a1f9b85d3669ab122316266be529e73d6fc25c0c1cacfc8d76532:2:fine:389f193bed3a1f9b85d3669ab122316266be529e73d6fc25c0c1cacfc8d76532:4,3,6,6,0,0,0,0
d017,m3rr:fine:ae7aaf1aba3dafa99e722d08de5d01f6251cb894cefadccea4fdb82d4a2a4a9f:2:fine:ae7aaf1aba3dafa99e722d08de5d01f6251cb894cefadccea4fdb82d4a2a4a9f:4,3,6,6,0,0,0,0
d019,m3rr:fine:18e1b6a3c10eadd8e03ecae2446c321f0295a301a0a6c150fa9c5b59eee6a6d6:2:fine:18e1b6a3c10eadd8e03ecae2446c321f0295a301a0a6c150fa9c5b59eee6a6d6:5,4,10,10,0,0,0,0
d019,m3rr:fine:6a0391de564784b80def2fd2ca31ec72b40c000ed693d1a0bedabaabf98f0320:2:fine:6a0391de564784b80def2fd2ca31ec72b40c000ed693d1a0bedabaabf98f0320:4,3,6,6,0,0,0,0
d019,m3rr:fine:6a0391de564784b80def2fd2ca31ec72b40c000ed693d1a0bedabaabf98f0320:7:fine:6a0391de564784b80def2fd2ca31ec72b40c000ed693d1a0bedabaabf98f0320:7,1,1,1,0,0,0,0
d020,m3rr:fine:2a2d3975f9e1f0eea5b29d862be438bb60d6c4720152b78989c235686071c232:2:fine:2a2d3975f9e1f0eea5b29d862be438bb60d6c4720152b78989c235686071c232:5,4,10,10,0,0,0,0
d020,m3rr:fine:061e302fe870c99e73b8b31a7282ff34b960a030bc0f1d43a0fb6eb4bf71f5d9:2:fine:061e302fe870c99e73b8b31a7282ff34b960a030bc0f1d43a0fb6eb4bf71f5d9:5,4,10,10,0,0,0,0
d024,m3rr:fine:f574415707a4b1b3cb3ad567b51d91be3aecdfbb934b82ef01b84adff3fbd588:4:fine:f574415707a4b1b3cb3ad567b51d91be3aecdfbb934b82ef01b84adff3fbd588:5,2,3,3,0,0,0,0
d024,m3rr:fine:5f5ec99cbafa23008eee3569fcbabee1bc139733dfc6887597036739a216087f:3:fine:5f5ec99cbafa23008eee3569fcbabee1bc139733dfc6887597036739a216087f:5,3,6,6,0,0,0,0
d026,m3rr:fine:4f2602dcc21a32906a7f0b96c2f58a8d5cc6f145fedd92ff52185726cf3f075d:2:fine:4f2602dcc21a32906a7f0b96c2f58a8d5cc6f145fedd92ff52185726cf3f075d:2,1,1,1,0,0,0,0
d026,m3rr:fine:4f2602dcc21a32906a7f0b96c2f58a8d5cc6f145fedd92ff52185726cf3f075d:7:fine:4f2602dcc21a32906a7f0b96c2f58a8d5cc6f145fedd92ff52185726cf3f075d:7,2,3,3,0,0,0,0
d026,m3rr:fine:8dcf7629cee181a515bc04cf90c9b3691ba2dd643ecb70133b93629414df3035:2:fine:8dcf7629cee181a515bc04cf90c9b3691ba2dd643ecb70133b93629414df3035:2,1,1,1,0,0,0,0
d026,m3rr:fine:8dcf7629cee181a515bc04cf90c9b3691ba2dd643ecb70133b93629414df3035:7:fine:8dcf7629cee181a515bc04cf90c9b3691ba2dd643ecb70133b93629414df3035:7,2,3,3,0,0,0,0
d026,m3rr:fine:44723cc5d4d39e85062c1ac3e703ce2b4f28932062867b36ceabf0d2d0c19088:1:fine:44723cc5d4d39e85062c1ac3e703ce2b4f28932062867b36ceabf0d2d0c19088:1,2,3,3,0,0,0,0
d026,m3rr:fine:44723cc5d4d39e85062c1ac3e703ce2b4f28932062867b36ceabf0d2d0c19088:6:fine:44723cc5d4d39e85062c1ac3e703ce2b4f28932062867b36ceabf0d2d0c19088:6,2,3,3,0,0,0,0
d026,m3rr:fine:f532b9d0530de378a4654ab89989104fff978807f7b0fe5877ef608acf34be6d:1:fine:f532b9d0530de378a4654ab89989104fff978807f7b0fe5877ef608acf34be6d:1,2,3,3,0,0,0,0
d026,m3rr:fine:f532b9d0530de378a4654ab89989104fff978807f7b0fe5877ef608acf34be6d:6:fine:f532b9d0530de378a4654ab89989104fff978807f7b0fe5877ef608acf34be6d:6,2,3,3,0,0,0,0
d032,m3rr:fine:808e3dfd933392bb0adb0e768bb106c231039a65d9a411fcd4074d479a7c4314:2:fine:808e3dfd933392bb0adb0e768bb106c231039a65d9a411fcd4074d479a7c4314:2,1,1,1,0,0,0,0
d032,m3rr:fine:808e3dfd933392bb0adb0e768bb106c231039a65d9a411fcd4074d479a7c4314:4:fine:808e3dfd933392bb0adb0e768bb106c231039a65d9a411fcd4074d479a7c4314:5,2,3,3,0,0,0,0
d041,m3rr:fine:e1ad06c5773dd50b3b00fc37636df2e6664a7f5e6a70a17c2ff23a5921ae49f5:2:fine:e1ad06c5773dd50b3b00fc37636df2e6664a7f5e6a70a17c2ff23a5921ae49f5:4,3,6,6,0,0,0,0
d045,m3rr:fine:733e7ba7baa54f4ef5dc4c31e9c636f6746bf33a5091ac7c1634e37a1023977a:2:fine:733e7ba7baa54f4ef5dc4c31e9c636f6746bf33a5091ac7c1634e37a1023977a:2,1,1,1,0,0,0,0
d045,m3rr:fine:733e7ba7baa54f4ef5dc4c31e9c636f6746bf33a5091ac7c1634e37a1023977a:3:fine:733e7ba7baa54f4ef5dc4c31e9c636f6746bf33a5091ac7c1634e37a1023977a:6,4,10,10,0,0,0,0
d047,m3rr:fine:a99a46f951a5eed9c0f30969d2e210475130a7f56aa75427dbdd8604f4bbee78:2:fine:a99a46f951a5eed9c0f30969d2e210475130a7f56aa75427dbdd8604f4bbee78:3,2,3,3,0,0,0,0
d047,m3rr:fine:a99a46f951a5eed9c0f30969d2e210475130a7f56aa75427dbdd8604f4bbee78:6:fine:a99a46f951a5eed9c0f30969d2e210475130a7f56aa75427dbdd8604f4bbee78:6,1,1,1,0,0,0,0
d049,m3rr:fine:a3b9f653266a25c6392e9fdbb44c65232451b87c57294d619cb87f8f32c97e5a:2:fine:a3b9f653266a25c6392e9fdbb44c65232451b87c57294d619cb87f8f32c97e5a:6,5,15,15,0,0,0,0
d049,m3rr:fine:a3b9f653266a25c6392e9fdbb44c65232451b87c57294d619cb87f8f32c97e5a:9:fine:a3b9f653266a25c6392e9fdbb44c65232451b87c57294d619cb87f8f32c97e5a:9,2,3,3,0,0,0,0
d052,m3rr:fine:aa07d8e68846de9542896f106169602c57c31f5b499842a169d3b2262a705080:2:fine:aa07d8e68846de9542896f106169602c57c31f5b499842a169d3b2262a705080:3,2,3,3,0,0,0,0
d052,m3rr:fine:aa07d8e68846de9542896f106169602c57c31f5b499842a169d3b2262a705080:5:fine:aa07d8e68846de9542896f106169602c57c31f5b499842a169d3b2262a705080:5,1,1,1,0,0,0,0
d052,m3rr:fine:aa07d8e68846de9542896f106169602c57c31f5b499842a169d3b2262a705080:8:fine:aa07d8e68846de9542896f106169602c57c31f5b499842a169d3b2262a705080:8,2,3,3,0,0,0,0
d052,m3rr:fine:3ae466bc14e74a9a7234c225f1d6233e2154dffba5be40cbc8047cc0270e4e34:2:fine:3ae466bc14e74a9a7234c225f1d6233e2154dffba5be40cbc8047cc0270e4e34:3,2,3,3,0,0,0,0
d052,m3rr:fine:3ae466bc14e74a9a7234c225f1d6233e2154dffba5be40cbc8047cc0270e4e34:5:fine:3ae466bc14e74a9a7234c225f1d6233e2154dffba5be40cbc8047cc0270e4e34:5,2,3,3,0,0,0,0
d052,m3rr:fine:3ae466bc14e74a9a7234c225f1d6233e2154dffba5be40cbc8047cc0270e4e34:7:fine:3ae466bc14e74a9a7234c225f1d6233e2154dffba5be40cbc8047cc0270e4e34:7,2,3,3,0,0,0,0
d064,m3rr:fine:4ec4e6cb615a60da876e90037b3a6b71fd3135343b2715a41ef6115d5cba6601:2:fine:4ec4e6cb615a60da876e90037b3a6b71fd3135343b2715a41ef6115d5cba6601:4,3,6,6,0,0,0,0
d064,m3rr:fine:4ec4e6cb615a60da876e90037b3a6b71fd3135343b2715a41ef6115d5cba6601:6:fine:4ec4e6cb615a60da876e90037b3a6b71fd3135343b2715a41ef6115d5cba6601:7,2,3,3,0,0,0,0
d064,m3rr:fine:59be75786e9788089c26b75ac0172181821b4970c10bcc3fbea2a1082c15de96:2:fine:59be75786e9788089c26b75ac0172181821b4970c10bcc3fbea2a1082c15de96:7,6,20,20,0,0,0,0
d064,m3rr:fine:59be75786e9788089c26b75ac0172181821b4970c10bcc3fbea2a1082c15de96:11:fine:59be75786e9788089c26b75ac0172181821b4970c10bcc3fbea2a1082c15de96:11,2,3,3,0,0,0,0
d064,m3rr:fine:d1357f1721a16d895bd4dbec7c4146f2aaf6537a93cd4835ed913d32b35fcb13:2:fine:d1357f1721a16d895bd4dbec7c4146f2aaf6537a93cd4835ed913d32b35fcb13:7,6,20,20,0,0,0,0
d064,m3rr:fine:d1357f1721a16d895bd4dbec7c4146f2aaf6537a93cd4835ed913d32b35fcb13:10:fine:d1357f1721a16d895bd4dbec7c4146f2aaf6537a93cd4835ed913d32b35fcb13:10,2,3,3,0,0,0,0
d064,m3rr:fine:70fdd1290c0baa96ff1db32b35dc0afaba3867003f937bdbe7cddc7adbba258c:2:fine:70fdd1290c0baa96ff1db32b35dc0afaba3867003f937bdbe7cddc7adbba258c:3,2,3,3,0,0,0,0
d064,m3rr:fine:70fdd1290c0baa96ff1db32b35dc0afaba3867003f937bdbe7cddc7adbba258c:5:fine:70fdd1290c0baa96ff1db32b35dc0afaba3867003f937bdbe7cddc7adbba258c:6,2,3,3,0,0,0,0
d064,m3rr:fine:1c357b4cd40185cfc66180c9ecffa1ed73d82012c3ff92a53d766e80de61c664:2:fine:1c357b4cd40185cfc66180c9ecffa1ed73d82012c3ff92a53d766e80de61c664:3,2,3,3,0,0,0,0
d064,m3rr:fine:1c357b4cd40185cfc66180c9ecffa1ed73d82012c3ff92a53d766e80de61c664:5:fine:1c357b4cd40185cfc66180c9ecffa1ed73d82012c3ff92a53d766e80de61c664:6,2,3,3,0,0,0,0
d064,m3rr:fine:1c357b4cd40185cfc66180c9ecffa1ed73d82012c3ff92a53d766e80de61c664:10:fine:1c357b4cd40185cfc66180c9ecffa1ed73d82012c3ff92a53d766e80de61c664:10,2,3,3,0,0,0,0
d064,m3rr:fine:ebb301eeab10020452ad0bdb17fe1c0308caca598cffbab75adecb2059087b14:2:fine:ebb301eeab10020452ad0bdb17fe1c0308caca598cffbab75adecb2059087b14:3,2,3,3,0,0,0,0
d064,m3rr:fine:ebb301eeab10020452ad0bdb17fe1c0308caca598cffbab75adecb2059087b14:5:fine:ebb301eeab10020452ad0bdb17fe1c0308caca598cffbab75adecb2059087b14:6,2,3,3,0,0,0,0
d064,m3rr:fine:ebb301eeab10020452ad0bdb17fe1c0308caca598cffbab75adecb2059087b14:9:fine:ebb301eeab10020452ad0bdb17fe1c0308caca598cffbab75adecb2059087b14:9,2,3,3,0,0,0,0
d064,m3rr:fine:47b0dacba689d1c00233adb27f13a37a42ffab7d6a0c6a6fb049214d02b2e654:2:fine:47b0dacba689d1c00233adb27f13a37a42ffab7d6a0c6a6fb049214d02b2e654:3,2,3,3,0,0,0,0
d064,m3rr:fine:47b0dacba689d1c00233adb27f13a37a42ffab7d6a0c6a6fb049214d02b2e654:5:fine:47b0dacba689d1c00233adb27f13a37a42ffab7d6a0c6a6fb049214d02b2e654:6,2,3,3,0,0,0,0
d064,m3rr:fine:11eb9945f9db5ba5757ae51ffab6b689610acc12e6d740e88b18a99f19edfc09:2:fine:11eb9945f9db5ba5757ae51ffab6b689610acc12e6d740e88b18a99f19edfc09:6,5,15,15,0,0,0,0
d064,m3rr:fine:11eb9945f9db5ba5757ae51ffab6b689610acc12e6d740e88b18a99f19edfc09:10:fine:11eb9945f9db5ba5757ae51ffab6b689610acc12e6d740e88b18a99f19edfc09:10,2,3,3,0,0,0,0
d066,m3rr:fine:cfc5b03c2f931ffd5cc81dd729bee8d1927d1ed878add5928a820c0c3903a8d9:2:fine:cfc5b03c2f931ffd5cc81dd729bee8d1927d1ed878add5928a820c0c3903a8d9:3,2,3,3,0,0,0,0
d066,m3rr:fine:cfc5b03c2f931ffd5cc81dd729bee8d1927d1ed878add5928a820c0c3903a8d9:5:fine:cfc5b03c2f931ffd5cc81dd729bee8d1927d1ed878add5928a820c0c3903a8d9:6,2,3,3,0,0,0,0
d066,m3rr:fine:db4c7625df5e8111c22d1315b94c3172bf929870fd37aae207d69d09ec75fe0e:2:fine:db4c7625df5e8111c22d1315b94c3172bf929870fd37aae207d69d09ec75fe0e:3,2,3,3,0,0,0,0
d066,m3rr:fine:db4c7625df5e8111c22d1315b94c3172bf929870fd37aae207d69d09ec75fe0e:5:fine:db4c7625df5e8111c22d1315b94c3172bf929870fd37aae207d69d09ec75fe0e:6,2,3,3,0,0,0,0
d069,m3rr:fine:a8b44cc02fc92ebb8c5ec74de16db0d4a928527a1ca7ab9a1237737c25734250:3:fine:a8b44cc02fc92ebb8c5ec74de16db0d4a928527a1ca7ab9a1237737c25734250:5,3,6,6,0,0,0,0
d069,m3rr:fine:902276af9563775ca42c9b3af9776426c146f468467b3d33dceba87fc8e960fd:2:fine:902276af9563775ca42c9b3af9776426c146f468467b3d33dceba87fc8e960fd:5,4,10,10,0,0,0,0
d070,m3rr:fine:d063da752972df3ab0f0aaaf0fa9a4ba399663a0176b30ca39d455a8f7829535:2:fine:d063da752972df3ab0f0aaaf0fa9a4ba399663a0176b30ca39d455a8f7829535:5,4,10,10,0,0,0,0
d071,m3rr:fine:5ed0a646289efe6d3af0f38a79b52bd4d033d2c87e2e7c6667a7b6197bf5d350:3:fine:5ed0a646289efe6d3af0f38a79b52bd4d033d2c87e2e7c6667a7b6197bf5d350:5,3,6,6,0,0,0,0
d071,m3rr:fine:5ed0a646289efe6d3af0f38a79b52bd4d033d2c87e2e7c6667a7b6197bf5d350:7:fine:5ed0a646289efe6d3af0f38a79b52bd4d033d2c87e2e7c6667a7b6197bf5d350:7,2,3,3,0,0,0,0
d071,m3rr:fine:65f7c572745d28e311688330ee79ceda1e9f557b366d16db0765a7893f6d3936:2:fine:65f7c572745d28e311688330ee79ceda1e9f557b366d16db0765a7893f6d3936:2,1,1,1,0,0,0,0
d071,m3rr:fine:65f7c572745d28e311688330ee79ceda1e9f557b366d16db0765a7893f6d3936:7:fine:65f7c572745d28e311688330ee79ceda1e9f557b366d16db0765a7893f6d3936:7,2,3,3,0,0,0,0
d071,m3rr:fine:96b3deadb77b6979f02d40e5676788dfffd5e5aef0e5c66b24143ed41d244851:2:fine:96b3deadb77b6979f02d40e5676788dfffd5e5aef0e5c66b24143ed41d244851:2,1,1,1,0,0,0,0
d071,m3rr:fine:96b3deadb77b6979f02d40e5676788dfffd5e5aef0e5c66b24143ed41d244851:6:fine:96b3deadb77b6979f02d40e5676788dfffd5e5aef0e5c66b24143ed41d244851:6,2,3,3,0,0,0,0
d071,m3rr:fine:592d6d2593611dc1c7088c84d726c0848828ad9e6ab709ba4d43ffe7846f3e27:1:fine:592d6d2593611dc1c7088c84d726c0848828ad9e6ab709ba4d43ffe7846f3e27:1,2,3,3,0,0,0,0
d071,m3rr:fine:592d6d2593611dc1c7088c84d726c0848828ad9e6ab709ba4d43ffe7846f3e27:6:fine:592d6d2593611dc1c7088c84d726c0848828ad9e6ab709ba4d43ffe7846f3e27:6,2,3,3,0,0,0,0
d071,m3rr:fine:01834d08599ee95d9ee87871568fddf886032f4a7a8830f630a7394dcd7d06a8:1:fine:01834d08599ee95d9ee87871568fddf886032f4a7a8830f630a7394dcd7d06a8:1,2,3,3,0,0,0,0
d071,m3rr:fine:01834d08599ee95d9ee87871568fddf886032f4a7a8830f630a7394dcd7d06a8:6:fine:01834d08599ee95d9ee87871568fddf886032f4a7a8830f630a7394dcd7d06a8:6,2,3,3,0,0,0,0
d071,m3rr:fine:d72178383aad3d8e9d54d6769e3798f1537edb5d12356da5b8cfec6a921d71da:1:fine:d72178383aad3d8e9d54d6769e3798f1537edb5d12356da5b8cfec6a921d71da:1,2,3,3,0,0,0,0
d071,m3rr:fine:d72178383aad3d8e9d54d6769e3798f1537edb5d12356da5b8cfec6a921d71da:5:fine:d72178383aad3d8e9d54d6769e3798f1537edb5d12356da5b8cfec6a921d71da:5,2,3,3,0,0,0,0
d072,m3rr:fine:863441790030bd589e3551d836812164d4fdf50500eaf4cf8a7b54a95c5b0a62:2:fine:863441790030bd589e3551d836812164d4fdf50500eaf4cf8a7b54a95c5b0a62:3,2,3,3,0,0,0,0
d072,m3rr:fine:863441790030bd589e3551d836812164d4fdf50500eaf4cf8a7b54a95c5b0a62:5:fine:863441790030bd589e3551d836812164d4fdf50500eaf4cf8a7b54a95c5b0a62:5,1,1,1,0,0,0,0
d077,m3rr:fine:575446b92f769df17c3ae06bc66780f7ed5b3e1b59c115b02a3ea4d83bc597c4:3:fine:575446b92f769df17c3ae06bc66780f7ed5b3e1b59c115b02a3ea4d83bc597c4:4,2,3,3,0,0,0,0
d077,m3rr:fine:575446b92f769df17c3ae06bc66780f7ed5b3e1b59c115b02a3ea4d83bc597c4:5:fine:575446b92f769df17c3ae06bc66780f7ed5b3e1b59c115b02a3ea4d83bc597c4:5,1,1,1,0,0,0,0
d086,m3rr:fine:e1ad06c5773dd50b3b00fc37636df2e6664a7f5e6a70a17c2ff23a5921ae49f5:2:fine:e1ad06c5773dd50b3b00fc37636df2e6664a7f5e6a70a17c2ff23a5921ae49f5:5,4,10,10,0,0,0,0
d086,m3rr:fine:3b518d0b2df5f529d68743f21657b328629df6e85a64c6f34b152211b6dc2f06:1:fine:3b518d0b2df5f529d68743f21657b328629df6e85a64c6f34b152211b6dc2f06:1,2,3,3,0,0,0,0
d086,m3rr:fine:3b518d0b2df5f529d68743f21657b328629df6e85a64c6f34b152211b6dc2f06:3:fine:3b518d0b2df5f529d68743f21657b328629df6e85a64c6f34b152211b6dc2f06:4,2,3,3,0,0,0,0
d088,m3rr:fine:f3bf764a447987a5fc7f1b69a7c9bba4d5faa50ba65b6fac0bae7245a73800db:2:fine:f3bf764a447987a5fc7f1b69a7c9bba4d5faa50ba65b6fac0bae7245a73800db:5,4,10,10,0,0,0,0
d088,m3rr:fine:628087a696a35b529e01c34edffa6f7263390deb24f2ed9b57ea1757104ef66a:2:fine:628087a696a35b529e01c34edffa6f7263390deb24f2ed9b57ea1757104ef66a:5,4,10,10,0,0,0,0
d090,m3rr:fine:07eb5726cae0a7e3c94d49569b3ee022f69369369c3627fe85d2c9b66e4ee9a2:2:fine:07eb5726cae0a7e3c94d49569b3ee022f69369369c3627fe85d2c9b66e4ee9a2:2,1,1,1,0,0,0,0
d090,m3rr:fine:07eb5726cae0a7e3c94d49569b3ee022f69369369c3627fe85d2c9b66e4ee9a2:3:fine:07eb5726cae0a7e3c94d49569b3ee022f69369369c3627fe85d2c9b66e4ee9a2:5,3,6,6,0,0,0,0
d097,m3rr:fine:18c5948a0c47125fd4291633bab5a0774fba2dad1f22c6c4bb4e6c58dc89f79d:2:fine:18c5948a0c47125fd4291633bab5a0774fba2dad1f22c6c4bb4e6c58dc89f79d:5,4,10,10,0,0,0,0
d098,m3rr:fine:f446ccccf5831577bb29ea3e6e4a3b3474ea9605e6600667a154eac32ef404fa:2:fine:f446ccccf5831577bb29ea3e6e4a3b3474ea9605e6600667a154eac32ef404fa:5,4,10,10,0,0,0,0
d099,m3rr:fine:9cb4da7343ad5099e78cf4b38bae359fc6b1ddb9f6099a343f210d2164b151ce:2:fine:9cb4da7343ad5099e78cf4b38bae359fc6b1ddb9f6099a343f210d2164b151ce:3,2,3,3,0,0,0,0
d099,m3rr:fine:7f7fb8691417914971d075d7d28ade1f3362f4acce290baae4dd892678f4922c:2:fine:7f7fb8691417914971d075d7d28ade1f3362f4acce290baae4dd892678f4922c:3,2,3,3,0,0,0,0
d099,m3rr:fine:4f2b736799b59e895cc7f51021658bc344bab63aa1b6a716d2ac043f78d431f9:2:fine:4f2b736799b59e895cc7f51021658bc344bab63aa1b6a716d2ac043f78d431f9:3,2,3,3,0,0,0,0
d105,m3rr:fine:6752090d3cf53f5167bba05fe8f396b26b0afe2c505f12cd70d239f034918449:2:fine:6752090d3cf53f5167bba05fe8f396b26b0afe2c505f12cd70d239f034918449:5,4,10,10,0,0,0,0
d110,m3rr:fine:76ce7f66b862a0748d4485f51d5323f9b20fe5fa1b5a1d2ea0213242bf7de572:2:fine:76ce7f66b862a0748d4485f51d5323f9b20fe5fa1b5a1d2ea0213242bf7de572:3,2,3,3,0,0,0,0
d110,m3rr:fine:76ce7f66b862a0748d4485f51d5323f9b20fe5fa1b5a1d2ea0213242bf7de572:4:fine:76ce7f66b862a0748d4485f51d5323f9b20fe5fa1b5a1d2ea0213242bf7de572:5,2,3,3,0,0,0,0
d110,m3rr:fine:950332a19f5c35211e3fcdf15f3cba3052da1c587376a6872f4c7919df3c857c:2:fine:950332a19f5c35211e3fcdf15f3cba3052da1c587376a6872f4c7919df3c857c:3,2,3,3,0,0,0,0
d110,m3rr:fine:950332a19f5c35211e3fcdf15f3cba3052da1c587376a6872f4c7919df3c857c:4:fine:950332a19f5c35211e3fcdf15f3cba3052da1c587376a6872f4c7919df3c857c:5,2,3,3,0,0,0,0
d110,m3rr:fine:950332a19f5c35211e3fcdf15f3cba3052da1c587376a6872f4c7919df3c857c:11:fine:950332a19f5c35211e3fcdf15f3cba3052da1c587376a6872f4c7919df3c857c:11,2,3,3,0,0,0,0
d111,m3rr:fine:a8a80dd1cf0a013cd0b48b7e58b507826d735a23c8f61fd62b2eb1a5d1dd42b0:2:fine:a8a80dd1cf0a013cd0b48b7e58b507826d735a23c8f61fd62b2eb1a5d1dd42b0:3,2,3,3,0,0,0,0
d111,m3rr:fine:a8a80dd1cf0a013cd0b48b7e58b507826d735a23c8f61fd62b2eb1a5d1dd42b0:5:fine:a8a80dd1cf0a013cd0b48b7e58b507826d735a23c8f61fd62b2eb1a5d1dd42b0:6,2,3,3,0,0,0,0
d111,m3rr:fine:c9e30bf784980740a9a531e41fd868c23090ad1306c3e5c4573ee588d7a4ef91:2:fine:c9e30bf784980740a9a531e41fd868c23090ad1306c3e5c4573ee588d7a4ef91:2,1,1,1,0,0,0,0
d111,m3rr:fine:c9e30bf784980740a9a531e41fd868c23090ad1306c3e5c4573ee588d7a4ef91:4:fine:c9e30bf784980740a9a531e41fd868c23090ad1306c3e5c4573ee588d7a4ef91:5,2,3,3,0,0,0,0
d115,m3rr:fine:d063da752972df3ab0f0aaaf0fa9a4ba399663a0176b30ca39d455a8f7829535:2:fine:d063da752972df3ab0f0aaaf0fa9a4ba399663a0176b30ca39d455a8f7829535:5,4,10,10,0,0,0,0
d122,m3rr:fine:83dbf35736d0f9fa6b3c5fca38a17a86307bfcf0096a0d5d94bea5b90c49adb6:3:fine:83dbf35736d0f9fa6b3c5fca38a17a86307bfcf0096a0d5d94bea5b90c49adb6:4,2,3,3,0,0,0,0
d131,m3rr:fine:e1ad06c5773dd50b3b00fc37636df2e6664a7f5e6a70a17c2ff23a5921ae49f5:2:fine:e1ad06c5773dd50b3b00fc37636df2e6664a7f5e6a70a17c2ff23a5921ae49f5:4,3,6,6,0,0,0,0
d133,m3rr:fine:e0a1590921c9d03a280c76203e771396254c4b2628bb05186e2da196bb193cfe:2:fine:e0a1590921c9d03a280c76203e771396254c4b2628bb05186e2da196bb193cfe:2,2,3,3,0,0,0,0
d133,m3rr:fine:e0a1590921c9d03a280c76203e771396254c4b2628bb05186e2da196bb193cfe:4:fine:e0a1590921c9d03a280c76203e771396254c4b2628bb05186e2da196bb193cfe:5,2,3,3,0,0,0,0
d137,m3rr:fine:eb798f3b41733d6a73d84a693a1dd37d5eac24c80d1e734610722b68b57f64d0:2:fine:eb798f3b41733d6a73d84a693a1dd37d5eac24c80d1e734610722b68b57f64d0:2,1,1,1,0,0,0,0
d137,m3rr:fine:eb798f3b41733d6a73d84a693a1dd37d5eac24c80d1e734610722b68b57f64d0:5:fine:eb798f3b41733d6a73d84a693a1dd37d5eac24c80d1e734610722b68b57f64d0:6,2,3,3,0,0,0,0
d137,m3rr:fine:55488f22c3dac5d54cfd769703d8e6a540ffe759e4d01df8d5d8a824435c7d90:2:fine:55488f22c3dac5d54cfd769703d8e6a540ffe759e4d01df8d5d8a824435c7d90:2,1,1,1,0,0,0,0
d137,m3rr:fine:55488f22c3dac5d54cfd769703d8e6a540ffe759e4d01df8d5d8a824435c7d90:4:fine:55488f22c3dac5d54cfd769703d8e6a540ffe759e4d01df8d5d8a824435c7d90:6,3,6,6,0,0,0,0
d137,m3rr:fine:744170f42361b3657cd824851453bea12aa2debbc88a647d302e39323b72c67e:2:fine:744170f42361b3657cd824851453bea12aa2debbc88a647d302e39323b72c67e:3,2,3,3,0,0,0,0
d139,m3rr:fine:61158fd3e11bfd73794d58916642fb208de58bc8e325ae044d5b5662bddd3baa:2:fine:61158fd3e11bfd73794d58916642fb208de58bc8e325ae044d5b5662bddd3baa:5,5,15,15,0,0,0,0
d139,m3rr:fine:61158fd3e11bfd73794d58916642fb208de58bc8e325ae044d5b5662bddd3baa:8:fine:61158fd3e11bfd73794d58916642fb208de58bc8e325ae044d5b5662bddd3baa:8,2,3,3,0,0,0,0
d142,m3rr:fine:850e1470a5c0ff7b825518edca94b454195e8404cdbf8387fb7c9ebbfa4cec9c:2:fine:850e1470a5c0ff7b825518edca94b454195e8404cdbf8387fb7c9ebbfa4cec9c:3,2,3,3,0,0,0,0
d142,m3rr:fine:850e1470a5c0ff7b825518edca94b454195e8404cdbf8387fb7c9ebbfa4cec9c:5:fine:850e1470a5c0ff7b825518edca94b454195e8404cdbf8387fb7c9ebbfa4cec9c:5,1,1,1,0,0,0,0
d150,m3rr:fine:961f429393a24313dd0bd6aff7b5d895ba3cdb4b4bfb3c43632bea8b90ad19bd:6:fine:961f429393a24313dd0bd6aff7b5d895ba3cdb4b4bfb3c43632bea8b90ad19bd:8,3,6,6,0,0,0,0
d151,m3rr:fine:ff31e540f2d6dc0acda73505082ff35c9bb10bb38f67551bdab6c7adf7e2c8c6:2:fine:ff31e540f2d6dc0acda73505082ff35c9bb10bb38f67551bdab6c7adf7e2c8c6:4,3,6,6,0,0,0,0
d154,m3rr:fine:4ec4e6cb615a60da876e90037b3a6b71fd3135343b2715a41ef6115d5cba6601:2:fine:4ec4e6cb615a60da876e90037b3a6b71fd3135343b2715a41ef6115d5cba6601:4,3,6,6,0,0,0,0
d154,m3rr:fine:4ec4e6cb615a60da876e90037b3a6b71fd3135343b2715a41ef6115d5cba6601:6:fine:4ec4e6cb615a60da876e90037b3a6b71fd3135343b2715a41ef6115d5cba6601:8,3,6,6,0,0,0,0
d154,m3rr:fine:d1357f1721a16d895bd4dbec7c4146f2aaf6537a93cd4835ed913d32b35fcb13:2:fine:d1357f1721a16d895bd4dbec7c4146f2aaf6537a93cd4835ed913d32b35fcb13:8,7,25,25,0,0,0,0
d154,m3rr:fine:d1357f1721a16d895bd4dbec7c4146f2aaf6537a93cd4835ed913d32b35fcb13:10:fine:d1357f1721a16d895bd4dbec7c4146f2aaf6537a93cd4835ed913d32b35fcb13:10,2,3,3,0,0,0,0
d154,m3rr:fine:74c27dea8ff4f68605752ee528b25a5cee890ccb541ed39c30101fdc8173f624:2:fine:74c27dea8ff4f68605752ee528b25a5cee890ccb541ed39c30101fdc8173f624:3,2,3,3,0,0,0,0
d154,m3rr:fine:74c27dea8ff4f68605752ee528b25a5cee890ccb541ed39c30101fdc8173f624:5:fine:74c27dea8ff4f68605752ee528b25a5cee890ccb541ed39c30101fdc8173f624:5,1,1,1,0,0,0,0
d154,m3rr:fine:1f74e2e6d9f60672f114c0d23135b2216d417a0fdc062cf0bddf1cb134020c8a:2:fine:1f74e2e6d9f60672f114c0d23135b2216d417a0fdc062cf0bddf1cb134020c8a:3,2,3,3,0,0,0,0
d154,m3rr:fine:1f74e2e6d9f60672f114c0d23135b2216d417a0fdc062cf0bddf1cb134020c8a:5:fine:1f74e2e6d9f60672f114c0d23135b2216d417a0fdc062cf0bddf1cb134020c8a:5,1,1,1,0,0,0,0
d154,m3rr:fine:1f74e2e6d9f60672f114c0d23135b2216d417a0fdc062cf0bddf1cb134020c8a:10:fine:1f74e2e6d9f60672f114c0d23135b2216d417a0fdc062cf0bddf1cb134020c8a:10,2,3,3,0,0,0,0
d154,m3rr:fine:70fdd1290c0baa96ff1db32b35dc0afaba3867003f937bdbe7cddc7adbba258c:2:fine:70fdd1290c0baa96ff1db32b35dc0afaba3867003f937bdbe7cddc7adbba258c:3,2,3,3,0,0,0,0
d154,m3rr:fine:70fdd1290c0baa96ff1db32b35dc0afaba3867003f937bdbe7cddc7adbba258c:5:fine:70fdd1290c0baa96ff1db32b35dc0afaba3867003f937bdbe7cddc7adbba258c:7,3,6,6,0,0,0,0
d160,m3rr:fine:f774a780034a26b97b9d331caf40398dab52230dd4412d116916713500140161:2:fine:f774a780034a26b97b9d331caf40398dab52230dd4412d116916713500140161:5,4,10,10,0,0,0,0
d173,m3rr:fine:4dbd9e8ca8c9cd217d4d36e5c5cbcf013e064bb6ad23feda82205a74657159f1:2:fine:4dbd9e8ca8c9cd217d4d36e5c5cbcf013e064bb6ad23feda82205a74657159f1:2,1,1,1,0,0,0,0
d173,m3rr:fine:4dbd9e8ca8c9cd217d4d36e5c5cbcf013e064bb6ad23feda82205a74657159f1:4:fine:4dbd9e8ca8c9cd217d4d36e5c5cbcf013e064bb6ad23feda82205a74657159f1:6,3,6,6,0,0,0,0
d176,m3rr:fine:e1ad06c5773dd50b3b00fc37636df2e6664a7f5e6a70a17c2ff23a5921ae49f5:2:fine:e1ad06c5773dd50b3b00fc37636df2e6664a7f5e6a70a17c2ff23a5921ae49f5:4,3,6,6,0,0,0,0
d179,m3rr:fine:e57d10fe24a35a49777963a72ded5fcf4c672b193f940f4d2dc689d92d95fb8a:2:fine:e57d10fe24a35a49777963a72ded5fcf4c672b193f940f4d2dc689d92d95fb8a:5,4,10,10,0,0,0,0
d181,m3rr:fine:87b378e518149227e0820a66f609bdc82e0a021d09c05eaad8962e0fd131f881:2:fine:87b378e518149227e0820a66f609bdc82e0a021d09c05eaad8962e0fd131f881:6,5,15,15,0,0,0,0
d181,m3rr:fine:15bacf95a2dfd292201b827151bb72af16d551c239f44cd4ca16c9c89977cfe1:2:fine:15bacf95a2dfd292201b827151bb72af16d551c239f44cd4ca16c9c89977cfe1:6,5,15,15,0,0,0,0
d182,m3rr:fine:4dde7af713f95d45d6dea876d0042eb35b773855f40ac90a8045d024e66f5401:2:fine:4dde7af713f95d45d6dea876d0042eb35b773855f40ac90a8045d024e66f5401:3,2,3,3,0,0,0,0
d182,m3rr:fine:c221ad37caf6a12016d15bd741f2330cc0dcf642c9e7df11d86115c523db81aa:2:fine:c221ad37caf6a12016d15bd741f2330cc0dcf642c9e7df11d86115c523db81aa:2,1,1,1,0,0,0,0
d182,m3rr:fine:c221ad37caf6a12016d15bd741f2330cc0dcf642c9e7df11d86115c523db81aa:4:fine:c221ad37caf6a12016d15bd741f2330cc0dcf642c9e7df11d86115c523db81aa:5,2,3,3,0,0,0,0
d182,m3rr:fine:4913d2f1a63463c6012c6bb2764b257d3605620c398313f63cab788f3d64eb38:2:fine:4913d2f1a63463c6012c6bb2764b257d3605620c398313f63cab788f3d64eb38:2,1,1,1,0,0,0,0
d182,m3rr:fine:4913d2f1a63463c6012c6bb2764b257d3605620c398313f63cab788f3d64eb38:4:fine:4913d2f1a63463c6012c6bb2764b257d3605620c398313f63cab788f3d64eb38:5,2,3,3,0,0,0,0
d199,m3rr:fine:4ec4e6cb615a60da876e90037b3a6b71fd3135343b2715a41ef6115d5cba6601:2:fine:4ec4e6cb615a60da876e90037b3a6b71fd3135343b2715a41ef6115d5cba6601:4,3,6,6,0,0,0,0
d199,m3rr:fine:47b0dacba689d1c00233adb27f13a37a42ffab7d6a0c6a6fb049214d02b2e654:2:fine:47b0dacba689d1c00233adb27f13a37a42ffab7d6a0c6a6fb049214d02b2e654:7,6,20,20,0,0,0,0
d200,m3rr:fine:2a2d3975f9e1f0eea5b29d862be438bb60d6c4720152b78989c235686071c232:2:fine:2a2d3975f9e1f0eea5b29d862be438bb60d6c4720152b78989c235686071c232:5,4,10,10,0,0,0,0
d200,m3rr:fine:a308268100e36cbd166d4818ac892b001a3ef52441b8008b15ffdc26cbd88ff8:2:fine:a308268100e36cbd166d4818ac892b001a3ef52441b8008b15ffdc26cbd88ff8:5,4,10,10,0,0,0,0
d200,m3rr:fine:a308268100e36cbd166d4818ac892b001a3ef52441b8008b15ffdc26cbd88ff8:12:fine:a308268100e36cbd166d4818ac892b001a3ef52441b8008b15ffdc26cbd88ff8:12,2,3,3,0,0,0,0
