sampleId,targetSurface,anchorSurface,source,ambiguityEvidence,qa_anchor_present,qa_ambiguity_plausible,qa_keep_semantics,qa_not_generic_easy_keep,qa_pass
m3f100k_2026082420_f100k_nat_2026082420_034148,一,,FULL100K_EXISTING,A_same_target_legal_retry_elsewhere,Y,Y,Y,Y,Y
m3f100k_2026082420_f100k_top_2026082420_904561,一,,FULL100K_EXISTING,A_same_target_legal_retry_elsewhere,Y,Y,Y,Y,Y
m3f100k_2026082420_f100k_nat_2026082420_010849,一,,FULL100K_EXISTING,A_same_target_legal_retry_elsewhere,Y,Y,Y,Y,Y
m3f100k_2026082420_f100k_nat_2026082420_064924,一,,FULL100K_EXISTING,A_same_target_legal_retry_elsewhere,Y,Y,Y,Y,Y
m3f100k_2026082420_f100k_top_2026082420_913809,一,,FULL100K_EXISTING,A_same_target_legal_retry_elsewhere,Y,Y,Y,Y,Y
m3f100k_2026082420_f100k_nat_2026082420_032376,一,,FULL100K_EXISTING,A_same_target_legal_retry_elsewhere,Y,Y,Y,Y,Y
m3f100k_2026082420_f100k_nat_2026082420_025778,找,,FULL100K_EXISTING,A_same_target_legal_retry_elsewhere,Y,Y,Y,Y,Y
m3f100k_2026082420_f100k_xcg_2026082420_000321,上,车站,FULL100K_EXISTING,A_same_target_legal_retry_elsewhere|D_strict_or_semantic_contrast_family,Y,Y,Y,Y,Y
m3f100k_2026082420_f100k_xcg_2026082420_000850,约,药房,FULL100K_EXISTING,D_strict_or_semantic_contrast_family,Y,Y,Y,Y,Y
m3f100k_2026082420_f100k_nat_2026082420_062476,一,,FULL100K_EXISTING,A_same_target_legal_retry_elsewhere,Y,Y,Y,Y,Y
m3strict_2026082504_strict_2026082504_000286_KEEP,转,餐厅,STRICT_RECONSTRUCTION_KEEP_SIDE,A_same_target_legal_retry_elsewhere|D_strict_or_semantic_contrast_family,Y,Y,Y,Y,Y
m3f100k_2026082420_f100k_nat_2026082420_058089,口,,FULL100K_EXISTING,A_same_target_legal_retry_elsewhere,Y,Y,Y,Y,Y
m3f100k_2026082420_f100k_nat_2026082420_054770,门,,FULL100K_EXISTING,A_same_target_legal_retry_elsewhere,Y,Y,Y,Y,Y
m3f100k_2026082420_f100k_nat_2026082420_059317,本,,FULL100K_EXISTING,A_same_target_legal_retry_elsewhere,Y,Y,Y,Y,Y
m3f100k_2026082420_f100k_seed_seed_0013393,流,设备,FULL100K_EXISTING,A_same_target_legal_retry_elsewhere,Y,Y,Y,Y,Y
m3f100k_2026082420_f100k_nat_2026082420_062196,一,,FULL100K_EXISTING,A_same_target_legal_retry_elsewhere,Y,Y,Y,Y,Y
m3f100k_2026082420_f100k_nat_2026082420_036515,一,,FULL100K_EXISTING,A_same_target_legal_retry_elsewhere,Y,Y,Y,Y,Y
m3f100k_2026082420_f100k_seed_seed_0015148,前,丢失文件,FULL100K_EXISTING,D_strict_or_semantic_contrast_family,Y,Y,Y,Y,Y
m3f100k_2026082420_f100k_seed_seed_0005722,他,数据,FULL100K_EXISTING,D_strict_or_semantic_contrast_family,Y,Y,Y,Y,Y
m3f100k_2026082420_f100k_top_2026082420_912546,一,,FULL100K_EXISTING,A_same_target_legal_retry_elsewhere,Y,Y,Y,Y,Y
m3f100k_2026082420_f100k_nat_2026082420_058869,一,,FULL100K_EXISTING,A_same_target_legal_retry_elsewhere,Y,Y,Y,Y,Y
m3f100k_2026082420_f100k_nat_2026082420_012335,分,,FULL100K_EXISTING,A_same_target_legal_retry_elsewhere,Y,Y,Y,Y,Y
m3f100k_2026082420_f100k_top_2026082420_903365,一,,FULL100K_EXISTING,A_same_target_legal_retry_elsewhere,Y,Y,Y,Y,Y
m3f100k_2026082420_f100k_seed_seed_0014147,关,银行,FULL100K_EXISTING,D_strict_or_semantic_contrast_family,Y,Y,Y,Y,Y
m3f100k_2026082420_f100k_nat_2026082420_029283,到,,FULL100K_EXISTING,A_same_target_legal_retry_elsewhere,Y,Y,Y,Y,Y
m3f100k_2026082420_f100k_nat_2026082420_058609,一,,FULL100K_EXISTING,A_same_target_legal_retry_elsewhere,Y,Y,Y,Y,Y
m3f100k_2026082420_f100k_top_2026082420_914905,一,,FULL100K_EXISTING,A_same_target_legal_retry_elsewhere,Y,Y,Y,Y,Y
m3f100k_2026082420_f100k_seed_seed_0008454,假,休假,FULL100K_EXISTING,D_strict_or_semantic_contrast_family,Y,Y,Y,Y,Y
m3f100k_2026082420_f100k_nat_2026082420_061551,地,,FULL100K_EXISTING,A_same_target_legal_retry_elsewhere,Y,Y,Y,Y,Y
m3f100k_2026082420_f100k_nat_2026082420_005356,一,,FULL100K_EXISTING,A_same_target_legal_retry_elsewhere,Y,Y,Y,Y,Y
m3f100k_2026082420_f100k_nat_2026082420_021841,找,,FULL100K_EXISTING,A_same_target_legal_retry_elsewhere,Y,Y,Y,Y,Y
m3f100k_2026082420_f100k_seed_seed_0006780,议,会议室,FULL100K_EXISTING,D_strict_or_semantic_contrast_family,Y,Y,Y,Y,Y
m3f100k_2026082420_f100k_nat_2026082420_032124,会,,FULL100K_EXISTING,A_same_target_legal_retry_elsewhere,Y,Y,Y,Y,Y
m3f100k_2026082420_f100k_nat_2026082420_024044,一,,FULL100K_EXISTING,A_same_target_legal_retry_elsewhere,Y,Y,Y,Y,Y
m3f100k_2026082420_f100k_top_2026082420_901474,一,,FULL100K_EXISTING,A_same_target_legal_retry_elsewhere,Y,Y,Y,Y,Y
m3f100k_2026082420_f100k_nat_2026082420_057469,一,,FULL100K_EXISTING,A_same_target_legal_retry_elsewhere,Y,Y,Y,Y,Y
m3strict_2026082504_strict_2026082504_002426_KEEP,蓝,农场,STRICT_RECONSTRUCTION_KEEP_SIDE,A_same_target_legal_retry_elsewhere|D_strict_or_semantic_contrast_family,Y,Y,Y,Y,Y
m3f100k_2026082420_f100k_top_2026082420_905310,预,,FULL100K_EXISTING,A_same_target_legal_retry_elsewhere,Y,Y,Y,Y,Y
m3f100k_2026082420_f100k_seed_seed_0009375,昨,仪式,FULL100K_EXISTING,D_strict_or_semantic_contrast_family,Y,Y,Y,Y,Y
m3f100k_2026082420_f100k_seed_seed_0003737,目,项目部,FULL100K_EXISTING,D_strict_or_semantic_contrast_family,Y,Y,Y,Y,Y
m3f100k_2026082420_f100k_nat_2026082420_041067,上,,FULL100K_EXISTING,A_same_target_legal_retry_elsewhere,Y,Y,Y,Y,Y
m3f100k_2026082420_f100k_nat_2026082420_047508,烦,,FULL100K_EXISTING,A_same_target_legal_retry_elsewhere,Y,Y,Y,Y,Y
m3strict_2026082504_strict_2026082504_003245_KEEP,种,门诊,STRICT_RECONSTRUCTION_KEEP_SIDE,A_same_target_legal_retry_elsewhere|D_strict_or_semantic_contrast_family,Y,Y,Y,Y,Y
m3strict_2026082504_strict_2026082504_009303_KEEP,擦,餐厅,STRICT_RECONSTRUCTION_KEEP_SIDE,A_same_target_legal_retry_elsewhere|D_strict_or_semantic_contrast_family,Y,Y,Y,Y,Y
m3f100k_2026082420_f100k_nat_2026082420_039363,门,,FULL100K_EXISTING,A_same_target_legal_retry_elsewhere,Y,Y,Y,Y,Y
m3f100k_2026082420_f100k_nat_2026082420_022614,一,,FULL100K_EXISTING,A_same_target_legal_retry_elsewhere,Y,Y,Y,Y,Y
m3f100k_2026082420_f100k_seed_seed_0012702,意,聊天,FULL100K_EXISTING,A_same_target_legal_retry_elsewhere,Y,Y,Y,Y,Y
m3f100k_2026082420_f100k_top_2026082420_901931,一,,FULL100K_EXISTING,A_same_target_legal_retry_elsewhere,Y,Y,Y,Y,Y
m3f100k_2026082420_f100k_seed_seed_0002966,如,工时,FULL100K_EXISTING,D_strict_or_semantic_contrast_family,Y,Y,Y,Y,Y
m3f100k_2026082420_f100k_top_2026082420_910457,早,,FULL100K_EXISTING,A_same_target_legal_retry_elsewhere,Y,Y,Y,Y,Y
m3strict_2026082504_strict_2026082504_005351_KEEP,镇,加油,STRICT_RECONSTRUCTION_KEEP_SIDE,A_same_target_legal_retry_elsewhere|D_strict_or_semantic_contrast_family,Y,Y,Y,Y,Y
m3f100k_2026082420_f100k_top_2026082420_903350,一,,FULL100K_EXISTING,A_same_target_legal_retry_elsewhere,Y,Y,Y,Y,Y
m3f100k_2026082420_f100k_nat_2026082420_056796,场,,FULL100K_EXISTING,A_same_target_legal_retry_elsewhere,Y,Y,Y,Y,Y
m3f100k_2026082420_f100k_nat_2026082420_003639,烦,,FULL100K_EXISTING,A_same_target_legal_retry_elsewhere,Y,Y,Y,Y,Y
m3f100k_2026082420_f100k_nat_2026082420_031936,一,,FULL100K_EXISTING,A_same_target_legal_retry_elsewhere,Y,Y,Y,Y,Y
m3strict_2026082504_strict_2026082504_004656_KEEP,陈,外卖,STRICT_RECONSTRUCTION_KEEP_SIDE,A_same_target_legal_retry_elsewhere|D_strict_or_semantic_contrast_family,Y,Y,Y,Y,Y
m3f100k_2026082420_f100k_nat_2026082420_033727,本,,FULL100K_EXISTING,A_same_target_legal_retry_elsewhere,Y,Y,Y,Y,Y
m3f100k_2026082420_f100k_top_2026082420_914066,一,,FULL100K_EXISTING,A_same_target_legal_retry_elsewhere,Y,Y,Y,Y,Y
m3f100k_2026082420_f100k_seed_seed_0011089,关,礼仪,FULL100K_EXISTING,D_strict_or_semantic_contrast_family,Y,Y,Y,Y,Y
m3strict_2026082504_strict_2026082504_004699_KEEP,深,充电,STRICT_RECONSTRUCTION_KEEP_SIDE,A_same_target_legal_retry_elsewhere|D_strict_or_semantic_contrast_family,Y,Y,Y,Y,Y
m3strict_2026082504_strict_2026082504_002823_KEEP,操,装修,STRICT_RECONSTRUCTION_KEEP_SIDE,A_same_target_legal_retry_elsewhere|D_strict_or_semantic_contrast_family,Y,Y,Y,Y,Y
m3f100k_2026082420_f100k_seed_seed_0009411,现,新闻,FULL100K_EXISTING,D_strict_or_semantic_contrast_family,Y,Y,Y,Y,Y
m3f100k_2026082420_f100k_nat_2026082420_054744,发,,FULL100K_EXISTING,A_same_target_legal_retry_elsewhere,Y,Y,Y,Y,Y
m3f100k_2026082420_f100k_seed_seed_0000479,他,生气,FULL100K_EXISTING,D_strict_or_semantic_contrast_family,Y,Y,Y,Y,Y
m3f100k_2026082420_f100k_nat_2026082420_010367,一,,FULL100K_EXISTING,A_same_target_legal_retry_elsewhere,Y,Y,Y,Y,Y
m3f100k_2026082420_f100k_nat_2026082420_054998,到,,FULL100K_EXISTING,A_same_target_legal_retry_elsewhere,Y,Y,Y,Y,Y
m3f100k_2026082420_f100k_top_2026082420_912363,一,,FULL100K_EXISTING,A_same_target_legal_retry_elsewhere,Y,Y,Y,Y,Y
m3f100k_2026082420_f100k_nat_2026082420_046476,一,,FULL100K_EXISTING,A_same_target_legal_retry_elsewhere,Y,Y,Y,Y,Y
m3strict_2026082504_strict_2026082504_007300_KEEP,传,餐厅,STRICT_RECONSTRUCTION_KEEP_SIDE,A_same_target_legal_retry_elsewhere|D_strict_or_semantic_contrast_family,Y,Y,Y,Y,Y
m3f100k_2026082420_f100k_seed_seed_0011229,一,设备,FULL100K_EXISTING,A_same_target_legal_retry_elsewhere,Y,Y,Y,Y,Y
m3f100k_2026082420_f100k_seed_seed_0009452,关,时间,FULL100K_EXISTING,D_strict_or_semantic_contrast_family,Y,Y,Y,Y,Y
m3f100k_2026082420_f100k_top_2026082420_906189,到,,FULL100K_EXISTING,A_same_target_legal_retry_elsewhere,Y,Y,Y,Y,Y
m3f100k_2026082420_f100k_nat_2026082420_008294,找,,FULL100K_EXISTING,A_same_target_legal_retry_elsewhere,Y,Y,Y,Y,Y
m3f100k_2026082420_f100k_nat_2026082420_036399,发,,FULL100K_EXISTING,A_same_target_legal_retry_elsewhere,Y,Y,Y,Y,Y
m3f100k_2026082420_f100k_seed_seed_0012081,一,货物,FULL100K_EXISTING,A_same_target_legal_retry_elsewhere,Y,Y,Y,Y,Y
m3f100k_2026082420_f100k_nat_2026082420_051189,会,,FULL100K_EXISTING,A_same_target_legal_retry_elsewhere,Y,Y,Y,Y,Y
m3f100k_2026082420_f100k_top_2026082420_908521,房,,FULL100K_EXISTING,A_same_target_legal_retry_elsewhere,Y,Y,Y,Y,Y
m3f100k_2026082420_f100k_nat_2026082420_011210,上,,FULL100K_EXISTING,A_same_target_legal_retry_elsewhere,Y,Y,Y,Y,Y
m3f100k_2026082420_f100k_nat_2026082420_005924,制,,FULL100K_EXISTING,A_same_target_legal_retry_elsewhere,Y,Y,Y,Y,Y
m3f100k_2026082420_f100k_nat_2026082420_041282,一,,FULL100K_EXISTING,A_same_target_legal_retry_elsewhere,Y,Y,Y,Y,Y
m3f100k_2026082420_f100k_nat_2026082420_007964,场,,FULL100K_EXISTING,A_same_target_legal_retry_elsewhere,Y,Y,Y,Y,Y
m3f100k_2026082420_f100k_nat_2026082420_026839,房,,FULL100K_EXISTING,A_same_target_legal_retry_elsewhere,Y,Y,Y,Y,Y
m3f100k_2026082420_f100k_nat_2026082420_061385,借,,FULL100K_EXISTING,A_same_target_legal_retry_elsewhere,Y,Y,Y,Y,Y
m3f100k_2026082420_f100k_nat_2026082420_053424,息,,FULL100K_EXISTING,A_same_target_legal_retry_elsewhere,Y,Y,Y,Y,Y
m3strict_2026082504_strict_2026082504_007451_KEEP,招,医院,STRICT_RECONSTRUCTION_KEEP_SIDE,A_same_target_legal_retry_elsewhere|D_strict_or_semantic_contrast_family,Y,Y,Y,Y,Y
m3f100k_2026082420_f100k_top_2026082420_907346,一,,FULL100K_EXISTING,A_same_target_legal_retry_elsewhere,Y,Y,Y,Y,Y
m3f100k_2026082420_f100k_seed_seed_0002228,一,酒店,FULL100K_EXISTING,A_same_target_legal_retry_elsewhere|D_strict_or_semantic_contrast_family,Y,Y,Y,Y,Y
m3strict_2026082504_strict_2026082504_003681_KEEP,阵,快递,STRICT_RECONSTRUCTION_KEEP_SIDE,A_same_target_legal_retry_elsewhere|D_strict_or_semantic_contrast_family,Y,Y,Y,Y,Y
m3strict_2026082504_strict_2026082504_009311_KEEP,留,开票,STRICT_RECONSTRUCTION_KEEP_SIDE,A_same_target_legal_retry_elsewhere|D_strict_or_semantic_contrast_family,Y,Y,Y,Y,Y
m3f100k_2026082420_f100k_nat_2026082420_037809,到,,FULL100K_EXISTING,A_same_target_legal_retry_elsewhere,Y,Y,Y,Y,Y
m3f100k_2026082420_f100k_seed_seed_0014778,昨,手机,FULL100K_EXISTING,D_strict_or_semantic_contrast_family,Y,Y,Y,Y,Y
m3f100k_2026082420_f100k_nat_2026082420_028724,门,,FULL100K_EXISTING,A_same_target_legal_retry_elsewhere,Y,Y,Y,Y,Y
m3strict_2026082504_strict_2026082504_001810_KEEP,转,工厂,STRICT_RECONSTRUCTION_KEEP_SIDE,A_same_target_legal_retry_elsewhere|D_strict_or_semantic_contrast_family,Y,Y,Y,Y,Y
m3f100k_2026082420_f100k_top_2026082420_909981,一,,FULL100K_EXISTING,A_same_target_legal_retry_elsewhere,Y,Y,Y,Y,Y
m3f100k_2026082420_f100k_nat_2026082420_026346,一,,FULL100K_EXISTING,A_same_target_legal_retry_elsewhere,Y,Y,Y,Y,Y
m3f100k_2026082420_f100k_nat_2026082420_064405,到,,FULL100K_EXISTING,A_same_target_legal_retry_elsewhere,Y,Y,Y,Y,Y
m3f100k_2026082420_f100k_nat_2026082420_023884,一,,FULL100K_EXISTING,A_same_target_legal_retry_elsewhere,Y,Y,Y,Y,Y
m3strict_2026082504_strict_2026082504_004061_KEEP,思,门诊,STRICT_RECONSTRUCTION_KEEP_SIDE,A_same_target_legal_retry_elsewhere|D_strict_or_semantic_contrast_family,Y,Y,Y,Y,Y
m3f100k_2026082420_f100k_nat_2026082420_060564,本,,FULL100K_EXISTING,A_same_target_legal_retry_elsewhere,Y,Y,Y,Y,Y
m3f100k_2026082420_f100k_top_2026082420_910535,录,,FULL100K_EXISTING,A_same_target_legal_retry_elsewhere,Y,Y,Y,Y,Y
m3strict_2026082504_strict_2026082504_005345_KEEP,类,外卖,STRICT_RECONSTRUCTION_KEEP_SIDE,A_same_target_legal_retry_elsewhere|D_strict_or_semantic_contrast_family,Y,Y,Y,Y,Y
m3f100k_2026082420_f100k_seed_seed_0010722,工,差旅,FULL100K_EXISTING,D_strict_or_semantic_contrast_family,Y,Y,Y,Y,Y
m3f100k_2026082420_f100k_nat_2026082420_037100,发,,FULL100K_EXISTING,A_same_target_legal_retry_elsewhere,Y,Y,Y,Y,Y
m3f100k_2026082420_f100k_nat_2026082420_021407,一,,FULL100K_EXISTING,A_same_target_legal_retry_elsewhere,Y,Y,Y,Y,Y
m3f100k_2026082420_f100k_top_2026082420_901058,烦,,FULL100K_EXISTING,A_same_target_legal_retry_elsewhere,Y,Y,Y,Y,Y
m3f100k_2026082420_f100k_top_2026082420_905473,一,,FULL100K_EXISTING,A_same_target_legal_retry_elsewhere,Y,Y,Y,Y,Y
m3f100k_2026082420_f100k_seed_seed_0007082,晚,版本,FULL100K_EXISTING,D_strict_or_semantic_contrast_family,Y,Y,Y,Y,Y
m3f100k_2026082420_f100k_nat_2026082420_053694,一,,FULL100K_EXISTING,A_same_target_legal_retry_elsewhere,Y,Y,Y,Y,Y
m3f100k_2026082420_f100k_seed_seed_0008264,我,软件,FULL100K_EXISTING,D_strict_or_semantic_contrast_family,Y,Y,Y,Y,Y
m3f100k_2026082420_f100k_nat_2026082420_022507,一,,FULL100K_EXISTING,A_same_target_legal_retry_elsewhere,Y,Y,Y,Y,Y
m3f100k_2026082420_f100k_nat_2026082420_044089,到,,FULL100K_EXISTING,A_same_target_legal_retry_elsewhere,Y,Y,Y,Y,Y
m3f100k_2026082420_f100k_nat_2026082420_018597,定,,FULL100K_EXISTING,A_same_target_legal_retry_elsewhere,Y,Y,Y,Y,Y
m3f100k_2026082420_f100k_top_2026082420_916050,一,,FULL100K_EXISTING,A_same_target_legal_retry_elsewhere,Y,Y,Y,Y,Y
m3f100k_2026082420_f100k_nat_2026082420_066164,场,,FULL100K_EXISTING,A_same_target_legal_retry_elsewhere,Y,Y,Y,Y,Y
m3f100k_2026082420_f100k_top_2026082420_914126,烦,,FULL100K_EXISTING,A_same_target_legal_retry_elsewhere,Y,Y,Y,Y,Y
m3f100k_2026082420_f100k_xcg_2026082420_000899,上,加油,FULL100K_EXISTING,A_same_target_legal_retry_elsewhere|D_strict_or_semantic_contrast_family,Y,Y,Y,Y,Y
m3f100k_2026082420_f100k_nat_2026082420_040774,场,,FULL100K_EXISTING,A_same_target_legal_retry_elsewhere,Y,Y,Y,Y,Y
m3f100k_2026082420_f100k_nat_2026082420_016692,从,,FULL100K_EXISTING,A_same_target_legal_retry_elsewhere,Y,Y,Y,Y,Y
m3f100k_2026082420_f100k_nat_2026082420_035064,上,,FULL100K_EXISTING,A_same_target_legal_retry_elsewhere,Y,Y,Y,Y,Y
m3f100k_2026082420_f100k_nat_2026082420_031446,地,,FULL100K_EXISTING,A_same_target_legal_retry_elsewhere,Y,Y,Y,Y,Y
m3f100k_2026082420_f100k_seed_seed_0009006,时,API,FULL100K_EXISTING,D_strict_or_semantic_contrast_family,Y,Y,Y,Y,Y
m3f100k_2026082420_f100k_nat_2026082420_046459,烦,,FULL100K_EXISTING,A_same_target_legal_retry_elsewhere,Y,Y,Y,Y,Y
m3f100k_2026082420_f100k_top_2026082420_908841,一,,FULL100K_EXISTING,A_same_target_legal_retry_elsewhere,Y,Y,Y,Y,Y
m3f100k_2026082420_f100k_nat_2026082420_015334,回,,FULL100K_EXISTING,A_same_target_legal_retry_elsewhere,Y,Y,Y,Y,Y
m3f100k_2026082420_f100k_nat_2026082420_043004,发,,FULL100K_EXISTING,A_same_target_legal_retry_elsewhere,Y,Y,Y,Y,Y
m3strict_2026082504_strict_2026082504_003423_KEEP,致,学校,STRICT_RECONSTRUCTION_KEEP_SIDE,A_same_target_legal_retry_elsewhere|D_strict_or_semantic_contrast_family,Y,Y,Y,Y,Y
m3f100k_2026082420_f100k_nat_2026082420_060670,一,,FULL100K_EXISTING,A_same_target_legal_retry_elsewhere,Y,Y,Y,Y,Y
m3strict_2026082504_strict_2026082504_002137_KEEP,制,外卖,STRICT_RECONSTRUCTION_KEEP_SIDE,A_same_target_legal_retry_elsewhere|D_strict_or_semantic_contrast_family,Y,Y,Y,Y,Y
m3f100k_2026082420_f100k_nat_2026082420_065131,一,,FULL100K_EXISTING,A_same_target_legal_retry_elsewhere,Y,Y,Y,Y,Y
m3f100k_2026082420_f100k_nat_2026082420_037820,一,,FULL100K_EXISTING,A_same_target_legal_retry_elsewhere,Y,Y,Y,Y,Y
m3f100k_2026082420_f100k_top_2026082420_912237,会,,FULL100K_EXISTING,A_same_target_legal_retry_elsewhere,Y,Y,Y,Y,Y
m3f100k_2026082420_f100k_nat_2026082420_060785,一,,FULL100K_EXISTING,A_same_target_legal_retry_elsewhere,Y,Y,Y,Y,Y
m3f100k_2026082420_f100k_nat_2026082420_024023,一,,FULL100K_EXISTING,A_same_target_legal_retry_elsewhere,Y,Y,Y,Y,Y
m3strict_2026082504_strict_2026082504_007671_KEEP,蓝,学校,STRICT_RECONSTRUCTION_KEEP_SIDE,A_same_target_legal_retry_elsewhere|D_strict_or_semantic_contrast_family,Y,Y,Y,Y,Y
m3strict_2026082504_strict_2026082504_002438_KEEP,拦,快递,STRICT_RECONSTRUCTION_KEEP_SIDE,A_same_target_legal_retry_elsewhere|D_strict_or_semantic_contrast_family,Y,Y,Y,Y,Y
m3f100k_2026082420_f100k_nat_2026082420_058775,一,,FULL100K_EXISTING,A_same_target_legal_retry_elsewhere,Y,Y,Y,Y,Y
m3f100k_2026082420_f100k_nat_2026082420_061930,一,,FULL100K_EXISTING,A_same_target_legal_retry_elsewhere,Y,Y,Y,Y,Y
m3f100k_2026082420_f100k_nat_2026082420_058944,门,,FULL100K_EXISTING,A_same_target_legal_retry_elsewhere,Y,Y,Y,Y,Y
m3f100k_2026082420_f100k_top_2026082420_912646,人,,FULL100K_EXISTING,A_same_target_legal_retry_elsewhere,Y,Y,Y,Y,Y
m3f100k_2026082420_f100k_top_2026082420_905415,站,,FULL100K_EXISTING,A_same_target_legal_retry_elsewhere,Y,Y,Y,Y,Y
m3f100k_2026082420_f100k_top_2026082420_904251,一,,FULL100K_EXISTING,A_same_target_legal_retry_elsewhere,Y,Y,Y,Y,Y
m3f100k_2026082420_f100k_nat_2026082420_064654,一,,FULL100K_EXISTING,A_same_target_legal_retry_elsewhere,Y,Y,Y,Y,Y
m3f100k_2026082420_f100k_seed_seed_0011711,一,责任,FULL100K_EXISTING,A_same_target_legal_retry_elsewhere,Y,Y,Y,Y,Y
m3f100k_2026082420_f100k_nat_2026082420_059671,烦,,FULL100K_EXISTING,A_same_target_legal_retry_elsewhere,Y,Y,Y,Y,Y
m3f100k_2026082420_f100k_nat_2026082420_037564,一,,FULL100K_EXISTING,A_same_target_legal_retry_elsewhere,Y,Y,Y,Y,Y
m3f100k_2026082420_f100k_nat_2026082420_059164,清,,FULL100K_EXISTING,A_same_target_legal_retry_elsewhere,Y,Y,Y,Y,Y
m3f100k_2026082420_f100k_nat_2026082420_063824,一,,FULL100K_EXISTING,A_same_target_legal_retry_elsewhere,Y,Y,Y,Y,Y
m3f100k_2026082420_f100k_nat_2026082420_020991,早,,FULL100K_EXISTING,A_same_target_legal_retry_elsewhere,Y,Y,Y,Y,Y
m3f100k_2026082420_f100k_nat_2026082420_018811,早,,FULL100K_EXISTING,A_same_target_legal_retry_elsewhere,Y,Y,Y,Y,Y
m3strict_2026082504_strict_2026082504_008728_KEEP,针,充电,STRICT_RECONSTRUCTION_KEEP_SIDE,A_same_target_legal_retry_elsewhere|D_strict_or_semantic_contrast_family,Y,Y,Y,Y,Y
m3f100k_2026082420_f100k_seed_seed_0009827,如,地貌,FULL100K_EXISTING,D_strict_or_semantic_contrast_family,Y,Y,Y,Y,Y
m3f100k_2026082420_f100k_nat_2026082420_014230,一,,FULL100K_EXISTING,A_same_target_legal_retry_elsewhere,Y,Y,Y,Y,Y
m3strict_2026082504_strict_2026082504_006642_KEEP,离,停车,STRICT_RECONSTRUCTION_KEEP_SIDE,A_same_target_legal_retry_elsewhere|D_strict_or_semantic_contrast_family,Y,Y,Y,Y,Y
m3f100k_2026082420_f100k_nat_2026082420_028880,地,,FULL100K_EXISTING,A_same_target_legal_retry_elsewhere,Y,Y,Y,Y,Y
m3f100k_2026082420_f100k_nat_2026082420_043360,一,,FULL100K_EXISTING,A_same_target_legal_retry_elsewhere,Y,Y,Y,Y,Y
m3f100k_2026082420_f100k_top_2026082420_903090,一,,FULL100K_EXISTING,A_same_target_legal_retry_elsewhere,Y,Y,Y,Y,Y
m3f100k_2026082420_f100k_nat_2026082420_043246,一,,FULL100K_EXISTING,A_same_target_legal_retry_elsewhere,Y,Y,Y,Y,Y
m3f100k_2026082420_f100k_nat_2026082420_008945,一,,FULL100K_EXISTING,A_same_target_legal_retry_elsewhere,Y,Y,Y,Y,Y
m3f100k_2026082420_f100k_nat_2026082420_007098,早,,FULL100K_EXISTING,A_same_target_legal_retry_elsewhere,Y,Y,Y,Y,Y
m3f100k_2026082420_f100k_nat_2026082420_014675,一,,FULL100K_EXISTING,A_same_target_legal_retry_elsewhere,Y,Y,Y,Y,Y
m3f100k_2026082420_f100k_nat_2026082420_009183,到,,FULL100K_EXISTING,A_same_target_legal_retry_elsewhere,Y,Y,Y,Y,Y
m3f100k_2026082420_f100k_seed_seed_0003791,他,新闻,FULL100K_EXISTING,D_strict_or_semantic_contrast_family,Y,Y,Y,Y,Y
m3f100k_2026082420_f100k_top_2026082420_904723,借,,FULL100K_EXISTING,A_same_target_legal_retry_elsewhere,Y,Y,Y,Y,Y
m3f100k_2026082420_f100k_nat_2026082420_040878,存,,FULL100K_EXISTING,A_same_target_legal_retry_elsewhere,Y,Y,Y,Y,Y
m3f100k_2026082420_f100k_nat_2026082420_032616,人,,FULL100K_EXISTING,A_same_target_legal_retry_elsewhere,Y,Y,Y,Y,Y
m3f100k_2026082420_f100k_top_2026082420_905401,发,,FULL100K_EXISTING,A_same_target_legal_retry_elsewhere,Y,Y,Y,Y,Y
m3f100k_2026082420_f100k_nat_2026082420_047541,烦,,FULL100K_EXISTING,A_same_target_legal_retry_elsewhere,Y,Y,Y,Y,Y
m3f100k_2026082420_f100k_nat_2026082420_026657,发,,FULL100K_EXISTING,A_same_target_legal_retry_elsewhere,Y,Y,Y,Y,Y
m3f100k_2026082420_f100k_nat_2026082420_023851,门,,FULL100K_EXISTING,A_same_target_legal_retry_elsewhere,Y,Y,Y,Y,Y
m3f100k_2026082420_f100k_nat_2026082420_007482,一,,FULL100K_EXISTING,A_same_target_legal_retry_elsewhere,Y,Y,Y,Y,Y
m3f100k_2026082420_f100k_nat_2026082420_002886,一,,FULL100K_EXISTING,A_same_target_legal_retry_elsewhere,Y,Y,Y,Y,Y
m3f100k_2026082420_f100k_nat_2026082420_021489,一,,FULL100K_EXISTING,A_same_target_legal_retry_elsewhere,Y,Y,Y,Y,Y
m3f100k_2026082420_f100k_top_2026082420_908115,一,,FULL100K_EXISTING,A_same_target_legal_retry_elsewhere,Y,Y,Y,Y,Y
m3f100k_2026082420_f100k_nat_2026082420_050401,一,,FULL100K_EXISTING,A_same_target_legal_retry_elsewhere,Y,Y,Y,Y,Y
m3f100k_2026082420_f100k_nat_2026082420_034499,一,,FULL100K_EXISTING,A_same_target_legal_retry_elsewhere,Y,Y,Y,Y,Y
m3f100k_2026082420_f100k_nat_2026082420_009904,到,,FULL100K_EXISTING,A_same_target_legal_retry_elsewhere,Y,Y,Y,Y,Y
m3f100k_2026082420_f100k_nat_2026082420_045827,门,,FULL100K_EXISTING,A_same_target_legal_retry_elsewhere,Y,Y,Y,Y,Y
m3f100k_2026082420_f100k_nat_2026082420_056161,到,,FULL100K_EXISTING,A_same_target_legal_retry_elsewhere,Y,Y,Y,Y,Y
m3f100k_2026082420_f100k_nat_2026082420_049929,早,,FULL100K_EXISTING,A_same_target_legal_retry_elsewhere,Y,Y,Y,Y,Y
m3f100k_2026082420_f100k_seed_seed_0007824,到,前台,FULL100K_EXISTING,A_same_target_legal_retry_elsewhere|D_strict_or_semantic_contrast_family,Y,Y,Y,Y,Y
m3f100k_2026082420_f100k_seed_seed_0002686,晚,公交,FULL100K_EXISTING,D_strict_or_semantic_contrast_family,Y,Y,Y,Y,Y
m3f100k_2026082420_f100k_seed_seed_0007610,关,订单,FULL100K_EXISTING,D_strict_or_semantic_contrast_family,Y,Y,Y,Y,Y
m3f100k_2026082420_f100k_top_2026082420_907650,烦,,FULL100K_EXISTING,A_same_target_legal_retry_elsewhere,Y,Y,Y,Y,Y
m3f100k_2026082420_f100k_top_2026082420_912926,本,,FULL100K_EXISTING,A_same_target_legal_retry_elsewhere,Y,Y,Y,Y,Y
m3f100k_2026082420_f100k_nat_2026082420_046209,一,,FULL100K_EXISTING,A_same_target_legal_retry_elsewhere,Y,Y,Y,Y,Y
m3f100k_2026082420_f100k_nat_2026082420_035639,一,,FULL100K_EXISTING,A_same_target_legal_retry_elsewhere,Y,Y,Y,Y,Y
m3f100k_2026082420_f100k_nat_2026082420_050127,零,,FULL100K_EXISTING,A_same_target_legal_retry_elsewhere,Y,Y,Y,Y,Y
m3f100k_2026082420_f100k_nat_2026082420_043958,一,,FULL100K_EXISTING,A_same_target_legal_retry_elsewhere,Y,Y,Y,Y,Y
m3f100k_2026082420_f100k_top_2026082420_910702,一,,FULL100K_EXISTING,A_same_target_legal_retry_elsewhere,Y,Y,Y,Y,Y
m3f100k_2026082420_f100k_nat_2026082420_054134,一,,FULL100K_EXISTING,A_same_target_legal_retry_elsewhere,Y,Y,Y,Y,Y
m3strict_2026082504_strict_2026082504_003849_KEEP,深,旅游,STRICT_RECONSTRUCTION_KEEP_SIDE,A_same_target_legal_retry_elsewhere|D_strict_or_semantic_contrast_family,Y,Y,Y,Y,Y
m3f100k_2026082420_f100k_top_2026082420_915786,找,,FULL100K_EXISTING,A_same_target_legal_retry_elsewhere,Y,Y,Y,Y,Y
m3f100k_2026082420_f100k_top_2026082420_901021,一,,FULL100K_EXISTING,A_same_target_legal_retry_elsewhere,Y,Y,Y,Y,Y
m3f100k_2026082420_f100k_nat_2026082420_052206,早,,FULL100K_EXISTING,A_same_target_legal_retry_elsewhere,Y,Y,Y,Y,Y
m3f100k_2026082420_f100k_top_2026082420_906363,一,,FULL100K_EXISTING,A_same_target_legal_retry_elsewhere,Y,Y,Y,Y,Y
m3strict_2026082504_strict_2026082504_008125_KEEP,转,银行,STRICT_RECONSTRUCTION_KEEP_SIDE,A_same_target_legal_retry_elsewhere|D_strict_or_semantic_contrast_family,Y,Y,Y,Y,Y
m3f100k_2026082420_f100k_nat_2026082420_062159,一,,FULL100K_EXISTING,A_same_target_legal_retry_elsewhere,Y,Y,Y,Y,Y
m3f100k_2026082420_f100k_nat_2026082420_005928,到,,FULL100K_EXISTING,A_same_target_legal_retry_elsewhere,Y,Y,Y,Y,Y
m3f100k_2026082420_f100k_nat_2026082420_066171,一,,FULL100K_EXISTING,A_same_target_legal_retry_elsewhere,Y,Y,Y,Y,Y
m3f100k_2026082420_f100k_nat_2026082420_060363,门,,FULL100K_EXISTING,A_same_target_legal_retry_elsewhere,Y,Y,Y,Y,Y
m3f100k_2026082420_f100k_top_2026082420_908397,息,,FULL100K_EXISTING,A_same_target_legal_retry_elsewhere,Y,Y,Y,Y,Y
m3f100k_2026082420_f100k_nat_2026082420_045297,地,,FULL100K_EXISTING,A_same_target_legal_retry_elsewhere,Y,Y,Y,Y,Y
m3f100k_2026082420_f100k_nat_2026082420_043024,到,,FULL100K_EXISTING,A_same_target_legal_retry_elsewhere,Y,Y,Y,Y,Y
m3f100k_2026082420_f100k_top_2026082420_915227,到,,FULL100K_EXISTING,A_same_target_legal_retry_elsewhere,Y,Y,Y,Y,Y
m3f100k_2026082420_f100k_seed_seed_0001470,关,行李,FULL100K_EXISTING,D_strict_or_semantic_contrast_family,Y,Y,Y,Y,Y
m3f100k_2026082420_f100k_nat_2026082420_064214,到,,FULL100K_EXISTING,A_same_target_legal_retry_elsewhere,Y,Y,Y,Y,Y
m3f100k_2026082420_f100k_nat_2026082420_061040,一,,FULL100K_EXISTING,A_same_target_legal_retry_elsewhere,Y,Y,Y,Y,Y
m3f100k_2026082420_f100k_nat_2026082420_007362,一,,FULL100K_EXISTING,A_same_target_legal_retry_elsewhere,Y,Y,Y,Y,Y
m3f100k_2026082420_f100k_top_2026082420_906854,冲,,FULL100K_EXISTING,A_same_target_legal_retry_elsewhere,Y,Y,Y,Y,Y
m3f100k_2026082420_f100k_seed_seed_0004093,等,规矩,FULL100K_EXISTING,D_strict_or_semantic_contrast_family,Y,Y,Y,Y,Y
m3strict_2026082504_strict_2026082504_007839_KEEP,离,快递,STRICT_RECONSTRUCTION_KEEP_SIDE,A_same_target_legal_retry_elsewhere|D_strict_or_semantic_contrast_family,Y,Y,Y,Y,Y
m3strict_2026082504_strict_2026082504_006658_KEEP,致,预约,STRICT_RECONSTRUCTION_KEEP_SIDE,A_same_target_legal_retry_elsewhere|D_strict_or_semantic_contrast_family,Y,Y,Y,Y,Y
m3f100k_2026082420_f100k_nat_2026082420_065691,到,,FULL100K_EXISTING,A_same_target_legal_retry_elsewhere,Y,Y,Y,Y,Y
m3strict_2026082504_strict_2026082504_009704_KEEP,离,酒店,STRICT_RECONSTRUCTION_KEEP_SIDE,A_same_target_legal_retry_elsewhere|D_strict_or_semantic_contrast_family,Y,Y,Y,Y,Y
m3f100k_2026082420_f100k_top_2026082420_902773,一,,FULL100K_EXISTING,A_same_target_legal_retry_elsewhere,Y,Y,Y,Y,Y
m3f100k_2026082420_f100k_nat_2026082420_008162,一,,FULL100K_EXISTING,A_same_target_legal_retry_elsewhere,Y,Y,Y,Y,Y
m3f100k_2026082420_f100k_seed_seed_0002784,关,版本,FULL100K_EXISTING,D_strict_or_semantic_contrast_family,Y,Y,Y,Y,Y
m3f100k_2026082420_f100k_nat_2026082420_011028,一,,FULL100K_EXISTING,A_same_target_legal_retry_elsewhere,Y,Y,Y,Y,Y
m3f100k_2026082420_f100k_seed_seed_0009480,关,工作人员,FULL100K_EXISTING,D_strict_or_semantic_contrast_family,Y,Y,Y,Y,Y
m3strict_2026082504_strict_2026082504_006494_KEEP,转,药房,STRICT_RECONSTRUCTION_KEEP_SIDE,A_same_target_legal_retry_elsewhere|D_strict_or_semantic_contrast_family,Y,Y,Y,Y,Y
m3f100k_2026082420_f100k_nat_2026082420_008528,一,,FULL100K_EXISTING,A_same_target_legal_retry_elsewhere,Y,Y,Y,Y,Y
m3f100k_2026082420_f100k_nat_2026082420_061131,经,,FULL100K_EXISTING,A_same_target_legal_retry_elsewhere,Y,Y,Y,Y,Y
m3f100k_2026082420_f100k_nat_2026082420_041163,地,,FULL100K_EXISTING,A_same_target_legal_retry_elsewhere,Y,Y,Y,Y,Y
m3f100k_2026082420_f100k_nat_2026082420_027414,一,,FULL100K_EXISTING,A_same_target_legal_retry_elsewhere,Y,Y,Y,Y,Y
m3f100k_2026082420_f100k_nat_2026082420_058627,一,,FULL100K_EXISTING,A_same_target_legal_retry_elsewhere,Y,Y,Y,Y,Y
m3f100k_2026082420_f100k_top_2026082420_913455,一,,FULL100K_EXISTING,A_same_target_legal_retry_elsewhere,Y,Y,Y,Y,Y
m3strict_2026082504_strict_2026082504_004071_KEEP,精,宿舍,STRICT_RECONSTRUCTION_KEEP_SIDE,A_same_target_legal_retry_elsewhere|D_strict_or_semantic_contrast_family,Y,Y,Y,Y,Y
m3f100k_2026082420_f100k_seed_seed_0009930,厅,餐厅,FULL100K_EXISTING,D_strict_or_semantic_contrast_family,Y,Y,Y,Y,Y
m3f100k_2026082420_f100k_seed_seed_0014994,工,职责,FULL100K_EXISTING,D_strict_or_semantic_contrast_family,Y,Y,Y,Y,Y
m3f100k_2026082420_f100k_nat_2026082420_045123,一,,FULL100K_EXISTING,A_same_target_legal_retry_elsewhere,Y,Y,Y,Y,Y
m3f100k_2026082420_f100k_nat_2026082420_054543,一,,FULL100K_EXISTING,A_same_target_legal_retry_elsewhere,Y,Y,Y,Y,Y
m3strict_2026082504_strict_2026082504_005499_KEEP,经,装修,STRICT_RECONSTRUCTION_KEEP_SIDE,A_same_target_legal_retry_elsewhere|D_strict_or_semantic_contrast_family,Y,Y,Y,Y,Y
m3f100k_2026082420_f100k_nat_2026082420_014334,找,,FULL100K_EXISTING,A_same_target_legal_retry_elsewhere,Y,Y,Y,Y,Y
m3f100k_2026082420_f100k_nat_2026082420_009775,一,,FULL100K_EXISTING,A_same_target_legal_retry_elsewhere,Y,Y,Y,Y,Y
m3f100k_2026082420_f100k_nat_2026082420_013471,行,,FULL100K_EXISTING,A_same_target_legal_retry_elsewhere,Y,Y,Y,Y,Y
m3f100k_2026082420_f100k_seed_seed_0014977,前,药剂,FULL100K_EXISTING,D_strict_or_semantic_contrast_family,Y,Y,Y,Y,Y
m3f100k_2026082420_f100k_nat_2026082420_058734,一,,FULL100K_EXISTING,A_same_target_legal_retry_elsewhere,Y,Y,Y,Y,Y
m3f100k_2026082420_f100k_top_2026082420_913834,息,,FULL100K_EXISTING,A_same_target_legal_retry_elsewhere,Y,Y,Y,Y,Y
m3f100k_2026082420_f100k_top_2026082420_908286,三,,FULL100K_EXISTING,A_same_target_legal_retry_elsewhere,Y,Y,Y,Y,Y
m3f100k_2026082420_f100k_nat_2026082420_045877,门,,FULL100K_EXISTING,A_same_target_legal_retry_elsewhere,Y,Y,Y,Y,Y
m3f100k_2026082420_f100k_nat_2026082420_046279,一,,FULL100K_EXISTING,A_same_target_legal_retry_elsewhere,Y,Y,Y,Y,Y
m3f100k_2026082420_f100k_nat_2026082420_064120,一,,FULL100K_EXISTING,A_same_target_legal_retry_elsewhere,Y,Y,Y,Y,Y
m3f100k_2026082420_f100k_nat_2026082420_021917,找,,FULL100K_EXISTING,A_same_target_legal_retry_elsewhere,Y,Y,Y,Y,Y
m3f100k_2026082420_f100k_xcg_2026082420_001076,上,餐厅,FULL100K_EXISTING,A_same_target_legal_retry_elsewhere|D_strict_or_semantic_contrast_family,Y,Y,Y,Y,Y
m3f100k_2026082420_f100k_nat_2026082420_025471,留,,FULL100K_EXISTING,A_same_target_legal_retry_elsewhere,Y,Y,Y,Y,Y
m3f100k_2026082420_f100k_nat_2026082420_019741,地,,FULL100K_EXISTING,A_same_target_legal_retry_elsewhere,Y,Y,Y,Y,Y
m3f100k_2026082420_f100k_top_2026082420_909449,一,,FULL100K_EXISTING,A_same_target_legal_retry_elsewhere,Y,Y,Y,Y,Y
m3f100k_2026082420_f100k_top_2026082420_907241,发,,FULL100K_EXISTING,A_same_target_legal_retry_elsewhere,Y,Y,Y,Y,Y
m3strict_2026082504_strict_2026082504_006632_KEEP,阵,养鸡,STRICT_RECONSTRUCTION_KEEP_SIDE,A_same_target_legal_retry_elsewhere|D_strict_or_semantic_contrast_family,Y,Y,Y,Y,Y
m3f100k_2026082420_f100k_seed_seed_0001951,如,释义,FULL100K_EXISTING,D_strict_or_semantic_contrast_family,Y,Y,Y,Y,Y
m3strict_2026082504_strict_2026082504_009501_KEEP,网,养鸡,STRICT_RECONSTRUCTION_KEEP_SIDE,A_same_target_legal_retry_elsewhere|D_strict_or_semantic_contrast_family,Y,Y,Y,Y,Y
m3f100k_2026082420_f100k_top_2026082420_913722,一,,FULL100K_EXISTING,A_same_target_legal_retry_elsewhere,Y,Y,Y,Y,Y
m3f100k_2026082420_f100k_nat_2026082420_041596,行,,FULL100K_EXISTING,A_same_target_legal_retry_elsewhere,Y,Y,Y,Y,Y
m3f100k_2026082420_f100k_seed_seed_0007136,刚,任务,FULL100K_EXISTING,D_strict_or_semantic_contrast_family,Y,Y,Y,Y,Y
m3f100k_2026082420_f100k_nat_2026082420_035057,一,,FULL100K_EXISTING,A_same_target_legal_retry_elsewhere,Y,Y,Y,Y,Y
m3strict_2026082504_strict_2026082504_008780_KEEP,思,餐厅,STRICT_RECONSTRUCTION_KEEP_SIDE,A_same_target_legal_retry_elsewhere|D_strict_or_semantic_contrast_family,Y,Y,Y,Y,Y
m3f100k_2026082420_f100k_nat_2026082420_045201,一,,FULL100K_EXISTING,A_same_target_legal_retry_elsewhere,Y,Y,Y,Y,Y
m3f100k_2026082420_f100k_nat_2026082420_036878,场,,FULL100K_EXISTING,A_same_target_legal_retry_elsewhere,Y,Y,Y,Y,Y
m3f100k_2026082420_f100k_nat_2026082420_048976,一,,FULL100K_EXISTING,A_same_target_legal_retry_elsewhere,Y,Y,Y,Y,Y
m3strict_2026082504_strict_2026082504_005664_KEEP,英,医院,STRICT_RECONSTRUCTION_KEEP_SIDE,A_same_target_legal_retry_elsewhere|D_strict_or_semantic_contrast_family,Y,Y,Y,Y,Y
m3strict_2026082504_strict_2026082504_008617_KEEP,身,仓库,STRICT_RECONSTRUCTION_KEEP_SIDE,A_same_target_legal_retry_elsewhere|D_strict_or_semantic_contrast_family,Y,Y,Y,Y,Y
m3strict_2026082504_strict_2026082504_008175_KEEP,存,旅游,STRICT_RECONSTRUCTION_KEEP_SIDE,A_same_target_legal_retry_elsewhere|D_strict_or_semantic_contrast_family,Y,Y,Y,Y,Y
m3f100k_2026082420_f100k_nat_2026082420_065427,一,,FULL100K_EXISTING,A_same_target_legal_retry_elsewhere,Y,Y,Y,Y,Y
m3f100k_2026082420_f100k_nat_2026082420_054230,一,,FULL100K_EXISTING,A_same_target_legal_retry_elsewhere,Y,Y,Y,Y,Y
m3f100k_2026082420_f100k_nat_2026082420_017309,一,,FULL100K_EXISTING,A_same_target_legal_retry_elsewhere,Y,Y,Y,Y,Y
m3f100k_2026082420_f100k_nat_2026082420_064546,一,,FULL100K_EXISTING,A_same_target_legal_retry_elsewhere,Y,Y,Y,Y,Y
m3f100k_2026082420_f100k_nat_2026082420_028732,场,,FULL100K_EXISTING,A_same_target_legal_retry_elsewhere,Y,Y,Y,Y,Y
m3strict_2026082504_strict_2026082504_007629_KEEP,赛,退款,STRICT_RECONSTRUCTION_KEEP_SIDE,A_same_target_legal_retry_elsewhere|D_strict_or_semantic_contrast_family,Y,Y,Y,Y,Y
m3strict_2026082504_strict_2026082504_007855_KEEP,致,门诊,STRICT_RECONSTRUCTION_KEEP_SIDE,A_same_target_legal_retry_elsewhere|D_strict_or_semantic_contrast_family,Y,Y,Y,Y,Y
m3strict_2026082504_strict_2026082504_008933_KEEP,撕,工厂,STRICT_RECONSTRUCTION_KEEP_SIDE,A_same_target_legal_retry_elsewhere|D_strict_or_semantic_contrast_family,Y,Y,Y,Y,Y
m3f100k_2026082420_f100k_seed_seed_0010302,关,公交,FULL100K_EXISTING,D_strict_or_semantic_contrast_family,Y,Y,Y,Y,Y
m3f100k_2026082420_f100k_nat_2026082420_022220,一,,FULL100K_EXISTING,A_same_target_legal_retry_elsewhere,Y,Y,Y,Y,Y
m3strict_2026082504_strict_2026082504_005880_KEEP,烦,开票,STRICT_RECONSTRUCTION_KEEP_SIDE,A_same_target_legal_retry_elsewhere|D_strict_or_semantic_contrast_family,Y,Y,Y,Y,Y
m3f100k_2026082420_f100k_nat_2026082420_040780,一,,FULL100K_EXISTING,A_same_target_legal_retry_elsewhere,Y,Y,Y,Y,Y
m3f100k_2026082420_f100k_nat_2026082420_056375,地,,FULL100K_EXISTING,A_same_target_legal_retry_elsewhere,Y,Y,Y,Y,Y
m3strict_2026082504_strict_2026082504_006209_KEEP,朝,学校,STRICT_RECONSTRUCTION_KEEP_SIDE,A_same_target_legal_retry_elsewhere|D_strict_or_semantic_contrast_family,Y,Y,Y,Y,Y
m3f100k_2026082420_f100k_nat_2026082420_004162,上,,FULL100K_EXISTING,A_same_target_legal_retry_elsewhere,Y,Y,Y,Y,Y
m3f100k_2026082420_f100k_nat_2026082420_051595,保,,FULL100K_EXISTING,A_same_target_legal_retry_elsewhere,Y,Y,Y,Y,Y
m3f100k_2026082420_f100k_top_2026082420_903759,门,,FULL100K_EXISTING,A_same_target_legal_retry_elsewhere,Y,Y,Y,Y,Y
m3f100k_2026082420_f100k_top_2026082420_909802,存,,FULL100K_EXISTING,A_same_target_legal_retry_elsewhere,Y,Y,Y,Y,Y
m3f100k_2026082420_f100k_top_2026082420_903179,一,,FULL100K_EXISTING,A_same_target_legal_retry_elsewhere,Y,Y,Y,Y,Y
m3strict_2026082504_strict_2026082504_005739_KEEP,拦,超市,STRICT_RECONSTRUCTION_KEEP_SIDE,A_same_target_legal_retry_elsewhere|D_strict_or_semantic_contrast_family,Y,Y,Y,Y,Y
m3f100k_2026082420_f100k_nat_2026082420_050915,一,,FULL100K_EXISTING,A_same_target_legal_retry_elsewhere,Y,Y,Y,Y,Y
m3f100k_2026082420_f100k_top_2026082420_907998,网,,FULL100K_EXISTING,A_same_target_legal_retry_elsewhere,Y,Y,Y,Y,Y
m3f100k_2026082420_f100k_seed_seed_0012297,一,问题,FULL100K_EXISTING,A_same_target_legal_retry_elsewhere,Y,Y,Y,Y,Y
m3strict_2026082504_strict_2026082504_005898_KEEP,随,养鸡,STRICT_RECONSTRUCTION_KEEP_SIDE,A_same_target_legal_retry_elsewhere|D_strict_or_semantic_contrast_family,Y,Y,Y,Y,Y
m3f100k_2026082420_f100k_nat_2026082420_043281,一,,FULL100K_EXISTING,A_same_target_legal_retry_elsewhere,Y,Y,Y,Y,Y
m3f100k_2026082420_f100k_nat_2026082420_013381,一,,FULL100K_EXISTING,A_same_target_legal_retry_elsewhere,Y,Y,Y,Y,Y
m3f100k_2026082420_f100k_top_2026082420_914155,人,,FULL100K_EXISTING,A_same_target_legal_retry_elsewhere,Y,Y,Y,Y,Y
m3f100k_2026082420_f100k_nat_2026082420_016762,一,,FULL100K_EXISTING,A_same_target_legal_retry_elsewhere,Y,Y,Y,Y,Y
m3f100k_2026082420_f100k_nat_2026082420_021023,录,,FULL100K_EXISTING,A_same_target_legal_retry_elsewhere,Y,Y,Y,Y,Y
m3f100k_2026082420_f100k_seed_seed_0004529,前,楼盘,FULL100K_EXISTING,D_strict_or_semantic_contrast_family,Y,Y,Y,Y,Y
m3f100k_2026082420_f100k_nat_2026082420_004852,网,,FULL100K_EXISTING,A_same_target_legal_retry_elsewhere,Y,Y,Y,Y,Y
m3f100k_2026082420_f100k_nat_2026082420_037300,地,,FULL100K_EXISTING,A_same_target_legal_retry_elsewhere,Y,Y,Y,Y,Y
m3f100k_2026082420_f100k_nat_2026082420_054976,清,,FULL100K_EXISTING,A_same_target_legal_retry_elsewhere,Y,Y,Y,Y,Y
m3f100k_2026082420_f100k_seed_seed_0007651,同,吵架,FULL100K_EXISTING,D_strict_or_semantic_contrast_family,Y,Y,Y,Y,Y
m3f100k_2026082420_f100k_xcg_2026082420_000650,候,机票,FULL100K_EXISTING,D_strict_or_semantic_contrast_family,Y,Y,Y,Y,Y
m3f100k_2026082420_f100k_nat_2026082420_022163,一,,FULL100K_EXISTING,A_same_target_legal_retry_elsewhere,Y,Y,Y,Y,Y
m3f100k_2026082420_f100k_nat_2026082420_005587,一,,FULL100K_EXISTING,A_same_target_legal_retry_elsewhere,Y,Y,Y,Y,Y
m3f100k_2026082420_f100k_seed_seed_0000227,前,设备,FULL100K_EXISTING,D_strict_or_semantic_contrast_family,Y,Y,Y,Y,Y
