caseId,regionCount,successRegions,fallbackRegions,queryCount,pipelineMs,rawAsr,s3Final
d001,12,12,0,68,17116,"你好,我想點一杯熱拿鐵中貝少糖 今天有蓝没马分吗?","你好,我想点一杯热拿铁中贝少糖 今天有蓝没马分吗?"
d002,2,2,0,20,8981,麻烦帮我做一杯美式带走大背就行谢谢,麻烦帮我做一杯美式带走大背就行谢谢
d003,2,1,1,12,9640,"请问,这款烟麦拿铁可以烧病吗?我赶时间小背","请问,这款烟麦拿铁可以烧病吗?我赶时间小背"
d004,12,12,0,98,22923,小城客户反馈翻译引擎接口报错 我们能不能加缓存下午三点前 把结论发群里,小城客户反馈翻译引擎接口报错 我们能不能加缓存下午三点前 把结论发群里
d005,8,0,8,105,32583,"今天德湛会现贵一下定,但中台 近都内存占用高折块需要先留保护大家看一下风险","今天德湛会现贵一下定,但中台 近都内存占用高折块需要先留保护大家看一下风险"
d006,1,0,1,10,10427,跟会员系统相关的需求我整理了一板八点钱请大家帮忙评审一下,跟会员系统相关的需求我整理了一板八点钱请大家帮忙评审一下
d007,1,0,1,10,13247,市副局仲觀村軟件遠走機場告訴 我幹 9点半的回药师赌车您提前跟我说,市副局仲观村软件远走机场告诉 我干 9点半的回药师赌车您提前跟我说
d008,1,0,1,10,11222,麻烦送我到国贸散清南门大该多久能到 我十点 十分有隔电话会,麻烦送我到国贸散清南门大该多久能到 我十点 十分有隔电话会
d009,9,0,9,45,12103,去望金色和不走私环可以吗?那贬现在赌不赌?,去望金色和不走私环可以吗?那贬现在赌不赌?
d010,2,0,2,6,7615,"醫生您好,我這兩天頭痛想開點,要並做個些常規","医生您好,我这两天头痛想开点,要并做个些常规"
d011,1,0,1,10,7467,括號出請問內客還有號碼 我微不舒服昨晚開始的,括号出请问内客还有号码 我微不舒服昨晚开始的
d012,1,1,0,6,10169,这个检查报告什么时候能出 我过敏 发痒需要请假休息吗?,这个检查报告什么时候能出 我过敏 发痒需要请假休息吗?
d013,1,0,1,6,7945,"这件外套能试穿吗?我穿中码,买两件有没有折扣?","这件外套能试穿吗?我穿中码,买两件有没有折扣?"
d014,1,0,1,10,11529,请问这双鞋有司时码吗? 不合适司时码 三天内可以退换吧,请问这双鞋有司时码吗? 不合适司时码 三天内可以退换吧
d015,2,0,2,6,12172,"我想对比 这两款订单中台的价格会员日,能再减一点吗?","我想对比 这两款订单中台的价格会员日,能再减一点吗?"
d016,1,0,1,10,11021,"周末要不要去江边骑行? 天气预报说,周日多云 记得带水","周末要不要去江边骑行? 天气预报说,周日多云 记得带水"
d017,4,3,1,24,11962,晚上一起吃饭嘛 我知道一家川菜 不错大概起点到,晚上一起吃饭嘛 我知道一家川菜 不错大概起点到
d018,6,0,6,36,8926,"你最近忙不忙,想找你看下手机备分怎么设置?","你最近忙不忙,想找你看下手机备分怎么设置?"
d019,7,3,4,35,22853,"今天,我們團結 对要讨论后选生成相关的后选生成流程和上限计划安排请研发一起评估风","今天,我们团结 对要讨论后选生成相关的后选生成流程和上限计划安排请研发一起评估风"
d020,4,2,2,36,13277,"这次发布我们线,对其商线计划窗口后选生成模块需要连掉别漏掉回归","这次发布我们线,对其商线计划窗口后选生成模块需要连掉别漏掉回归"
d021,1,0,1,10,12456,會上提到候選生成連路 要加監控 通上限期画文当我下午更新一版,会上提到候选生成连路 要加监控 通上限期画文当我下午更新一版
d022,4,0,4,12,12525,"您好我定,但顯示已發貨,但務留三天。 今天美更新能幫我查一下嗎?","您好我定,但显示已发货,但务留三天。 今天美更新能帮我查一下吗?"
d023,2,0,2,40,9432,想改一下收货地址还来得及吗? 麻烦尽快处理谢谢,想改一下收货地址还来得及吗? 麻烦尽快处理谢谢
d024,5,2,3,12,10961,发票抬头开错了能重新开具电子发票码,发票抬头开错了能重新开具电子发票码
d025,1,0,1,10,11249,请简单介绍一下 你上一段视频 項目裡負責的核心模塊和難點,请简单介绍一下 你上一段视频 项目里负责的核心模块和难点
d026,16,8,8,54,21355,"你如何看待夸团队协作,遇到需求边更一般怎么处理?","你如何看待夸团队协作,遇到需求边更一般怎么处理?"
d027,2,0,2,16,8949,期望星字这块我们可以再沟通你最快什么时候能入职,期望星字这块我们可以再沟通你最快什么时候能入职
d028,1,0,1,6,10429,"老師這道題的解題步,中能不能解解? 我没听懂第二点","老师这道题的解题步,中能不能解解? 我没听懂第二点"
d029,1,0,1,6,7537,"作业是狭州以下五叫码,可以电子板提叫码。","作业是狭州以下五叫码,可以电子板提叫码。"
d030,1,0,1,10,9013,请问这门客期末是开卷还是闭卷? 终点汇化吗?,请问这门客期末是开卷还是闭卷? 终点汇化吗?
d031,1,0,1,6,8192,我预定的十大床房能安排安静一点的楼层吗?,我预定的十大床房能安排安静一点的楼层吗?
d032,4,2,2,6,8392,早餐祭典开始 退房可以延迟到下午两点吗?,早餐祭典开始 退房可以延迟到下午两点吗?
d033,2,0,2,6,9543,房间空调不太知冷能派人上来看一下吗?,房间空调不太知冷能派人上来看一下吗?
d034,3,0,3,7,7822,"我想,開通短信提醒需要帶什麼證件","我想,开通短信提醒需要带什么证件"
d035,0,0,0,0,7157,這筆轉帳顯示處理中大概多久能到帳,这笔转帐显示处理中大概多久能到帐
d036,0,0,0,0,6865,請問理財產品的風險等急在哪裡查看,请问理财产品的风险等急在哪里查看
d037,2,0,2,6,7769,两位靠窗有位直麻 不要像蔡薇拉就行,两位靠窗有位直麻 不要像蔡薇拉就行
d038,1,0,1,6,8599,这道菜大概要等多久 我们先点一份凉菜和一壶茶,这道菜大概要等多久 我们先点一份凉菜和一壶茶
d039,2,0,2,12,8075,可以打爆嗎? 順便解一下張能掃馬支付嗎?,可以打爆吗? 顺便解一下张能扫马支付吗?
d040,1,0,1,6,8471,自教课还剩几次 能帮我约明天晚上7点吗?,自教课还剩几次 能帮我约明天晚上7点吗?
d041,2,1,1,12,9849,更易是龟仔钥匙找不到了前台 能帮忙开一下吗,更易是龟仔钥匙找不到了前台 能帮忙开一下吗
d042,3,0,3,9,8138,游泳自卡本月月底到期是非有優惠嗎?,游泳自卡本月月底到期是非有优惠吗?
d043,2,0,2,16,12692,"我们下午讨论后,选生呈方安线吧。 成的借口文章補齊","我们下午讨论后,选生呈方安线吧。 成的借口文章补齐"
d044,1,0,1,10,8729,这周的上线计划已经全任上线计划评审安排在周四上午,这周的上线计划已经全任上线计划评审安排在周四上午
d045,2,2,0,11,12830,"關於後,選生成為一位大學生。 和上限计划请按上限计划执行有问题群里说","关于后,选生成为一位大学生。 和上限计划请按上限计划执行有问题群里说"
d046,2,0,2,20,12699,你好 我想点一杯卡布奇诺中倍珍长糖 顺便问一下 今天有知识蛋糕吗?,你好 我想点一杯卡布奇诺中倍珍长糖 顺便问一下 今天有知识蛋糕吗?
d047,3,2,1,7,9230,麻烦帮我做一杯红茶带走大背就行谢谢,麻烦帮我做一杯红茶带走大背就行谢谢
d048,2,0,2,12,8829,"请问,这款热巧克力可以少病吗?我赶时间小杯","请问,这款热巧克力可以少病吗?我赶时间小杯"
d049,4,2,2,36,14081,理工科互反馈翻译引擎接口包错 我们能够 不能加缓存下午3点前把结论发群里,理工科互反馈翻译引擎接口包错 我们能够 不能加缓存下午3点前把结论发群里
d050,2,0,2,30,13190,今天的站会献过一下订单 中台 进度内存占用高着快 需要先留保护大家看一下风险,今天的站会献过一下订单 中台 进度内存占用高着快 需要先留保护大家看一下风险
d051,1,0,1,10,12353,跟會員系統相關的訊息 我整理了一版8点前请大家帮忙评审一下,跟会员系统相关的讯息 我整理了一版8点前请大家帮忙评审一下
d052,12,6,6,32,23482,市府区浦东张江走沿岸路高架 涡干 9点半的回药师赌车宁提前跟我说,市府区浦东张江走沿岸路高架 涡干 9点半的回药师赌车宁提前跟我说
d053,1,0,1,10,9912,麻烦送我到深圳南山科技园南门大概多久能到 我十点十分有隔电话会,麻烦送我到深圳南山科技园南门大概多久能到 我十点十分有隔电话会
d054,4,0,4,18,10776,去杭州戏戏不走三环 可以吗 那贬现在赌不赌,去杭州戏戏不走三环 可以吗 那贬现在赌不赌
d055,1,0,1,6,8828,一生您好我这两天嗓子疼想开店要并做各些常规,一生您好我这两天嗓子疼想开店要并做各些常规
d056,1,0,1,6,8480,挂号出请问 内刻还有号码 我低哨昨晚开始的,挂号出请问 内刻还有号码 我低哨昨晚开始的
d057,1,0,1,3,8749,这个检查报告什么时候能出 我咳嗽需要请假休息吗,这个检查报告什么时候能出 我咳嗽需要请假休息吗
d058,1,0,1,3,8470,"这件外套能试穿吗?我穿中码,买两件有没有折扣?","这件外套能试穿吗?我穿中码,买两件有没有折扣?"
d059,1,0,1,6,11611,"请问,这双鞋有40码码,不合适在哪里? 三天内可以推换吧","请问,这双鞋有40码码,不合适在哪里? 三天内可以推换吧"
d060,1,0,1,10,12900,"我想对比一下,这两款定制的 在訂單中台的加格會員日能再減一點嗎?","我想对比一下,这两款定制的 在订单中台的加格会员日能再减一点吗?"
d061,1,0,1,10,11913,众莫要不要去降边骑行 天气预报 周日多云积的带水,众莫要不要去降边骑行 天气预报 周日多云积的带水
d062,1,0,1,6,11566,"晚上 一起吃饭嘛,我知道一家川菜,不错大概起点到","晚上 一起吃饭嘛,我知道一家川菜,不错大概起点到"
d063,3,0,3,22,8561,"你最近忙不忙,想找你看下手机备分怎么设置","你最近忙不忙,想找你看下手机备分怎么设置"
d064,18,18,0,103,28142,"今天,我们团队要讨论候选生成相关的候选生成流程和商线计划安排请研发一起评估风险","今天,我们团队要讨论候选生成相关的候选生成流程和商线计划安排请研发一起评估风险"
d065,1,0,1,15,13190,"這次發布我們線對其上述 上限激化窗口后学生,成模块需要连掉别漏掉回归","这次发布我们线对其上述 上限激化窗口后学生,成模块需要连掉别漏掉回归"
d066,4,4,0,12,13631,"会上提到 候选生陈列露,要加件空上线级画文当我下午更新一版","会上提到 候选生陈列露,要加件空上线级画文当我下午更新一版"
d067,4,0,4,4,13145,您好我弟 但顯示已發貨 但物流三天沒更新能幫我查一下嗎?,您好我弟 但显示已发货 但物流三天没更新能帮我查一下吗?
d068,2,0,2,40,9888,"想改一下收货地址还来得及吗? 麻烦尽快处理,谢谢!","想改一下收货地址还来得及吗? 麻烦尽快处理,谢谢!"
d069,2,2,0,16,8897,发票抬头开错了能重新开具电子发票吗,发票抬头开错了能重新开具电子发票吗
d070,2,1,1,20,10855,"请简单介绍一下,你上一段项目里负责的核心模块和难点。","请简单介绍一下,你上一段项目里负责的核心模块和难点。"
d071,16,12,4,50,20961,"你如何看待夸团队写作,遇到需求边更一般怎么处理?","你如何看待夸团队写作,遇到需求边更一般怎么处理?"
d072,4,2,2,8,9479,"期望星,自这块我们可以再沟通你最快什么时候能入职","期望星,自这块我们可以再沟通你最快什么时候能入职"
d073,1,0,1,6,11547,"老是這道題的解題步,周能不能解解? 我没听懂第二点","老是这道题的解题步,周能不能解解? 我没听懂第二点"
d074,2,0,2,6,7953,"作业是下周一下午较码,可以电子版提较码。","作业是下周一下午较码,可以电子版提较码。"
d075,2,0,2,20,9725,请问这门客期末是开卷还是闭卷? 终点会话吗?,请问这门客期末是开卷还是闭卷? 终点会话吗?
d076,1,0,1,6,8574,我预定的是搭床房能安排安静一点的楼层吗,我预定的是搭床房能安排安静一点的楼层吗
d077,4,2,2,6,8516,早餐几点开始?退房可以延迟到下午2点吗?,早餐几点开始?退房可以延迟到下午2点吗?
d078,2,0,2,6,9853,房间空调不太知冷能派人上来看一下嘛,房间空调不太知冷能派人上来看一下嘛
d079,2,0,2,4,7857,我想开通短信提醒需要带什么证件,我想开通短信提醒需要带什么证件
d080,1,0,1,1,7518,這筆轉帳顯示處理中大概多久能到帳,这笔转帐显示处理中大概多久能到帐
d081,1,0,1,6,7250,請問理財產品的風險等急在哪裡查看,请问理财产品的风险等急在哪里查看
d082,1,0,1,3,8160,两位靠窗有位置吗? 不要像蔡薇娜就行,两位靠窗有位置吗? 不要像蔡薇娜就行
d083,1,0,1,6,8728,這道菜大概要等多久 我們先點一份涼菜和一壺茶,这道菜大概要等多久 我们先点一份凉菜和一壶茶
d084,2,0,2,9,8246,可以打爆麻 顺便结一下张能扫马支付吗?,可以打爆麻 顺便结一下张能扫马支付吗?
d085,1,0,1,6,8608,自教课还剩几次 能帮我约明天晚上7点吗?,自教课还剩几次 能帮我约明天晚上7点吗?
d086,6,3,3,32,12017,更易是龟仔钥匙找不到了前台 能帮忙开一下吗,更易是龟仔钥匙找不到了前台 能帮忙开一下吗
d087,1,0,1,3,7790,"游泳自卡本月月底到期續飛遊,又會嗎?","游泳自卡本月月底到期续飞游,又会吗?"
d088,2,2,0,20,13730,"我们下午讨论后,选生成福 方安线把候选生成的借口文当补齐","我们下午讨论后,选生成福 方安线把候选生成的借口文当补齐"
d089,1,0,1,6,8847,这周的上限计划已经确认上限计划评审安排在周四上午,这周的上限计划已经确认上限计划评审安排在周四上午
d090,2,2,0,7,11831,"關於後,選生成為 和上限计划请按上限计划执行有问题 群里说","关于后,选生成为 和上限计划请按上限计划执行有问题 群里说"
d091,1,0,1,10,11695,"你好,我想点一杯烟麦拿铁中备无糖 参变温宜 今天有被裹嗎?","你好,我想点一杯烟麦拿铁中备无糖 参变温宜 今天有被裹吗?"
d092,1,0,1,6,8066,麻煩幫我做一杯抹茶拿鐵帶走大 北洲行謝謝,麻烦帮我做一杯抹茶拿铁带走大 北洲行谢谢
d093,1,0,1,3,8126,"请问,这款病美是可以少病吗?我赶时间小呗!","请问,这款病美是可以少病吗?我赶时间小呗!"
d094,2,0,2,18,12485,小成科互反馈翻译引擎接口报错 我们能 不能加緩存下午3點前把結論發群裡,小成客户反馈翻译引擎接口报错 我们能 不能加缓存下午3点前把结论发群里
d095,4,0,4,45,23565,"今天,德湛會獻過一下訂單 中台,進都內 占用高折块需要先留保护大家看一下风险","今天,德湛会献过一下订单 中台,进都内 占用高折块需要先留保护大家看一下风险"
d096,1,0,1,10,9960,跟会员系统相关的需求 我整理了一版八点前请大家帮忙评审一下,跟会员系统相关的需求 我整理了一版八点前请大家帮忙评审一下
d097,2,1,1,20,14504,是付去中官村軟件遠走私環 我幹 9点半的会要是堵车 您提前跟我说,是付去中官村软件远走私环 我干 9点半的会要是堵车 您提前跟我说
d098,2,1,1,20,13087,麻烦送我到国贸三庆南门大概多久能到 我是点 十分有隔電話會,麻烦送我到国贸三庆南门大概多久能到 我是点 十分有隔电话会
d099,6,3,3,27,12851,去望京苏和步走机场高速可以吗?那变现在赌不赌?,去望京苏和步走机场高速可以吗?那变现在赌不赌?
d100,2,0,2,6,8537,"醫生您好,我這兩天頭痛想開點,要病做隔斜常規","医生您好,我这两天头痛想开点,要病做隔斜常规"
d101,2,0,2,7,13049,"刮號出請問,內課還要再加一段時間嗎? 还有号码,我微不舒服昨晚开始的","刮号出请问,内课还要再加一段时间吗? 还有号码,我微不舒服昨晚开始的"
d102,1,0,1,10,11452,這個檢查報告什麼時候能出? 我過敏 需要请假休息吗?,这个检查报告什么时候能出? 我过敏 需要请假休息吗?
d103,1,0,1,6,8646,"这件外套能试穿吗?我穿中码,买两件有没有折扣?","这件外套能试穿吗?我穿中码,买两件有没有折扣?"
d104,1,0,1,6,8487,"请问,这双鞋有40码吗?不合适三天内可以退换吧?","请问,这双鞋有40码吗?不合适三天内可以退换吧?"
d105,1,1,0,10,13708,我想对比一下这两款 在名单中台的加格会员日能再减一点吗?,我想对比一下这两款 在名单中台的加格会员日能再减一点吗?
d106,2,0,2,7,12155,众默亚 就不要去降边骑行 天气预报说 周日多云记得带水,众默亚 就不要去降边骑行 天气预报说 周日多云记得带水
d107,1,0,1,6,8347,晚上一起吃饭嘛 我知道一家串菜 不错大概期点到,晚上一起吃饭嘛 我知道一家串菜 不错大概期点到
d108,2,0,2,12,8172,"你最近忙不忙,想找你看,下手机备分怎么设置?","你最近忙不忙,想找你看,下手机备分怎么设置?"
d109,12,0,12,102,27044,"今天,我们团队要讨论候选生成相关的候选生成流程和上线计划安排,请研发一起评估风险","今天,我们团队要讨论候选生成相关的候选生成流程和上线计划安排,请研发一起评估风险"
d110,10,5,5,30,15900,這次發布 我们线对其商线激化窗口后选生成模块需要连掉别漏掉回归,这次发布 我们线对其商线激化窗口后选生成模块需要连掉别漏掉回归
d111,4,4,0,10,14222,会上提到候选生陈恋禄 要加监控 空上限期画文当我下午更新一版,会上提到候选生陈恋禄 要加监控 空上限期画文当我下午更新一版
d112,2,0,2,20,12335,您好我定但顯示已發貨 今天没更新能帮我查一下吗?,您好我定但显示已发货 今天没更新能帮我查一下吗?
d113,2,0,2,40,9978,"想改一下收货地址还来得及吗? 麻烦尽快处理,谢谢!","想改一下收货地址还来得及吗? 麻烦尽快处理,谢谢!"
d114,4,0,4,6,9110,發票台頭開錯了能重新開具電子發票嗎,发票台头开错了能重新开具电子发票吗
d115,2,1,1,20,10490,请简单介绍一下你上一段项目里负责的核心模块和难点,请简单介绍一下你上一段项目里负责的核心模块和难点
d116,2,0,2,13,14641,你如何看待夸团队写作? 遇到需求的夸团队 要求边更一般怎么处理,你如何看待夸团队写作? 遇到需求的夸团队 要求边更一般怎么处理
d117,1,0,1,10,8108,期望新自这块我们可以再沟通你最快什么时候能入职,期望新自这块我们可以再沟通你最快什么时候能入职
d118,1,0,1,6,11031,"老是知道提的幾題不,終能不能 我没听懂第二点","老是知道提的几题不,终能不能 我没听懂第二点"
d119,1,0,1,15,7565,作业时下周一下午叫吗?可以电子板提叫吗?,作业时下周一下午叫吗?可以电子板提叫吗?
d120,2,0,2,25,9575,请问这门客期末是开卷还是闭卷? 终点汇化码,请问这门客期末是开卷还是闭卷? 终点汇化码
d121,1,0,1,3,8574,我预定的是搭床房能安排安静一点的楼层吗,我预定的是搭床房能安排安静一点的楼层吗
d122,3,1,2,5,8964,早餐几点开始?退房可以延迟到下午两点吗?,早餐几点开始?退房可以延迟到下午两点吗?
d123,2,0,2,9,9958,房间空调不太知冷能派人上来看一下吗?,房间空调不太知冷能派人上来看一下吗?
d124,3,0,3,9,7714,"我想,開通短信提醒需要帶什麼證件","我想,开通短信提醒需要带什么证件"
d125,2,0,2,13,8059,这笔转账显示处理中大概多久能到账,这笔转账显示处理中大概多久能到账
d126,1,0,1,3,7890,請問理財產品的風險等急在哪裡查看,请问理财产品的风险等急在哪里查看
d127,0,0,0,0,7731,兩位靠窗有位置嘛 不要像蔡薇拉就行,两位靠窗有位置嘛 不要像蔡薇拉就行
d128,1,0,1,6,8376,这道菜大概要等多久 我们先点一份凉菜和一壶茶,这道菜大概要等多久 我们先点一份凉菜和一壶茶
d129,4,0,4,14,8823,可以打爆马 顺便解一下张能扫马支付吗?,可以打爆马 顺便解一下张能扫马支付吗?
d130,2,0,2,12,9266,私教课还剩几次 能帮我约明天晚上7点吗?,私教课还剩几次 能帮我约明天晚上7点吗?
d131,2,1,1,12,10338,更意識規則要是找不到了前台 能幫忙看一下嗎,更意识规则要是找不到了前台 能帮忙看一下吗
d132,2,0,2,6,8498,"游泳自卡本月月底到汽水飛遊,有會嗎?","游泳自卡本月月底到汽水飞游,有会吗?"
d133,4,2,2,12,12740,我们下午讨论后选生成方安现吧 完成的借口文當補齊,我们下午讨论后选生成方安现吧 完成的借口文当补齐
d134,1,0,1,10,8594,这周的上限计划已经确认上限计划评审安排在周四上午,这周的上限计划已经确认上限计划评审安排在周四上午
d135,4,0,4,11,12244,"關於後,選生成 和上限計劃請按上限計劃執行有問題 群裡說","关于后,选生成 和上限计划请按上限计划执行有问题 群里说"
d136,2,0,2,9,11444,"你好,我想点一杯热巧克力中备班糖 今天有趣奇嗎?","你好,我想点一杯热巧克力中备班糖 今天有趣奇吗?"
d137,6,5,1,20,10054,麻烦帮我做一杯热拿铁带走大背就行谢谢,麻烦帮我做一杯热拿铁带走大背就行谢谢
d138,1,0,1,3,8296,"请问,这款美式可以少病吗?我赶时间小背。","请问,这款美式可以少病吗?我赶时间小背。"
d139,2,2,0,18,13188,理工科互反規範易引擎接口包錯 我們能不能 能加缓存下午3点前把结论发群里,理工科互反规范易引擎接口包错 我们能不能 能加缓存下午3点前把结论发群里
d140,9,0,9,98,26852,今天 德站会先过一下丁淡 中台 进都内存 占用高折块需要先留保护 大家看一下风险,今天 德站会先过一下丁淡 中台 进都内存 占用高折块需要先留保护 大家看一下风险
d141,2,0,2,7,12439,"更會員 相關的需求,我整理了一版八點前請大家幫忙評審一下","更会员 相关的需求,我整理了一版八点前请大家帮忙评审一下"
d142,2,2,0,4,13773,市府區浦洞張江走三環 我敢 九点半的回药师赌春宁提前跟我说,市府区浦洞张江走三环 我敢 九点半的回药师赌春宁提前跟我说
d143,6,0,6,39,15318,麻烦送我到深圳南善科技园南门大概多久能到 我是点声 十分有隔电话会,麻烦送我到深圳南善科技园南门大概多久能到 我是点声 十分有隔电话会
d144,9,0,9,21,10499,"去杭州系,西部走沿岸路高架可以吗?那边现在赌不赌?","去杭州系,西部走沿岸路高架可以吗?那边现在赌不赌?"
d145,1,0,1,10,8591,醫生您好我這兩天嗓子疼想開店要並做隔斜常規,医生您好我这两天嗓子疼想开店要并做隔斜常规
d146,1,0,1,6,8458,挂号出请问 内刻还有号码 我低哨昨晚开始的,挂号出请问 内刻还有号码 我低哨昨晚开始的
d147,1,0,1,10,8807,這個檢查報告什麼時候能出 我咳嗽需要請假休息嗎,这个检查报告什么时候能出 我咳嗽需要请假休息吗
d148,1,0,1,6,8858,"这件外套能试穿吗? 我穿中码,买两件有没有折扣?","这件外套能试穿吗? 我穿中码,买两件有没有折扣?"
d149,2,0,2,12,11109,"請問,這雙鞋 有私始麻麻不合是三天内可以退换吧","请问,这双鞋 有私始麻麻不合是三天内可以退换吧"
d150,2,1,1,36,37134,我想对比一下这两款电子电子电子电子电子电子电子电子电子电子电子电子电子电子电子电,我想对比一下这两款电子电子电子电子电子电子电子电子电子电子电子电子电子电子电子电
d151,2,1,1,16,12529,周末 要不要去江边骑行 天气预报说 周日多云记得带水,周末 要不要去江边骑行 天气预报说 周日多云记得带水
d152,1,0,1,6,10093,"晚上一起吃飯吧 一家川菜,不错大概气点到","晚上一起吃饭吧 一家川菜,不错大概气点到"
d153,2,0,2,12,7328,"你最近忙不忙,想找你看下手机备分怎么设置","你最近忙不忙,想找你看下手机备分怎么设置"
d154,15,11,4,108,26066,"今天,我们团队要讨论后选生成相关的后选生成流程和上线计划安排,请研发一起评估风险","今天,我们团队要讨论后选生成相关的后选生成流程和上线计划安排,请研发一起评估风险"
d155,3,0,3,33,13536,這次發布我們現對其商量 建基化窗口后选生成模块需要连掉别漏掉回归,这次发布我们现对其商量 建基化窗口后选生成模块需要连掉别漏掉回归
d156,2,0,2,20,13060,會上提到候選生成戀路 要加監控 控商限集画文当我下午更新一版,会上提到候选生成恋路 要加监控 控商县级画文档我下午更新一版
d157,4,0,4,10,11179,"您好我定,但顯示 但物流三天,美更新能幫我查一下嗎?","您好我定,但显示 但物流三天,美更新能帮我查一下吗?"
d158,2,0,2,40,9176,想改一下收货地址还来得及吗? 麻烦尽快处理谢谢,想改一下收货地址还来得及吗? 麻烦尽快处理谢谢
d159,2,0,2,4,7505,發票抬頭開錯了能重新開具電子發票嗎?,发票抬头开错了能重新开具电子发票吗?
d160,2,1,1,20,12734,请简单介绍一下 你上一段 顺便向木李负责的核心模块和难点,请简单介绍一下 你上一段 顺便向木李负责的核心模块和难点
d161,10,0,10,40,15185,"你如何看待夸团队协作,遇到续成 这些球边更一般怎么处理","你如何看待夸团队协作,遇到续成 这些球边更一般怎么处理"
d162,8,0,8,22,10791,"期望性,自这块我们可以再沟通你最快什么时候能入职","期望性,自这块我们可以再沟通你最快什么时候能入职"
d163,1,0,1,15,11455,老是知道提的解题不 周能不能再讲一遍 我没听 感谢观众第二点,老是知道提的解题不 周能不能再讲一遍 我没听 感谢观众第二点
d164,1,0,1,6,7202,作业时下周以下午叫码 可以电子版提叫码,作业时下周以下午叫码 可以电子版提叫码
d165,2,0,2,25,9002,请问这门客期末是开卷还是闭卷? 终点会话吗?,请问这门客期末是开卷还是闭卷? 终点会话吗?
d166,1,0,1,6,8336,我预定的是搭床房能安排安静一点的楼层吗,我预定的是搭床房能安排安静一点的楼层吗
d167,2,0,2,2,7426,早餐几点开始?退房可以延迟到下午2点吗?,早餐几点开始?退房可以延迟到下午2点吗?
d168,2,0,2,6,9814,房间空调不太知冷能派人上来看一下吗?,房间空调不太知冷能派人上来看一下吗?
d169,3,0,3,9,7756,"我想,开通短信提醒需要带什么证件","我想,开通短信提醒需要带什么证件"
d170,2,0,2,13,8116,这笔转账显示处理中大概多久能到账,这笔转账显示处理中大概多久能到账
d171,2,0,2,12,8302,请问理财产品的风险等急在哪里查看,请问理财产品的风险等急在哪里查看
d172,0,0,0,0,7663,兩位靠窗有威脂嘛 不要像蔡薇娜就行,两位靠窗有威脂嘛 不要像蔡薇娜就行
d173,3,2,1,17,9141,這道菜大概要等多久 我們先點一份涼菜和一壺茶,这道菜大概要等多久 我们先点一份凉菜和一壶茶
d174,2,0,2,7,7684,可以打爆麻 顺便解一下张能扫马之腹吗?,可以打爆麻 顺便解一下张能扫马之腹吗?
d175,1,0,1,6,7946,自教课还剩几次 能帮我约明天晚上7点吗?,自教课还剩几次 能帮我约明天晚上7点吗?
d176,2,1,1,12,9565,更意識規則要是找不到了前台 能幫忙開一下嗎,更意识规则要是找不到了前台 能帮忙开一下吗
d177,3,0,3,9,7861,游泳次卡本月月底到期是非有优惠吗?,游泳次卡本月月底到期是非有优惠吗?
d178,1,0,1,10,11934,"我們下午討論後 选生成方安线吧,后选生成的接口文当补齐。","我们下午讨论后 选生成方安线吧,后选生成的接口文当补齐。"
d179,1,1,0,10,8412,這周的上限計劃意境 全任上限計劃評審安排在周四上午,这周的上限计划意境 全任上限计划评审安排在周四上午
d180,4,0,4,11,11771,"關於後,選生成功 請按上限計劃執行有問題群裡說","关于后,选生成功 请按上限计划执行有问题群里说"
d181,2,2,0,30,13315,"你好,我想點一杯冰美式中貝少糖 順便溫習一下 以下今天有蓝莓马芬吗","你好,我想点一杯冰美式中贝少糖 顺便温习一下 以下今天有蓝莓马芬吗"
d182,6,5,1,17,10670,"麻烦,帮我做一杯卡布其诺带走大背就行谢谢","麻烦,帮我做一杯卡布其诺带走大背就行谢谢"
d183,1,0,1,3,8019,"请问,这款红茶可以少冰吗?我赶时间小备","请问,这款红茶可以少冰吗?我赶时间小备"
d184,2,0,2,18,12902,小乘客互反馈翻译引擎接口 包错我们能不能加换存下物 三点钱 在我們把結論發群裡,小乘客户反馈翻译引擎接口 包错我们能不能加换存下物 三点钱 在我们把结论发群里
d185,8,0,8,100,29454,"今天,德戰會獻過一下訂單,中台! 京都内存占用高着快需要先留保护大家看一下风险","今天,德战会献过一下订单,中台! 京都内存占用高着快需要先留保护大家看一下风险"
d186,2,0,2,16,11461,跟会员系统相关的需求 我整理了一板8点钱请大家帮忙评审一下,跟会员系统相关的需求 我整理了一板8点钱请大家帮忙评审一下
d187,1,0,1,10,12575,市富渠仲觀村軟件遠走機場告訴 我幹 9点半的回药师堵车 您提前跟我说,市富渠仲观村软件远走机场告诉 我干 9点半的回药师堵车 您提前跟我说
d188,1,0,1,10,11588,麻烦送我到国贸三清 南门大概多久能到? 我十点 点十分有个电话会,麻烦送我到国贸三清 南门大概多久能到? 我十点 点十分有个电话会
d189,1,0,1,6,7979,去往金蘇赫布走私環可以嗎?那扁現在賭不賭?,去往金苏赫布走私环可以吗?那扁现在赌不赌?
d190,2,0,2,6,8325,"醫生您好,我這兩天頭通想開店,要病做個些常規","医生您好,我这两天头通想开店,要病做个些常规"
d191,1,0,1,6,8277,"刮号出请问,内客还有号码,我微不舒服昨晚开始的。","刮号出请问,内客还有号码,我微不舒服昨晚开始的。"
d192,1,0,1,10,11776,這個檢查報告什麼時候能出 我過敏發炎 阿洋需要请假休息吗?,这个检查报告什么时候能出 我过敏发炎 阿洋需要请假休息吗?
d193,1,0,1,6,8360,"这件外套能试穿吗?我串中码,买两件有没有折扣?","这件外套能试穿吗?我串中码,买两件有没有折扣?"
d194,1,0,1,6,8344,"请问,这双鞋有司时码吗?不合适三天内可以推换吧?","请问,这双鞋有司时码吗?不合适三天内可以推换吧?"
d195,1,0,1,10,13640,"我想对比一下,这两款 在点赞订单中排的加个会员日能再减一点吗?","我想对比一下,这两款 在点赞订单中排的加个会员日能再减一点吗?"
d196,1,0,1,10,11569,周末要不要去江边骑行? 天气预报 周日多云记得带水,周末要不要去江边骑行? 天气预报 周日多云记得带水
d197,1,0,1,6,10708,"晚上一起吃饭嘛 我知道一家川菜,不错大概 17點到","晚上一起吃饭嘛 我知道一家川菜,不错大概 17点到"
d198,2,0,2,12,7922,"你最近忙不忙,想找你看下手机备份怎么设置?","你最近忙不忙,想找你看下手机备份怎么设置?"
d199,4,2,2,46,16671,"今天,我们团队要讨论后选生成相关的后选生成、流程和上线计划安排请严发一起评估风险","今天,我们团队要讨论后选生成相关的后选生成、流程和上线计划安排请严发一起评估风险"
d200,6,3,3,46,13034,"这次发布我们线,对其商线计划窗口后选生成模快需要连掉别漏掉回归","这次发布我们线,对其商线计划窗口后选生成模快需要连掉别漏掉回归"
