caseId,parityPass,snapshotCaptured,pathCount,mutationIsolated,baselinePacked,s3Packed,packedSymmetric,outcome,baselinePostForkMs,s3PostForkMs,error
d001,true,true,8,true,156,156,true,UNCHANGED,9,118,
d002,true,true,3,true,47,47,true,UNCHANGED,2,112,
d003,true,true,2,true,37,37,true,UNCHANGED,2,31,
d004,true,true,4,true,120,120,true,UNCHANGED,4,198,
d005,true,true,8,true,270,270,true,UNCHANGED,13,173,
d006,true,true,1,true,26,26,true,UNCHANGED,1,12,
d007,true,true,1,true,30,30,true,UNCHANGED,1,28,
d008,true,true,1,true,27,27,true,UNCHANGED,1,16,
d009,true,true,6,true,107,107,true,UNCHANGED,5,100,
d010,true,true,1,true,20,20,true,UNCHANGED,1,12,
d011,true,true,1,true,19,19,true,UNCHANGED,1,3,
d012,true,true,1,true,23,23,true,UNCHANGED,1,1,
d013,true,true,1,true,20,20,true,UNCHANGED,1,7,
d014,true,true,1,true,23,23,true,UNCHANGED,1,1,
d015,true,true,2,true,45,45,true,UNCHANGED,2,22,
d016,true,true,2,true,45,45,true,UNCHANGED,2,72,
d017,true,true,4,true,80,80,true,UNCHANGED,3,68,
d018,true,true,6,true,101,101,true,UNCHANGED,5,2,
d019,true,true,8,true,300,300,true,UNCHANGED,10,293,
d020,true,true,4,true,116,116,true,UNCHANGED,5,78,
d021,true,true,1,true,27,27,true,UNCHANGED,1,53,
d022,true,true,2,true,53,53,true,UNCHANGED,2,21,
d023,true,true,2,true,39,39,true,UNCHANGED,2,28,
d024,true,true,4,true,60,60,true,UNCHANGED,2,39,
d025,true,true,2,true,55,55,true,UNCHANGED,2,62,
d026,true,true,8,true,156,156,true,UNCHANGED,8,151,
d027,true,true,2,true,45,45,true,UNCHANGED,2,29,
d028,true,true,1,true,22,22,true,UNCHANGED,1,19,
d029,true,true,1,true,18,18,true,UNCHANGED,1,16,
d030,true,true,1,true,17,17,true,UNCHANGED,0,5,
d031,true,true,1,true,19,19,true,UNCHANGED,0,12,
d032,true,true,2,true,35,35,true,UNCHANGED,2,28,
d033,true,true,2,true,31,31,true,UNCHANGED,1,15,
d034,true,true,1,true,15,15,true,UNCHANGED,1,3,
d035,true,true,2,true,27,27,true,UNCHANGED,0,12,
d036,true,true,1,true,15,15,true,UNCHANGED,1,1,
d037,true,true,1,true,15,15,true,UNCHANGED,1,11,
d038,true,true,1,true,21,21,true,UNCHANGED,0,3,
d039,true,true,1,true,16,16,true,UNCHANGED,1,12,
d040,true,true,1,true,17,17,true,UNCHANGED,1,6,
d041,true,true,4,true,72,72,true,UNCHANGED,3,96,
d042,true,true,2,true,31,31,true,UNCHANGED,2,26,
d043,true,true,2,true,43,43,true,UNCHANGED,1,28,
d044,true,true,1,true,24,24,true,UNCHANGED,1,29,
d045,true,true,1,true,38,38,true,UNCHANGED,1,80,
d046,true,true,4,true,108,108,true,UNCHANGED,4,72,
d047,true,true,2,true,33,33,true,UNCHANGED,1,51,
d048,true,true,1,true,19,19,true,UNCHANGED,1,13,
d049,true,true,2,true,63,63,true,UNCHANGED,2,28,
d050,true,true,2,true,67,67,true,UNCHANGED,2,26,
d051,true,true,1,true,26,26,true,UNCHANGED,0,13,
d052,true,true,4,true,108,108,true,UNCHANGED,3,162,
d053,true,true,1,true,29,29,true,UNCHANGED,1,28,
d054,true,true,1,true,19,19,true,UNCHANGED,0,7,
d055,true,true,1,true,21,21,true,UNCHANGED,1,7,
d056,true,true,1,true,18,18,true,UNCHANGED,0,3,
d057,true,true,1,true,21,21,true,UNCHANGED,0,5,
d058,true,true,1,true,19,19,true,UNCHANGED,1,8,
d059,true,true,1,true,22,22,true,UNCHANGED,2,3,
d060,true,true,1,true,28,28,true,UNCHANGED,1,15,
d061,true,true,1,true,21,21,true,UNCHANGED,1,20,
d062,true,true,1,true,21,21,true,UNCHANGED,1,7,
d063,true,true,3,true,55,55,true,UNCHANGED,2,12,
d064,true,true,8,true,278,278,true,UNCHANGED,11,407,
d065,true,true,8,true,270,270,true,UNCHANGED,11,200,
d066,true,true,1,true,26,26,true,UNCHANGED,1,43,
d067,true,true,2,true,49,49,true,UNCHANGED,2,29,
d068,true,true,2,true,39,39,true,UNCHANGED,2,32,
d069,true,true,4,true,56,56,true,UNCHANGED,4,66,
d070,true,true,2,true,45,45,true,UNCHANGED,2,70,
d071,true,true,8,true,156,156,true,UNCHANGED,8,216,
d072,true,true,2,true,45,45,true,UNCHANGED,2,30,
d073,true,true,1,true,20,20,true,UNCHANGED,1,17,
d074,true,true,1,true,17,17,true,UNCHANGED,1,14,
d075,true,true,2,true,35,35,true,UNCHANGED,2,13,
d076,true,true,1,true,19,19,true,UNCHANGED,1,13,
d077,true,true,2,true,31,31,true,UNCHANGED,2,16,
d078,true,true,2,true,33,33,true,UNCHANGED,2,14,
d079,true,true,2,true,29,29,true,UNCHANGED,1,9,
d080,true,true,2,true,29,29,true,UNCHANGED,2,12,
d081,true,true,1,true,16,16,true,UNCHANGED,0,1,
d082,true,true,1,true,16,16,true,UNCHANGED,0,10,
d083,true,true,1,true,21,21,true,UNCHANGED,1,3,
d084,true,true,1,true,17,17,true,UNCHANGED,0,12,
d085,true,true,1,true,17,17,true,UNCHANGED,0,6,
d086,true,true,2,true,39,39,true,UNCHANGED,2,40,
d087,true,true,1,true,16,16,true,UNCHANGED,0,20,
d088,true,true,2,true,49,49,true,UNCHANGED,2,69,
d089,true,true,2,true,45,45,true,UNCHANGED,2,45,
d090,true,true,1,true,24,24,true,UNCHANGED,1,19,
d091,true,true,2,true,41,41,true,UNCHANGED,0,15,
d092,true,true,1,true,18,18,true,UNCHANGED,0,13,
d093,true,true,1,true,18,18,true,UNCHANGED,1,12,
d094,true,true,1,true,30,30,true,UNCHANGED,1,12,
d095,true,true,4,true,136,136,true,UNCHANGED,6,62,
d096,true,true,1,true,27,27,true,UNCHANGED,1,14,
d097,true,true,1,true,28,28,true,UNCHANGED,1,15,
d098,true,true,2,true,51,51,true,UNCHANGED,3,55,
d099,true,true,6,true,119,119,true,UNCHANGED,5,178,
d100,true,true,1,true,20,20,true,UNCHANGED,1,18,
d101,true,true,1,true,24,24,true,UNCHANGED,1,7,
d102,true,true,1,true,22,22,true,UNCHANGED,1,3,
d103,true,true,1,true,19,19,true,UNCHANGED,1,6,
d104,true,true,1,true,18,18,true,UNCHANGED,0,1,
d105,true,true,1,true,25,25,true,UNCHANGED,2,11,
d106,true,true,1,true,22,22,true,UNCHANGED,3,32,
d107,true,true,1,true,21,21,true,UNCHANGED,0,16,
d108,true,true,2,true,35,35,true,UNCHANGED,1,0,
d109,true,true,8,true,292,292,true,UNCHANGED,11,132,
d110,true,true,4,true,116,116,true,UNCHANGED,4,97,
d111,true,true,2,true,53,53,true,UNCHANGED,3,125,
d112,true,true,2,true,51,51,true,UNCHANGED,1,23,
d113,true,true,2,true,39,39,true,UNCHANGED,2,34,
d114,true,true,4,true,60,60,true,UNCHANGED,3,43,
d115,true,true,2,true,45,45,true,UNCHANGED,1,49,
d116,true,true,2,true,37,37,true,UNCHANGED,0,13,
d117,true,true,1,true,23,23,true,UNCHANGED,0,14,
d118,true,true,1,true,20,20,true,UNCHANGED,1,10,
d119,true,true,1,true,17,17,true,UNCHANGED,0,19,
d120,true,true,2,true,35,35,true,UNCHANGED,1,23,
d121,true,true,1,true,18,18,true,UNCHANGED,1,31,
d122,true,true,2,true,33,33,true,UNCHANGED,2,18,
d123,true,true,2,true,31,31,true,UNCHANGED,0,12,
d124,true,true,1,true,15,15,true,UNCHANGED,0,2,
d125,true,true,2,true,29,29,true,UNCHANGED,1,14,
d126,true,true,2,true,31,31,true,UNCHANGED,0,1,
d127,true,true,1,true,16,16,true,UNCHANGED,1,10,
d128,true,true,1,true,20,20,true,UNCHANGED,0,7,
d129,true,true,6,true,95,95,true,UNCHANGED,3,52,
d130,true,true,2,true,33,33,true,UNCHANGED,1,16,
d131,true,true,2,true,39,39,true,UNCHANGED,2,30,
d132,true,true,2,true,31,31,true,UNCHANGED,1,30,
d133,true,true,4,true,112,112,true,UNCHANGED,4,166,
d134,true,true,1,true,23,23,true,UNCHANGED,1,20,
d135,true,true,2,true,49,49,true,UNCHANGED,2,23,
d136,true,true,4,true,78,78,true,UNCHANGED,1,27,
d137,true,true,4,true,68,68,true,UNCHANGED,4,109,
d138,true,true,1,true,17,17,true,UNCHANGED,0,8,
d139,true,true,2,true,61,61,true,UNCHANGED,3,40,
d140,true,true,8,true,260,260,true,UNCHANGED,11,148,
d141,true,true,1,true,26,26,true,UNCHANGED,1,14,
d142,true,true,1,true,26,26,true,UNCHANGED,1,18,
d143,true,true,1,true,29,29,true,UNCHANGED,1,16,
d144,true,true,3,true,61,61,true,UNCHANGED,3,26,
d145,true,true,1,true,21,21,true,UNCHANGED,0,15,
d146,true,true,1,true,18,18,true,UNCHANGED,1,4,
d147,true,true,1,true,22,22,true,UNCHANGED,1,1,
d148,true,true,1,true,20,20,true,UNCHANGED,1,10,
d149,true,true,2,true,31,31,true,UNCHANGED,1,9,
d150,true,true,2,true,53,53,true,UNCHANGED,2,25,
d151,true,true,2,true,43,43,true,UNCHANGED,2,69,
d152,true,true,1,true,18,18,true,UNCHANGED,1,1,
d153,true,true,4,true,68,68,true,UNCHANGED,3,4,
d154,true,true,8,true,292,292,true,UNCHANGED,10,214,
d155,true,true,1,true,25,25,true,UNCHANGED,1,6,
d156,true,true,2,true,55,55,true,UNCHANGED,2,36,
d157,true,true,2,true,43,43,true,UNCHANGED,1,35,
d158,true,true,2,true,37,37,true,UNCHANGED,1,33,
d159,true,true,2,true,33,33,true,UNCHANGED,2,11,
d160,true,true,2,true,51,51,true,UNCHANGED,2,82,
d161,true,true,4,true,84,84,true,UNCHANGED,3,50,
d162,true,true,4,true,88,88,true,UNCHANGED,2,51,
d163,true,true,1,true,27,27,true,UNCHANGED,1,13,
d164,true,true,1,true,18,18,true,UNCHANGED,0,8,
d165,true,true,2,true,35,35,true,UNCHANGED,1,12,
d166,true,true,1,true,19,19,true,UNCHANGED,1,14,
d167,true,true,1,true,17,17,true,UNCHANGED,1,4,
d168,true,true,2,true,33,33,true,UNCHANGED,1,14,
d169,true,true,2,true,29,29,true,UNCHANGED,2,9,
d170,true,true,4,true,56,56,true,UNCHANGED,1,50,
d171,true,true,2,true,29,29,true,UNCHANGED,2,9,
d172,true,true,1,true,16,16,true,UNCHANGED,1,11,
d173,true,true,2,true,41,41,true,UNCHANGED,2,10,
d174,true,true,1,true,17,17,true,UNCHANGED,0,13,
d175,true,true,1,true,17,17,true,UNCHANGED,0,6,
d176,true,true,2,true,39,39,true,UNCHANGED,2,32,
d177,true,true,2,true,31,31,true,UNCHANGED,1,24,
d178,true,true,1,true,25,25,true,UNCHANGED,1,14,
d179,true,true,1,true,23,23,true,UNCHANGED,0,88,
d180,true,true,1,true,20,20,true,UNCHANGED,1,10,
d181,true,true,2,true,57,57,true,UNCHANGED,2,62,
d182,true,true,2,true,37,37,true,UNCHANGED,1,46,
d183,true,true,1,true,17,17,true,UNCHANGED,1,3,
d184,true,true,1,true,34,34,true,UNCHANGED,2,9,
d185,true,true,8,true,268,268,true,UNCHANGED,8,110,
d186,true,true,2,true,51,51,true,UNCHANGED,3,28,
d187,true,true,4,true,116,116,true,UNCHANGED,4,125,
d188,true,true,1,true,28,28,true,UNCHANGED,1,3,
d189,true,true,1,true,19,19,true,UNCHANGED,1,15,
d190,true,true,1,true,20,20,true,UNCHANGED,0,10,
d191,true,true,1,true,19,19,true,UNCHANGED,1,3,
d192,true,true,1,true,26,26,true,UNCHANGED,0,6,
d193,true,true,1,true,20,20,true,UNCHANGED,1,6,
d194,true,true,1,true,20,20,true,UNCHANGED,1,1,
d195,true,true,2,true,57,57,true,UNCHANGED,3,47,
d196,true,true,1,true,22,22,true,UNCHANGED,1,16,
d197,true,true,1,true,19,19,true,UNCHANGED,1,6,
d198,true,true,2,true,37,37,true,UNCHANGED,1,8,
d199,true,true,4,true,148,148,true,UNCHANGED,5,81,
d200,true,true,2,true,59,59,true,UNCHANGED,2,47,