mechanism,targetCount,caseAffectedCount,structuralFamilyCount,targetShare,caseAffectedRate,targetDenominator,caseDenominator
TARGET_NOT_IN_LEXICON,117,84,56,0.2458,0.5,476,168
QUERY_NOT_REPAIR_CAPABLE,240,121,89,0.5042,0.7202,476,168
RECALL_TARGET_MISS,114,75,52,0.2395,0.4464,476,168
POST_RECALL_TARGET_DROP,0,0,0,0.0,0.0,476,168
ASSEMBLY_TARGET_DROP,0,0,0,0.0,0.0,476,168
CROSS_PATH_TARGET_DROP,0,0,0,0.0,0.0,476,168
KENLM_TARGET_NOT_SELECTED,3,3,3,0.0063,0.0179,476,168
TARGET_SURVIVED_NO_FINAL_IMPROVEMENT,2,2,2,0.0042,0.0119,476,168
OUTSIDE_LEXICON_CONTRACT,0,0,0,0.0,0.0,476,168
LEXICAL_TARGET_IDENTITY_UNRESOLVED,0,0,0,0.0,0.0,476,168
NORMALIZATION_EQUIVALENT,0,0,0,0.0,0.0,476,168
