key,value,status
phase,MODEL3_V2_S3_CLASS_WEIGHT_DOWNSTREAM_UTILITY_CAUSAL_AUDIT,RECORDED
CLASS_WEIGHT_MAINLINE_CAUSAL_UTILITY,INTERNAL_ONLY_NO_FINAL_UTILITY,CORRECTED
prior_CLASS_WEIGHT_MAINLINE_CAUSAL_UTILITY,NOT_YET_EVALUATED_FOR_CHANGED_CASES,SUPERSEDED
FIRST_CAUSAL_OWNER,NOT_YET_ISOLATED,FROZEN
CLASS_WEIGHT_MODEL_LEVEL_SIGNAL,SUPPORTED,FROZEN
baseline_checkpoint,MODEL3_V2_S3_RANDOM_INIT_V1,VERIFIED
a1_checkpoint,MODEL3_V2_S3_EXP_CLASS_WEIGHT_A1_RERUN1,VERIFIED
verdict,MODEL3_S3_CLASS_WEIGHT_DOWNSTREAM_OWNER_IDENTIFIED,RECORDED
next_phase,MODEL3_V2_S3_RECALL_CORRECTION_DESIGN_AUDIT,RECORDED
PROMOTION_READY,FALSE,RECORDED