item,status,authority,mayChangeInNextPhase
path_local_domain_vote,FROZEN,Architecture audit chain,NO
model3_keep_retry_only,FROZEN,Model3 role,NO
s3_checkpoint,FROZEN,MODEL3_V2_S3_RANDOM_INIT_V1,NO
final_causal_acceptance_0_0_200,FROZEN,S3 acceptance,NO
historical_cohort_84,FROZEN,Lattice failure cohort label,NO
query_parity_8,FROZEN,Query parity audit,NO
old_boundary_13,FROZEN,Query parity audit,NO
trace_classification_14,FROZEN,Owner audit,NO
TARGET_RETRY_REGION_MISMATCH_34,SYMPTOM_ONLY,Owner audit provisional label,NO
RETRY_REGION_DERIVATION_34,RETIRED,Overturned by this audit,NO
deriveRetryRegions_status,CONTRACT_CORRECT,0 valid RETRY drops / 34,NO unless drop proven
model3_localization_16,PROVISIONAL_PRIMARY,FN+partial+shifted production cases,NO retrain in design
recall_primary_blocker,FROZEN_NO,Query parity audit,NO
candidate_cap_16,FROZEN,Assembly contract,NO
jobresult_contract,FROZEN,No expansion,NO