path,status
docs/user_correction/MODEL2_SINGLE_CHAR_CONTEXT_DISAMBIGUATION_ACP.md,RETIRED
docs/user_correction/Lingua_Model2_SingleChar_Context_Disambiguation_PreDevelopment_Audit_2026_08_19.md,RETIRED
docs/user_correction/Lingua_Model2_SingleChar_CandidateSet_Interface_V1_Development_Report_2026_08_19.md,RETIRED
docs/user_correction/Lingua_Model2_SingleChar_Ambiguity_Head_Training_V1_Report_2026_08_19.md,FAILED_EXPERIMENT
docs/user_correction/Lingua_Model2_SingleChar_Minimal_Context_V2_Development_and_Training_Report_2026_08_19.md,FAILED_EXPERIMENT
docs/user_correction/Lingua_Model2_Invocation_Granularity_and_SingleChar_Batching_Audit_2026_08_19.md,RETIRED_NOT_APPLICABLE
docs/user_correction/single_char_minimal_context_design_v1.md,RETIRED
docs/user_correction/single_char_context_feature_contract_v1.md,RETIRED
docs/user_correction/Lingua_Model2_SingleChar_NoGit_Rollback_Feasibility_Audit_2026_08_20.md,HISTORICAL_AUDIT
