caseId,rawText,matchedFragments,hasShengCheng,hasShengChengSound,hasShengChengCorrect,hasHouXuan,hasHouXuanCand,candidateCount,candidateTexts,isFocusBenchmarkRepeat,traceIdenticalToD043Pattern
d019,今天我们团队要讨论后选生城相关的后选生城流程和上线计化安排，请研发一起评估风险。,生城|后选|候选,True,False,False,True,True,8,今天我们团队要讨论候选生城相关的候选生城流程和上线计划安排，请研发一起评估风险。 || 今天我们团队要讨论候选生城相关的候选生城流程和上线计化安排，请研发一起评估风险。 || 今天我们团队要讨论后选生城相关的候选生城流程和上线计划安排，请研发一起评估风险。 || 今天我们团队要讨论候选生城相关的后选生城流程和上线计划安排，请研发一起评估风险。 || 今天我们团队要讨论后选生城相关的候选生城流程和上线计化安排，请研发一起评估风险。 || 今天我们团队要讨论候选生城相关的后选生城流程和上线计化安排，请研发一起评估风险。 || 今天我们团队要讨论后选生城相关的后选生城流程和上线计划安排，请研发一起评估风险。 || 今天我们团队要讨论后选生城相关的后选生城流程和上线计化安排，请研发一起评估风险。,False,False
d020,这次发布我们先对齐上线计划窗口，后选生城模块需要联调，别漏掉回归。,生城|后选|候选,True,False,False,True,True,2,这次发布我们先对齐上线计划窗口，候选生城模块需要联调，别漏掉回归。 || 这次发布我们先对齐上线计划窗口，后选生城模块需要联调，别漏掉回归。,False,False
d021,会上提到候选生成链路要加监控，上线计划文档我下午更新一版。,生成|候选,False,False,True,False,True,1,会上提到候选生成链路要加监控，上线计划文档我下午更新一版。,False,False
d043,我们下午讨论后选声城方案，先把候选生成的接口文档补齐。,声城|生成|后选|候选,False,True,True,True,True,2,我们下午讨论候选声城方案，先把候选生成的接口文档补齐。 || 我们下午讨论后选声城方案，先把候选生成的接口文档补齐。,True,True
d045,关于后选生城和上线计化，请按上线计划执行，有问题群里说。,生城|后选|候选,True,False,False,True,True,4,关于候选生城和上线计划，请按上线计划执行，有问题群里说。 || 关于候选生城和上线计化，请按上线计划执行，有问题群里说。 || 关于后选生城和上线计划，请按上线计划执行，有问题群里说。 || 关于后选生城和上线计化，请按上线计划执行，有问题群里说。,False,False
d064,今天我们团队要讨论后选生城相关的后选生城流程和上线计化安排，请研发一起评估风险。,生城|后选|候选,True,False,False,True,True,8,今天我们团队要讨论候选生城相关的候选生城流程和上线计划安排，请研发一起评估风险。 || 今天我们团队要讨论候选生城相关的候选生城流程和上线计化安排，请研发一起评估风险。 || 今天我们团队要讨论后选生城相关的候选生城流程和上线计划安排，请研发一起评估风险。 || 今天我们团队要讨论候选生城相关的后选生城流程和上线计划安排，请研发一起评估风险。 || 今天我们团队要讨论后选生城相关的候选生城流程和上线计化安排，请研发一起评估风险。 || 今天我们团队要讨论候选生城相关的后选生城流程和上线计化安排，请研发一起评估风险。 || 今天我们团队要讨论后选生城相关的后选生城流程和上线计划安排，请研发一起评估风险。 || 今天我们团队要讨论后选生城相关的后选生城流程和上线计化安排，请研发一起评估风险。,False,False
d065,这次发布我们先对齐上线计划窗口，后选生城模块需要联调，别漏掉回归。,生城|后选|候选,True,False,False,True,True,2,这次发布我们先对齐上线计划窗口，候选生城模块需要联调，别漏掉回归。 || 这次发布我们先对齐上线计划窗口，后选生城模块需要联调，别漏掉回归。,False,False
d066,会上提到候选生成链路要加监控，上线计划文档我下午更新一版。,生成|候选,False,False,True,False,True,1,会上提到候选生成链路要加监控，上线计划文档我下午更新一版。,False,False
d088,我们下午讨论后选声城方案，先把候选生成的接口文档补齐。,声城|生成|后选|候选,False,True,True,True,True,2,我们下午讨论候选声城方案，先把候选生成的接口文档补齐。 || 我们下午讨论后选声城方案，先把候选生成的接口文档补齐。,True,True
d090,关于后选生城和上线计化，请按上线计划执行，有问题群里说。,生城|后选|候选,True,False,False,True,True,4,关于候选生城和上线计划，请按上线计划执行，有问题群里说。 || 关于候选生城和上线计化，请按上线计划执行，有问题群里说。 || 关于后选生城和上线计划，请按上线计划执行，有问题群里说。 || 关于后选生城和上线计化，请按上线计划执行，有问题群里说。,False,False
d109,今天我们团队要讨论后选生城相关的后选生城流程和上线计化安排，请研发一起评估风险。,生城|后选|候选,True,False,False,True,True,8,今天我们团队要讨论候选生城相关的候选生城流程和上线计划安排，请研发一起评估风险。 || 今天我们团队要讨论候选生城相关的候选生城流程和上线计化安排，请研发一起评估风险。 || 今天我们团队要讨论后选生城相关的候选生城流程和上线计划安排，请研发一起评估风险。 || 今天我们团队要讨论候选生城相关的后选生城流程和上线计划安排，请研发一起评估风险。 || 今天我们团队要讨论后选生城相关的候选生城流程和上线计化安排，请研发一起评估风险。 || 今天我们团队要讨论候选生城相关的后选生城流程和上线计化安排，请研发一起评估风险。 || 今天我们团队要讨论后选生城相关的后选生城流程和上线计划安排，请研发一起评估风险。 || 今天我们团队要讨论后选生城相关的后选生城流程和上线计化安排，请研发一起评估风险。,False,False
d110,这次发布我们先对齐上线计划窗口，后选生城模块需要联调，别漏掉回归。,生城|后选|候选,True,False,False,True,True,2,这次发布我们先对齐上线计划窗口，候选生城模块需要联调，别漏掉回归。 || 这次发布我们先对齐上线计划窗口，后选生城模块需要联调，别漏掉回归。,False,False
d111,会上提到候选生成链路要加监控，上线计划文档我下午更新一版。,生成|候选,False,False,True,False,True,1,会上提到候选生成链路要加监控，上线计划文档我下午更新一版。,False,False
d133,我们下午讨论后选声城方案，先把候选生成的接口文档补齐。,声城|生成|后选|候选,False,True,True,True,True,2,我们下午讨论候选声城方案，先把候选生成的接口文档补齐。 || 我们下午讨论后选声城方案，先把候选生成的接口文档补齐。,True,True
d135,关于后选生城和上线计化，请按上线计划执行，有问题群里说。,生城|后选|候选,True,False,False,True,True,4,关于候选生城和上线计划，请按上线计划执行，有问题群里说。 || 关于候选生城和上线计化，请按上线计划执行，有问题群里说。 || 关于后选生城和上线计划，请按上线计划执行，有问题群里说。 || 关于后选生城和上线计化，请按上线计划执行，有问题群里说。,False,False
d154,今天我们团队要讨论后选生城相关的后选生城流程和上线计化安排，请研发一起评估风险。,生城|后选|候选,True,False,False,True,True,8,今天我们团队要讨论候选生城相关的候选生城流程和上线计划安排，请研发一起评估风险。 || 今天我们团队要讨论候选生城相关的候选生城流程和上线计化安排，请研发一起评估风险。 || 今天我们团队要讨论后选生城相关的候选生城流程和上线计划安排，请研发一起评估风险。 || 今天我们团队要讨论候选生城相关的后选生城流程和上线计划安排，请研发一起评估风险。 || 今天我们团队要讨论后选生城相关的候选生城流程和上线计化安排，请研发一起评估风险。 || 今天我们团队要讨论候选生城相关的后选生城流程和上线计化安排，请研发一起评估风险。 || 今天我们团队要讨论后选生城相关的后选生城流程和上线计划安排，请研发一起评估风险。 || 今天我们团队要讨论后选生城相关的后选生城流程和上线计化安排，请研发一起评估风险。,False,False
d155,这次发布我们先对齐上线计划窗口，后选生城模块需要联调，别漏掉回归。,生城|后选|候选,True,False,False,True,True,2,这次发布我们先对齐上线计划窗口，候选生城模块需要联调，别漏掉回归。 || 这次发布我们先对齐上线计划窗口，后选生城模块需要联调，别漏掉回归。,False,False
d156,会上提到候选生成链路要加监控，上线计划文档我下午更新一版。,生成|候选,False,False,True,False,True,1,会上提到候选生成链路要加监控，上线计划文档我下午更新一版。,False,False
d178,我们下午讨论后选声城方案，先把候选生成的接口文档补齐。,声城|生成|后选|候选,False,True,True,True,True,2,我们下午讨论候选声城方案，先把候选生成的接口文档补齐。 || 我们下午讨论后选声城方案，先把候选生成的接口文档补齐。,True,True
d180,关于后选生城和上线计化，请按上线计划执行，有问题群里说。,生城|后选|候选,True,False,False,True,True,4,关于候选生城和上线计划，请按上线计划执行，有问题群里说。 || 关于候选生城和上线计化，请按上线计划执行，有问题群里说。 || 关于后选生城和上线计划，请按上线计划执行，有问题群里说。 || 关于后选生城和上线计化，请按上线计划执行，有问题群里说。,False,False
d199,今天我们团队要讨论后选生城相关的后选生城流程和上线计化安排，请研发一起评估风险。,生城|后选|候选,True,False,False,True,True,8,今天我们团队要讨论候选生城相关的候选生城流程和上线计划安排，请研发一起评估风险。 || 今天我们团队要讨论候选生城相关的候选生城流程和上线计化安排，请研发一起评估风险。 || 今天我们团队要讨论后选生城相关的候选生城流程和上线计划安排，请研发一起评估风险。 || 今天我们团队要讨论候选生城相关的后选生城流程和上线计划安排，请研发一起评估风险。 || 今天我们团队要讨论后选生城相关的候选生城流程和上线计化安排，请研发一起评估风险。 || 今天我们团队要讨论候选生城相关的后选生城流程和上线计化安排，请研发一起评估风险。 || 今天我们团队要讨论后选生城相关的后选生城流程和上线计划安排，请研发一起评估风险。 || 今天我们团队要讨论后选生城相关的后选生城流程和上线计化安排，请研发一起评估风险。,False,False
d200,这次发布我们先对齐上线计划窗口，后选生城模块需要联调，别漏掉回归。,生城|后选|候选,True,False,False,True,True,2,这次发布我们先对齐上线计划窗口，候选生城模块需要联调，别漏掉回归。 || 这次发布我们先对齐上线计划窗口，后选生城模块需要联调，别漏掉回归。,False,False
