category,surface,result,ok
function_protection,的,PRESENT_IN_V1,YES
function_protection,了,PRESENT_IN_V1,YES
function_protection,吗,PRESENT_IN_V1,YES
function_protection,呢,PRESENT_IN_V1,YES
function_protection,吧,PRESENT_IN_V1,YES
function_protection,啊,PRESENT_IN_V1,YES
function_protection,呀,PRESENT_IN_V1,YES
function_protection,哦,PRESENT_IN_V1,YES
function_protection,嗯,PRESENT_IN_V1,YES
function_protection,我,PRESENT_IN_V1,YES
function_protection,你,PRESENT_IN_V1,YES
function_protection,他,PRESENT_IN_V1,YES
function_protection,她,PRESENT_IN_V1,YES
function_protection,它,PRESENT_IN_V1,YES
function_protection,这,PRESENT_IN_V1,YES
function_protection,那,PRESENT_IN_V1,YES
function_protection,有,PRESENT_IN_V1,YES
function_protection,没,PRESENT_IN_V1,YES
function_protection,不,PRESENT_IN_V1,YES
function_protection,很,PRESENT_IN_V1,YES
function_protection,更,PRESENT_IN_V1,YES
function_protection,最,PRESENT_IN_V1,YES
function_protection,上,PRESENT_IN_V1,YES
function_protection,一,PRESENT_IN_V1,YES
function_protection,下,PRESENT_IN_V1,YES
function_protection,前,PRESENT_IN_V1,YES
function_protection,后,PRESENT_IN_V1,YES
function_protection,左,PRESENT_IN_V1,YES
function_protection,右,PRESENT_IN_V1,YES
function_protection,里,PRESENT_IN_V1,YES
function_protection,外,PRESENT_IN_V1,YES
function_protection,大,PRESENT_IN_V1,YES
function_protection,小,PRESENT_IN_V1,YES
function_protection,多,PRESENT_IN_V1,YES
function_protection,少,PRESENT_IN_V1,YES
function_protection,谁,PRESENT_IN_V1,YES
function_protection,什,ABSENT,CHECK
function_protection,么,PRESENT_IN_V1,YES
function_protection,怎,PRESENT_IN_V1,YES
function_protection,么,PRESENT_IN_V1,YES
function_protection,为,PRESENT_IN_V1,YES
function_protection,何,PRESENT_IN_V1,YES
function_protection,哪,PRESENT_IN_V1,YES
function_protection,和,PRESENT_IN_V1,YES
function_protection,与,PRESENT_IN_V1,YES
function_protection,或,PRESENT_IN_V1,YES
suspicious_example,毫,ABSENT,EXPECTED_ABSENT_IF_NOT_STRICT
suspicious_example,涡,ABSENT,EXPECTED_ABSENT_IF_NOT_STRICT
suspicious_example,皿,ABSENT,EXPECTED_ABSENT_IF_NOT_STRICT
suspicious_example,酯,ABSENT,EXPECTED_ABSENT_IF_NOT_STRICT
spot_check,吃,PRESENT,YES
spot_check,看,PRESENT,YES
spot_check,说,PRESENT,YES
spot_check,走,PRESENT,YES
spot_check,人,PRESENT,YES
spot_check,水,PRESENT,YES
spot_check,天,PRESENT,YES
spot_check,上,PRESENT,YES
spot_check,下,PRESENT,YES
spot_check,前,PRESENT,YES
spot_check,后,PRESENT,YES
spot_check,一,PRESENT,YES
spot_check,二,PRESENT,YES
spot_check,三,PRESENT,YES
spot_check,吗,PRESENT,YES
spot_check,呢,PRESENT,YES
spot_check,吧,PRESENT,YES
