sampleId,referenceText,errorText,corruptionFamily,referenceSurface,errorSurface,sourcePinyin,targetPinyin,referenceReachable,review_valid_phonetic,review_plausible_asr_error,review_comment
m3et-20260823-00048,测试用例覆盖嘉宾证,测试用例覆盖嘉宾证,CLEAN,,,,,UNKNOWN,,,
m3et-20260823-00280,代码里的签名墙还没合并,代码里地签名墙还没合并,ORTHOGRAPHIC_DE_DI_DE,的,地,de,de,UNKNOWN,,,
m3et-20260823-01471,酒店早餐包含超声波,酒店找餐包含超深波,z_zh,早,找,zao,zhao,YES,,,
m3et-20260823-01965,请把会议主题改成升级,请把会议主题改成深级,eng_en,升,深,sheng,shen,YES,,,
m3et-20260823-00689,明天的行程里有北宋吗,明天地行程里有北宋吗,ORTHOGRAPHIC_DE_DI_DE,的,地,de,de,UNKNOWN,,,
m3et-20260823-00278,我们在充分集合,我们在充分集合,CLEAN,,,,,UNKNOWN,,,
m3et-20260823-01370,把草莓丁发给客户确认,把草莓丁发给客付确认,h_f,户,付,hu,fu,YES,,,
m3et-20260823-02048,时间改到与正则同一天,时间改到与镇折同一天,z_zh,则,折,ze,zhe,YES,,,
m3et-20260823-00367,把室主任发给客户确认,把四主任发给客付确认,h_f,户,付,hu,fu,NO,,,
m3et-20260823-01000,系统显示伸出已经完成,系统显四伸出已经完成,sh_s,示,四,shi,si,NO,,,
m3et-20260823-00913,班车下一站是手冲壶,班车下一站是手冲壶,CLEAN,,,,,UNKNOWN,,,
m3et-20260823-01125,能不能推荐类似分词的,能不能推荐类似分词地,ORTHOGRAPHIC_DE_DI_DE,的,地,de,de,UNKNOWN,,,
m3et-20260823-01919,药店问有没有生产区,药店问有没有生产区,CLEAN,,,,,UNKNOWN,,,
m3et-20260823-00528,代码里的闭幕式还没合并,代码里的闭幕四还没合并,sh_s,式,四,shi,si,NO,,,
m3et-20260823-02027,健身房课程叫参见,健身房课沉叫参见,eng_en,程,沉,cheng,chen,NO,,,
m3et-20260823-00777,今晚住登机,惊晚住登机,in_ing,今,惊,jin,jing,YES,,,
m3et-20260823-00529,少糖少冰来一份老人家,少糖少冰来一份老人家,CLEAN,,,,,UNKNOWN,,,
m3et-20260823-01538,监控告警来自先令,监控告警来制先令,z_zh,自,制,zi,zhi,YES,,,
m3et-20260823-01840,配置文件键名是兀自,配置文件键名四兀自,sh_s,是,四,shi,si,YES,,,
m3et-20260823-00730,把黑森林从候选项里删掉,把黑森灵从候选项里删掉,in_ing,林,灵,lin,ling,YES,,,
m3et-20260823-00873,明天的行程里有专科吗,明天的行沉里有专科吗,eng_en,程,沉,cheng,chen,NO,,,
m3et-20260823-01661,售后政策覆盖柠檬片吗,售后镇策覆盖柠檬片吗,eng_en,政,镇,zheng,zhen,NO,,,
m3et-20260823-00493,出席今天几点开门,出席惊天几点开门,in_ing,今,惊,jin,jing,YES,,,
m3et-20260823-00113,出租车请停在纪念地,出租车请停在纪念地,CLEAN,,,,,UNKNOWN,,,
m3et-20260823-01924,发票抬头不要写错成别的只要再生产,发票抬头不要写错成别的只要再生产,CLEAN,,,,,UNKNOWN,,,
m3et-20260823-00526,代码里的闭幕式还没合并,代码里的闭幕式还没合并,CLEAN,,,,,UNKNOWN,,,
m3et-20260823-01645,今晚住蜂蜜浆,今晚住蜂蜜浆,CLEAN,,,,,UNKNOWN,,,
m3et-20260823-00775,发布说明提到航班屏,发布说明提到房班屏,h_f,航,房,hang,fang,UNKNOWN,,,
m3et-20260823-00155,客人过敏不能点上书,客人过敏不能点上书,CLEAN,,,,,UNKNOWN,,,
m3et-20260823-01937,市场活动主题叫内容,市场活动主题叫内容,CLEAN,,,,,UNKNOWN,,,
m3et-20260823-00283,银行业务要办农田,银房业务要办农田,h_f,行,房,hang,fang,UNKNOWN,,,
m3et-20260823-00911,数量统计包含全国性,素量统计包含全国性,sh_s,数,素,shu,su,YES,,,
m3et-20260823-00588,酒店早餐包含冰敷袋,酒店早餐包烦冰敷袋,h_f,含,烦,han,fan,YES,,,
m3et-20260823-00093,酒店早餐包含做饭,酒店找餐包含做饭,z_zh,早,找,zao,zhao,YES,,,
m3et-20260823-01573,请帮我确认一下原则,请帮我确认一下原折,z_zh,则,折,ze,zhe,YES,,,
m3et-20260823-00574,监控告警来自书生,监控告警来制书生,z_zh,自,制,zi,zhi,YES,,,
m3et-20260823-00218,明天的行程里有青柠片吗,明天的行程里有青灵片吗,n_l,柠,灵,ning,ling,UNKNOWN,,,
m3et-20260823-00921,系统显示南侧已经完成,系统显示南侧已经完层,ch_c,成,层,cheng,ceng,YES,,,
m3et-20260823-00578,监控告警来自书生,监控告警来自苏深,sh_s,书,苏,shu,su,YES,,,
m3et-20260823-00224,人力资源政策关于信号源,人力之源政策关于信号源,z_zh,资,之,zi,zhi,NO,,,
m3et-20260823-01836,下午三点讨论航班,下午三点讨论房班,h_f,航,房,hang,fang,UNKNOWN,,,
m3et-20260823-00723,仓储货架编号旁是安检单,仓储货架编号旁四安检单,sh_s,是,四,shi,si,YES,,,
m3et-20260823-01111,把快递放到两旁自提点,把快递放到两旁自提点,CLEAN,,,,,UNKNOWN,,,
m3et-20260823-01866,附近有没有台灯,附劲有没有台灯,in_ing,近,劲,jin,jing,YES,,,
m3et-20260823-00487,质检报告结论写正则,质检报告结论写正折,z_zh,则,折,ze,zhe,YES,,,
m3et-20260823-00178,公交站牌写着促成,公交站牌写着促成,CLEAN,,,,,UNKNOWN,,,
m3et-20260823-01821,把地址改成押金单,把地址改层押金单,ch_c,成,层,cheng,ceng,YES,,,
m3et-20260823-00704,数量统计包含浓缩铀,数量统计包含龙缩铀,n_l,浓,龙,nong,long,NO,,,
m3et-20260823-01729,请把会议主题改成燕麦草,请把会议主题改层燕麦草,ch_c,成,层,cheng,ceng,YES,,,
m3et-20260823-00783,监控告警来自力图,监控告警来制力图,z_zh,自,制,zi,zhi,YES,,,
m3et-20260823-00946,能不能推荐类似换乘点的,能不能推荐类似换乘点地,ORTHOGRAPHIC_DE_DI_DE,的,地,de,de,UNKNOWN,,,
m3et-20260823-00825,我想咨询一下关于飞机场的问题,我想咨询一下关于飞机场地问题,ORTHOGRAPHIC_DE_DI_DE,的,地,de,de,UNKNOWN,,,
m3et-20260823-00827,外卖备注少放蒸汽,外卖备注少放真汽,eng_en,蒸,真,zheng,zhen,NO,,,
m3et-20260823-01137,旅行途中想去看看内功,旅行途中想去看看类功,n_l,内,类,nei,lei,YES,,,
m3et-20260823-00078,新版本上线前先测右掌,新版本上线前先测右掌,CLEAN,,,,,UNKNOWN,,,
m3et-20260823-01394,景点门票包含互助吗,景点门票包烦互助吗,h_f,含,烦,han,fan,YES,,,
m3et-20260823-00079,新版本上线前先测右掌,星版本上线前先测右掌,in_ing,新,星,xin,xing,YES,,,
m3et-20260823-01936,会议上谁负责针线包,会议上随负折针线包,sh_s,谁,随,shui,sui,NO,,,
m3et-20260823-00017,别和那个搞混我们要的是决心,别和那个搞混我们要的是决星,in_ing,心,星,xin,xing,YES,,,
m3et-20260823-01653,房间要靠近叉烧饭,房间要靠劲擦烧饭,ch_c,叉,擦,cha,ca,NO,,,
m3et-20260823-00996,声明一下我们只用金杯液,声明一下我们只用惊杯液,in_ing,金,惊,jin,jing,YES,,,
m3et-20260823-01226,把产地卡放到收藏夹,把惨地卡放到收藏夹,ch_c,产,惨,chan,can,UNKNOWN,,,
m3et-20260823-01244,导航到参会证,导房到参会证,h_f,航,房,hang,fang,UNKNOWN,,,
m3et-20260823-01237,投诉内容写的是令牌,投诉内容写的四令牌,sh_s,是,四,shi,si,YES,,,
m3et-20260823-01802,火车改签到农村,火车改签到龙村,n_l,农,龙,nong,long,NO,,,
m3et-20260823-01260,车间工位旁放事先,车间工位旁放事先,CLEAN,,,,,UNKNOWN,,,
m3et-20260823-00062,客服工单标题是一旁,客服工单标题四一旁,sh_s,是,四,shi,si,YES,,,
m3et-20260823-00852,客人点的是人才,客人点地是人才,ORTHOGRAPHIC_DE_DI_DE,的,地,de,de,UNKNOWN,,,
m3et-20260823-00912,数量统计包含全国性,素量统计包烦全国性,h_f,含,烦,han,fan,YES,,,
m3et-20260823-00695,接机牌上写刑事,接机牌上写刑事,CLEAN,,,,,UNKNOWN,,,
m3et-20260823-00223,人力资源政策关于信号源,人力资源政策关于信号源,CLEAN,,,,,UNKNOWN,,,
m3et-20260823-00286,银行业务要办农田,赢行业务要办龙田,n_l,农,龙,nong,long,NO,,,
m3et-20260823-01100,房间要靠近停车位,房间要靠劲停车位,in_ing,近,劲,jin,jing,YES,,,
m3et-20260823-00272,客人过敏不能点城门,客人过敏不能点沉门,eng_en,城,沉,cheng,chen,YES,,,
m3et-20260823-01218,附近有没有正常人,附劲有没有正常人,in_ing,近,劲,jin,jing,YES,,,
m3et-20260823-01794,面包柜里的口子卖完了吗,面包柜里的口只卖完了吗,z_zh,子,只,zi,zhi,YES,,,
m3et-20260823-00940,我想去学生,我想去学生,CLEAN,,,,,UNKNOWN,,,
m3et-20260823-01507,数量统计包含亲征,素量统计包含亲真,sh_s,数,素,shu,su,NO,,,
m3et-20260823-01680,客户服务里提到了工作证,客户服务里提到了工作镇,eng_en,证,镇,zheng,zhen,NO,,,
m3et-20260823-01499,发票抬头不要写错成别的只要游览车,发票抬头不要写错沉别的只要游览车,eng_en,成,沉,cheng,chen,YES,,,
m3et-20260823-01934,会议上谁负责针线包,会议上谁负折针线包,z_zh,责,折,ze,zhe,NO,,,
m3et-20260823-01921,药店问有没有生产区,药店问有没有生惨区,ch_c,产,惨,chan,can,UNKNOWN,,,
m3et-20260823-01008,我这边不需要贵宾证,我这边不需要贵宾镇,eng_en,证,镇,zheng,zhen,NO,,,
m3et-20260823-01443,请把会议主题改成互联网,请把会议主题改沉互联网,eng_en,成,沉,cheng,chen,YES,,,
m3et-20260823-01699,财务报销科目是导视牌,财务报销科目四导四牌,sh_s,是,四,shi,si,YES,,,
m3et-20260823-00917,停车场靠近凌晨入口,停车场靠近凌晨入口,CLEAN,,,,,UNKNOWN,,,
m3et-20260823-00688,明天的行程里有北宋吗,明天的行程里有北宋吗,CLEAN,,,,,UNKNOWN,,,
m3et-20260823-00255,酒店早餐包含贵宾室,酒店找餐包含贵宾室,z_zh,早,找,zao,zhao,YES,,,
m3et-20260823-00284,银行业务要办农田,银行业务要办龙田,n_l,农,龙,nong,long,NO,,,
m3et-20260823-01779,声明一下我们只用提示灯,声明一下我们只用提四灯,sh_s,示,四,shi,si,NO,,,
m3et-20260823-00467,能不能推荐类似一再的,能不能推荐类似一再地,ORTHOGRAPHIC_DE_DI_DE,的,地,de,de,UNKNOWN,,,
m3et-20260823-00648,代码里的产品还没合并,代码里地产品还没合并,ORTHOGRAPHIC_DE_DI_DE,的,地,de,de,UNKNOWN,,,
m3et-20260823-01190,超市促销今天主推为名,超市促销今天主推为名,CLEAN,,,,,UNKNOWN,,,
m3et-20260823-00885,明天的行程里有化肥吗,明天的行沉里有化肥吗,eng_en,程,沉,cheng,chen,NO,,,
m3et-20260823-00168,专有名词是人身吗,专有名词是人身吗,CLEAN,,,,,UNKNOWN,,,
m3et-20260823-01833,天气不错我们去芋泥走走,天气不错我们去芋泥走走,CLEAN,,,,,UNKNOWN,,,
m3et-20260823-01366,市场活动主题叫兀自,四场活动主题叫兀制,z_zh,自,制,zi,zhi,YES,,,
m3et-20260823-01560,超市促销今天主推赞助费,超市促销惊天主推赞助费,in_ing,今,惊,jin,jing,YES,,,
m3et-20260823-00590,人力资源政策关于创制,人力资源政策关于创制,CLEAN,,,,,UNKNOWN,,,
m3et-20260823-01669,测试用例覆盖号令,测四用例覆盖号令,sh_s,试,四,shi,si,YES,,,
m3et-20260823-01690,人力资源政策关于口里,人力资源政策关于口里,CLEAN,,,,,UNKNOWN,,,
m3et-20260823-01552,健身房课程叫书记,健身房课层叫苏记,sh_s,书,苏,shu,su,NO,,,
m3et-20260823-01055,超市促销今天主推工作流,操四促销今天主推工作流,ch_c,超,操,chao,cao,YES,,,
m3et-20260823-01839,配置文件键名是兀自,配置文件键名是兀自,CLEAN,,,,,UNKNOWN,,,
m3et-20260823-00943,代码里的前行还没合并,代码里地前行还没合并,ORTHOGRAPHIC_DE_DI_DE,的,地,de,de,UNKNOWN,,,
m3et-20260823-01212,仓储货架编号旁是换乘场,仓储货架编号旁四换层场,sh_s,是,四,shi,si,YES,,,
m3et-20260823-00564,外卖备注少放书房,外卖备注少放苏房,sh_s,书,苏,shu,su,YES,,,
m3et-20260823-00156,客人过敏不能点上书,客人过敏不能点上苏,sh_s,书,苏,shu,su,YES,,,
m3et-20260823-01441,请把会议主题改成互联网,请把会议主题改层互联网,ch_c,成,层,cheng,ceng,YES,,,
m3et-20260823-01183,发票抬头不要写错成别的只要康复,发票抬头不要写错成别地只要康复,ORTHOGRAPHIC_DE_DI_DE,的,地,de,de,UNKNOWN,,,
m3et-20260823-00246,声明一下我们只用冷战,深明一下我们只用冷战,eng_en,声,深,sheng,shen,YES,,,
m3et-20260823-01285,把地址改成司机证,把地址改沉司机镇,eng_en,证,镇,zheng,zhen,NO,,,
m3et-20260823-00696,接机牌上写刑事,接机牌上写刑四,sh_s,事,四,shi,si,YES,,,
m3et-20260823-01656,景点门票包含萃取头吗,景点门票包含萃取头吗,CLEAN,,,,,UNKNOWN,,,
m3et-20260823-01129,明天的行程里有妇科吗,明天的行层里有妇科吗,ch_c,程,层,cheng,ceng,NO,,,
m3et-20260823-01984,投诉内容写的是凝视,投诉内容写地是凝视,ORTHOGRAPHIC_DE_DI_DE,的,地,de,de,UNKNOWN,,,
m3et-20260823-01161,投诉内容写的是份额,投诉类容写的是份额,n_l,内,类,nei,lei,YES,,,
m3et-20260823-00773,电影院在放内部,电影院在放类部,n_l,内,类,nei,lei,YES,,,
m3et-20260823-00614,系统显示检查组已经完成,系统显四检查组已经完层,ch_c,成,层,cheng,ceng,NO,,,
m3et-20260823-00799,数据库表关联初年,数据库表关联初连,n_l,年,连,nian,lian,YES,,,
m3et-20260823-00481,系统显示且说已经完成,系统显示且说已经完层,ch_c,成,层,cheng,ceng,YES,,,
m3et-20260823-00182,给我来一杯始发站,给我来一杯始发站,CLEAN,,,,,UNKNOWN,,,
m3et-20260823-00751,导航到门禁,导航到门劲,in_ing,禁,劲,jin,jing,YES,,,
m3et-20260823-01602,把枕芯加到购物车,把枕星加到购物车,in_ing,芯,星,xin,xing,NO,,,
m3et-20260823-02043,财务报销科目是车牌号,财务报销科目是车牌号,CLEAN,,,,,UNKNOWN,,,
m3et-20260823-00738,请把不成送过来,请把不成送过来,CLEAN,,,,,UNKNOWN,,,
m3et-20260823-01613,明天的行程里有叛乱吗,明天的行层里有叛乱吗,ch_c,程,层,cheng,ceng,NO,,,
m3et-20260823-00138,地铁换乘去勤劳,地铁换层去勤劳,ch_c,乘,层,cheng,ceng,YES,,,
m3et-20260823-01132,景点门票包含准确性吗,景点门票包烦准确性吗,h_f,含,烦,han,fan,YES,,,
m3et-20260823-00655,房间要靠近质检,房间要靠近质检,CLEAN,,,,,UNKNOWN,,,
m3et-20260823-01038,数量统计包含发挥,数量统计包含发挥,CLEAN,,,,,UNKNOWN,,,
m3et-20260823-01077,超市促销今天主推五分糖,超四促销今天主推五分糖,sh_s,市,四,shi,si,YES,,,
m3et-20260823-01468,酒店早餐包含超声波,酒店早餐包含超深波,eng_en,声,深,sheng,shen,YES,,,
m3et-20260823-00152,仓储货架编号旁是乘坐,仓储货架编号旁四沉坐,eng_en,乘,沉,cheng,chen,YES,,,
m3et-20260823-01136,旅行途中想去看看内功,旅行途中想去看看内功,CLEAN,,,,,UNKNOWN,,,
m3et-20260823-00735,投诉内容写的是体感,投诉类容写的是体感,n_l,内,类,nei,lei,YES,,,
m3et-20260823-01467,酒店早餐包含超声波,酒店早餐包含操声波,ch_c,超,操,chao,cao,YES,,,
m3et-20260823-01926,发票抬头不要写错成别的只要再生产,发票抬头不要写错成别地只要再生产,ORTHOGRAPHIC_DE_DI_DE,的,地,de,de,UNKNOWN,,,
m3et-20260823-00250,数量统计包含会见,素量统计包烦会见,sh_s,数,素,shu,su,YES,,,
m3et-20260823-00916,班车下一站是手冲壶,班车下一站四手冲幅,sh_s,是,四,shi,si,NO,,,
m3et-20260823-00175,数据库表关联事业,数据库表关联四业,sh_s,事,四,shi,si,YES,,,
m3et-20260823-01098,我想咨询一下关于石窟的问题,我想咨询一下关于石窟地问题,ORTHOGRAPHIC_DE_DI_DE,的,地,de,de,UNKNOWN,,,
m3et-20260823-01405,天气不错我们去工作证走走,天气不错我们去工作镇走走,eng_en,证,镇,zheng,zhen,NO,,,
m3et-20260823-01639,请帮我确认一下杯塞,请帮我确认一下杯塞,CLEAN,,,,,UNKNOWN,,,
m3et-20260823-01925,发票抬头不要写错成别的只要再生产,发票抬头不要写错层别的只要再生产,ch_c,成,层,cheng,ceng,YES,,,
m3et-20260823-01987,投诉内容写的是凝视,投诉内容写的是灵视,n_l,凝,灵,ning,ling,UNKNOWN,,,
m3et-20260823-01148,发票抬头不要写错成别的只要工作证,发票抬头不要写错成别地只要工作证,ORTHOGRAPHIC_DE_DI_DE,的,地,de,de,UNKNOWN,,,
m3et-20260823-00179,公交站牌写着促成,公交站牌写着促层,ch_c,成,层,cheng,ceng,YES,,,
m3et-20260823-01834,天气不错我们去芋泥走走,天气不错我们去芋离走走,n_l,泥,离,ni,li,NO,,,
m3et-20260823-00354,电影院在放争吵,电影院在放争草,ch_c,吵,草,chao,cao,YES,,,
m3et-20260823-00470,设计稿标注内部,设计稿标注类部,n_l,内,类,nei,lei,YES,,,
m3et-20260823-00707,数量统计包含浓缩铀,素量统计包含龙缩铀,n_l,浓,龙,nong,long,NO,,,
m3et-20260823-02013,把地址改成导视牌,把得址改成导视牌,ORTHOGRAPHIC_DE_DI_DE,地,得,di,di,UNKNOWN,,,
m3et-20260823-00294,监控告警来自欠拟合,监控告警来制欠李合,n_l,拟,李,ni,li,NO,,,
m3et-20260823-00411,把不能从候选项里删掉,把不能从候选项里三掉,sh_s,删,三,shan,san,NO,,,
m3et-20260823-01516,一般对话里常说中年,一般对话里藏说中连,n_l,年,连,nian,lian,YES,,,
m3et-20260823-00206,财务报销科目是上半年,财务报销科目四上半年,sh_s,是,四,shi,si,YES,,,
m3et-20260823-01435,新版本上线前先测参议院,星版本上线前先测参议院,in_ing,新,星,xin,xing,YES,,,
m3et-20260823-01593,请用中文再说一遍柠檬塔,请用中文再说一遍灵檬塔,n_l,柠,灵,ning,ling,UNKNOWN,,,
m3et-20260823-01533,今晚住罗宋汤,惊晚住罗宋汤,in_ing,今,惊,jin,jing,YES,,,
m3et-20260823-01234,超市促销今天主推技术组,超市促销惊天主推技素组,sh_s,术,素,shu,su,NO,,,
m3et-20260823-00040,别和那个搞混我们要的是古镇,别和那个搞混我们要的是古镇,CLEAN,,,,,UNKNOWN,,,
m3et-20260823-01084,新版本上线前先测分公司,新版本上线前先测分公司,CLEAN,,,,,UNKNOWN,,,
m3et-20260823-00167,停车场靠近年检入口,停车场靠劲连检入口,n_l,年,连,nian,lian,YES,,,
m3et-20260823-01905,超市促销今天主推护栏区,操市促销惊天主推护栏区,in_ing,今,惊,jin,jing,YES,,,
m3et-20260823-01423,超市促销今天主推石板路,超四促销惊天主推石板路,in_ing,今,惊,jin,jing,YES,,,
m3et-20260823-01691,人力资源政策关于口里,人力之源政策关于口里,z_zh,资,之,zi,zhi,NO,,,
m3et-20260823-01657,景点门票包含萃取头吗,景点门票包烦萃取头吗,h_f,含,烦,han,fan,YES,,,
m3et-20260823-00069,附近有没有特征性,附劲有没有特真性,in_ing,近,劲,jin,jing,NO,,,
m3et-20260823-01308,我想咨询一下关于纪念室的问题,我想之询一下关于纪念四的问题,sh_s,室,四,shi,si,NO,,,
m3et-20260823-00676,监控告警来自何等,监控告警来制何等,z_zh,自,制,zi,zhi,YES,,,
m3et-20260823-01711,过敏信息请备注反而,过敏姓息请备注反而,in_ing,信,姓,xin,xing,YES,,,
m3et-20260823-00893,仓储货架编号旁是主峰,仓储货架编号旁四主峰,sh_s,是,四,shi,si,YES,,,
m3et-20260823-01819,医生说注意三分糖,医深说注意三分糖,eng_en,生,深,sheng,shen,YES,,,
m3et-20260823-00808,超市促销今天主推航班屏,超市促销惊天主推航班屏,in_ing,今,惊,jin,jing,YES,,,
m3et-20260823-00050,测试用例覆盖嘉宾证,测试用例覆盖嘉冰证,in_ing,宾,冰,bin,bing,UNKNOWN,,,
m3et-20260823-02039,帮我打开收费处,帮我打开收费处,CLEAN,,,,,UNKNOWN,,,
m3et-20260823-00329,医生说注意摄像组,医深说注意摄像组,eng_en,生,深,sheng,shen,YES,,,
m3et-20260823-01287,客人点的是上任,客人点地是上任,ORTHOGRAPHIC_DE_DI_DE,的,地,de,de,UNKNOWN,,,
m3et-20260823-00904,我想去换乘,我想去换乘,CLEAN,,,,,UNKNOWN,,,
m3et-20260823-00061,客服工单标题是一旁,客服工单标题是一旁,CLEAN,,,,,UNKNOWN,,,
m3et-20260823-01555,代码里的主持还没合并,代码里的主词还没合并,ch_c,持,词,chi,ci,NO,,,
m3et-20260823-00369,酒店早餐包含室主任,酒店早餐包含室主任,CLEAN,,,,,UNKNOWN,,,
m3et-20260823-00739,请把不成送过来,请把不层送过来,ch_c,成,层,cheng,ceng,YES,,,
m3et-20260823-01537,监控告警来自先令,监控告警来自先令,CLEAN,,,,,UNKNOWN,,,
m3et-20260823-00643,客人点的是加紧,客人点的四加紧,sh_s,是,四,shi,si,YES,,,
m3et-20260823-00011,面包柜里的座位数卖完了吗,面包柜里的座位素卖完了吗,sh_s,数,素,shu,su,YES,,,
m3et-20260823-00166,停车场靠近年检入口,停车场靠近连检入口,n_l,年,连,nian,lian,YES,,,
m3et-20260823-00450,财务报销科目是赛珍珠,财务报销科目四赛珍珠,sh_s,是,四,shi,si,YES,,,
m3et-20260823-00198,系统显示分别已经完成,系统显四分别已经完沉,eng_en,成,沉,cheng,chen,NO,,,
m3et-20260823-00172,财务报销科目是全脂奶,财务报销科目是全脂奶,CLEAN,,,,,UNKNOWN,,,
m3et-20260823-02044,财务报销科目是车牌号,财务报销科目四车牌号,sh_s,是,四,shi,si,YES,,,
m3et-20260823-02026,健身房课程叫参见,健身房课层叫参见,ch_c,程,层,cheng,ceng,NO,,,
m3et-20260823-01520,我想确认一下订单里的别处,我想确认一下订单里地别处,ORTHOGRAPHIC_DE_DI_DE,的,地,de,de,UNKNOWN,,,
m3et-20260823-00601,我想确认一下订单里的浓缩,我想确认一下订单里的浓缩,CLEAN,,,,,UNKNOWN,,,
m3et-20260823-01236,投诉内容写的是令牌,投诉内容写地是令牌,ORTHOGRAPHIC_DE_DI_DE,的,地,de,de,UNKNOWN,,,
m3et-20260823-00114,出租车请停在纪念地,出猪车请停在纪念地,z_zh,租,猪,zu,zhu,YES,,,
m3et-20260823-00448,软件设置里找到危难,软件色置里找到危烂,n_l,难,烂,nan,lan,NO,,,
m3et-20260823-00925,系统显示南侧已经完成,系统显四南侧已经完沉,eng_en,成,沉,cheng,chen,NO,,,
m3et-20260823-01337,刚才说的是温控壶对吗,刚才说的是温控幅对吗,h_f,壶,幅,hu,fu,NO,,,
