surface,termId,decision,reasonCode,domains,sourceAction
客房服务,supp-e5aea2e688bfe69c8de58aa1,UNRESOLVED,UNRESOLVED_NEEDS_EXCEPTION,tourism_hotel,DELETE_SOURCE_ROW
数据库表,supp-e695b0e68daee5ba93e8a1a8,UNRESOLVED,UNRESOLVED_NEEDS_EXCEPTION,tech_ai,DELETE_SOURCE_ROW
一口同声,term-e4b880e58fa3e590,UNRESOLVED,UNRESOLVED_NEEDS_EXCEPTION,,DELETE_SOURCE_ROW
一并处理,term-e4b880e5b9b6e5a4,UNRESOLVED,UNRESOLVED_NEEDS_EXCEPTION,,DELETE_SOURCE_ROW
万用手册,term-e4b887e794a8e689,UNRESOLVED,UNRESOLVED_NEEDS_EXCEPTION,,DELETE_SOURCE_ROW
万隆会议,term-e4b887e99a86e4bc,UNRESOLVED,UNRESOLVED_NEEDS_EXCEPTION,meeting,DELETE_SOURCE_ROW
三亚会议,term-e4b889e4ba9ae4bc,UNRESOLVED,UNRESOLVED_NEEDS_EXCEPTION,meeting,DELETE_SOURCE_ROW
三文鱼寿司,term-e4b889e69687e9b1,UNRESOLVED,UNRESOLVED_NEEDS_EXCEPTION,food_order,DELETE_SOURCE_ROW
三段萃取,term-e4b889e6aeb5e890,UNRESOLVED,UNRESOLVED_NEEDS_EXCEPTION,coffee,DELETE_SOURCE_ROW
上下同欲,term-e4b88ae4b88be590,UNRESOLVED,UNRESOLVED_NEEDS_EXCEPTION,,DELETE_SOURCE_ROW
上下客区,term-e4b88ae4b88be5ae,UNRESOLVED,UNRESOLVED_NEEDS_EXCEPTION,tourism_pickup,DELETE_SOURCE_ROW
上下颠倒,term-e4b88ae4b88be9a2,UNRESOLVED,UNRESOLVED_NEEDS_EXCEPTION,,DELETE_SOURCE_ROW
上海博物馆,term-e4b88ae6b5b7e58d,UNRESOLVED,UNRESOLVED_NEEDS_EXCEPTION,tourism_route,DELETE_SOURCE_ROW
专家学者,term-e4b893e5aeb6e5ad,UNRESOLVED,UNRESOLVED_NEEDS_EXCEPTION,,DELETE_SOURCE_ROW
专家建议,term-e4b893e5aeb6e5bb,UNRESOLVED,UNRESOLVED_NEEDS_EXCEPTION,,DELETE_SOURCE_ROW
专家教授,term-e4b893e5aeb6e695,UNRESOLVED,UNRESOLVED_NEEDS_EXCEPTION,,DELETE_SOURCE_ROW
专家论证,term-e4b893e5aeb6e8ae,UNRESOLVED,UNRESOLVED_NEEDS_EXCEPTION,,DELETE_SOURCE_ROW
专家门诊,term-e4b893e5aeb6e997,UNRESOLVED,UNRESOLVED_NEEDS_EXCEPTION,medical,DELETE_SOURCE_ROW
专科门诊,term-e4b893e7a791e997,UNRESOLVED,UNRESOLVED_NEEDS_EXCEPTION,medical,DELETE_SOURCE_ROW
专题讨论,term-e4b893e9a298e8ae,UNRESOLVED,UNRESOLVED_NEEDS_EXCEPTION,,DELETE_SOURCE_ROW
专题评测,term-e4b893e9a298e8af,UNRESOLVED,UNRESOLVED_NEEDS_EXCEPTION,tech_ai,DELETE_SOURCE_ROW
业主论坛,term-e4b89ae4b8bbe8ae,UNRESOLVED,UNRESOLVED_NEEDS_EXCEPTION,meeting,DELETE_SOURCE_ROW
东风论坛,term-e4b89ce9a38ee8ae,UNRESOLVED,UNRESOLVED_NEEDS_EXCEPTION,meeting,DELETE_SOURCE_ROW
两条路线,term-e4b8a4e69da1e8b7,UNRESOLVED,UNRESOLVED_NEEDS_EXCEPTION,tourism_route,DELETE_SOURCE_ROW
个人资料,term-e4b8aae4babae8b5,UNRESOLVED,UNRESOLVED_NEEDS_EXCEPTION,,DELETE_SOURCE_ROW
个语言集合,term-e4b8aae8afade8a8,UNRESOLVED,UNRESOLVED_NEEDS_EXCEPTION,,DELETE_SOURCE_ROW
中国大酒店,term-e4b8ade59bbde5a4,UNRESOLVED,UNRESOLVED_NEEDS_EXCEPTION,tourism_hotel,DELETE_SOURCE_ROW
中国护士,term-e4b8ade59bbde68a,UNRESOLVED,UNRESOLVED_NEEDS_EXCEPTION,medical,DELETE_SOURCE_ROW
中央空调,term-e4b8ade5a4aee7a9,UNRESOLVED,UNRESOLVED_NEEDS_EXCEPTION,,DELETE_SOURCE_ROW
中央酒店,term-e4b8ade5a4aee985,UNRESOLVED,UNRESOLVED_NEEDS_EXCEPTION,tourism_hotel,DELETE_SOURCE_ROW
中心注水,term-e4b8ade5bf83e6b3,UNRESOLVED,UNRESOLVED_NEEDS_EXCEPTION,,DELETE_SOURCE_ROW
中文导游,term-e4b8ade69687e5af,UNRESOLVED,UNRESOLVED_NEEDS_EXCEPTION,tourism_route,DELETE_SOURCE_ROW
中文论坛,term-e4b8ade69687e8ae,UNRESOLVED,UNRESOLVED_NEEDS_EXCEPTION,meeting,DELETE_SOURCE_ROW
主任医师,term-e4b8bbe4bbbbe58c,UNRESOLVED,UNRESOLVED_NEEDS_EXCEPTION,medical,DELETE_SOURCE_ROW
主任委员,term-e4b8bbe4bbbbe5a7,UNRESOLVED,UNRESOLVED_NEEDS_EXCEPTION,,DELETE_SOURCE_ROW
主任科员,term-e4b8bbe4bbbbe7a7,UNRESOLVED,UNRESOLVED_NEEDS_EXCEPTION,,DELETE_SOURCE_ROW
主办单位,term-e4b8bbe58a9ee58d,UNRESOLVED,UNRESOLVED_NEEDS_EXCEPTION,,DELETE_SOURCE_ROW
主持公道,term-e4b8bbe68c81e585,UNRESOLVED,UNRESOLVED_NEEDS_EXCEPTION,,DELETE_SOURCE_ROW
主持正义,term-e4b8bbe68c81e6ad,UNRESOLVED,UNRESOLVED_NEEDS_EXCEPTION,,DELETE_SOURCE_ROW
主题乐园,term-e4b8bbe9a298e4b9,UNRESOLVED,UNRESOLVED_NEEDS_EXCEPTION,,DELETE_SOURCE_ROW
主题公园,term-e4b8bbe9a298e585,UNRESOLVED,UNRESOLVED_NEEDS_EXCEPTION,,DELETE_SOURCE_ROW
主题医院,term-e4b8bbe9a298e58c,UNRESOLVED,UNRESOLVED_NEEDS_EXCEPTION,medical,DELETE_SOURCE_ROW
举手发言,term-e4b8bee6898be58f,UNRESOLVED,UNRESOLVED_NEEDS_EXCEPTION,,DELETE_SOURCE_ROW
举手表决,term-e4b8bee6898be8a1,UNRESOLVED,UNRESOLVED_NEEDS_EXCEPTION,,DELETE_SOURCE_ROW
举牌接机,term-e4b8bee7898ce68e,UNRESOLVED,UNRESOLVED_NEEDS_EXCEPTION,tourism_pickup,DELETE_SOURCE_ROW
乘客电梯,term-e4b998e5aea2e794,UNRESOLVED,UNRESOLVED_NEEDS_EXCEPTION,,DELETE_SOURCE_ROW
乙肝疫苗,term-e4b999e8829de796,UNRESOLVED,UNRESOLVED_NEEDS_EXCEPTION,medical,DELETE_SOURCE_ROW
乡村面包,term-e4b9a1e69d91e99d,UNRESOLVED,UNRESOLVED_NEEDS_EXCEPTION,bakery,DELETE_SOURCE_ROW
争先发言,term-e4ba89e58588e58f,UNRESOLVED,UNRESOLVED_NEEDS_EXCEPTION,,DELETE_SOURCE_ROW
二手空调,term-e4ba8ce6898be7a9,UNRESOLVED,UNRESOLVED_NEEDS_EXCEPTION,,DELETE_SOURCE_ROW
二段萃取,term-e4ba8ce6aeb5e890,UNRESOLVED,UNRESOLVED_NEEDS_EXCEPTION,coffee,DELETE_SOURCE_ROW
二级缓存,term-e4ba8ce7baa7e7bc,UNRESOLVED,UNRESOLVED_NEEDS_EXCEPTION,tech_ai,DELETE_SOURCE_ROW
交通拥堵,term-e4baa4e9809ae68b,UNRESOLVED,UNRESOLVED_NEEDS_EXCEPTION,tourism_transport,DELETE_SOURCE_ROW
交通路线,term-e4baa4e9809ae8b7,UNRESOLVED,UNRESOLVED_NEEDS_EXCEPTION,tourism_route|tourism_transport,DELETE_SOURCE_ROW
交通违章,term-e4baa4e9809ae8bf,UNRESOLVED,UNRESOLVED_NEEDS_EXCEPTION,,DELETE_SOURCE_ROW
产权酒店,term-e4baa7e69d83e985,UNRESOLVED,UNRESOLVED_NEEDS_EXCEPTION,tourism_hotel,DELETE_SOURCE_ROW
人大主任,term-e4babae5a4a7e4b8,UNRESOLVED,UNRESOLVED_NEEDS_EXCEPTION,,DELETE_SOURCE_ROW
人工评审,term-e4babae5b7a5e8af,UNRESOLVED,UNRESOLVED_NEEDS_EXCEPTION,,DELETE_SOURCE_ROW
从严处理,term-e4bb8ee4b8a5e5a4,UNRESOLVED,UNRESOLVED_NEEDS_EXCEPTION,,DELETE_SOURCE_ROW
从轻处理,term-e4bb8ee8bdbbe5a4,UNRESOLVED,UNRESOLVED_NEEDS_EXCEPTION,,DELETE_SOURCE_ROW
代价函数,term-e4bba3e4bbb7e587,UNRESOLVED,UNRESOLVED_NEEDS_EXCEPTION,,DELETE_SOURCE_ROW
代码审查,term-e4bba3e7a081e5ae,UNRESOLVED,UNRESOLVED_NEEDS_EXCEPTION,tech_ai,DELETE_SOURCE_ROW
价值模型,term-e4bbb7e580bce6a8,UNRESOLVED,UNRESOLVED_NEEDS_EXCEPTION,tech_ai,DELETE_SOURCE_ROW
任务队列,term-e4bbbbe58aa1e998,UNRESOLVED,UNRESOLVED_NEEDS_EXCEPTION,,DELETE_SOURCE_ROW
企业会员,term-e4bc81e4b89ae4bc,UNRESOLVED,UNRESOLVED_NEEDS_EXCEPTION,,DELETE_SOURCE_ROW
众口同声,term-e4bc97e58fa3e590,UNRESOLVED,UNRESOLVED_NEEDS_EXCEPTION,,DELETE_SOURCE_ROW
优化完成,term-e4bc98e58c96e5ae,UNRESOLVED,UNRESOLVED_NEEDS_EXCEPTION,,DELETE_SOURCE_ROW
优化日志,term-e4bc98e58c96e697,UNRESOLVED,UNRESOLVED_NEEDS_EXCEPTION,tech_ai,DELETE_SOURCE_ROW
优化算法,term-e4bc98e58c96e7ae,UNRESOLVED,UNRESOLVED_NEEDS_EXCEPTION,,DELETE_SOURCE_ROW
会员中心,term-e4bc9ae59198e4b8,UNRESOLVED,UNRESOLVED_NEEDS_EXCEPTION,,DELETE_SOURCE_ROW
会员单位,term-e4bc9ae59198e58d,UNRESOLVED,UNRESOLVED_NEEDS_EXCEPTION,,DELETE_SOURCE_ROW
会员名单,term-e4bc9ae59198e590,UNRESOLVED,UNRESOLVED_NEEDS_EXCEPTION,,DELETE_SOURCE_ROW
会员大会,term-e4bc9ae59198e5a4,UNRESOLVED,UNRESOLVED_NEEDS_EXCEPTION,,DELETE_SOURCE_ROW
会员帐号,term-e4bc9ae59198e5b8,UNRESOLVED,UNRESOLVED_NEEDS_EXCEPTION,,DELETE_SOURCE_ROW
会员资料,term-e4bc9ae59198e8b5,UNRESOLVED,UNRESOLVED_NEEDS_EXCEPTION,,DELETE_SOURCE_ROW
会场布置,term-e4bc9ae59cbae5b8,UNRESOLVED,UNRESOLVED_NEEDS_EXCEPTION,meeting,DELETE_SOURCE_ROW
会议接待,term-e4bc9ae8aeaee68e,UNRESOLVED,UNRESOLVED_NEEDS_EXCEPTION,meeting,DELETE_SOURCE_ROW
会议签到,term-e4bc9ae8aeaee7ad,UNRESOLVED,UNRESOLVED_NEEDS_EXCEPTION,meeting,DELETE_SOURCE_ROW
会议议程,term-e4bc9ae8aeaee8ae,UNRESOLVED,UNRESOLVED_NEEDS_EXCEPTION,meeting,DELETE_SOURCE_ROW
会议资料,term-e4bc9ae8aeaee8b5,UNRESOLVED,UNRESOLVED_NEEDS_EXCEPTION,meeting,DELETE_SOURCE_ROW
会议链接,term-e4bc9ae8aeaee993,UNRESOLVED,UNRESOLVED_NEEDS_EXCEPTION,meeting,DELETE_SOURCE_ROW
会话状态,term-e4bc9ae8af9de78a,UNRESOLVED,UNRESOLVED_NEEDS_EXCEPTION,,DELETE_SOURCE_ROW
会话监控,term-e4bc9ae8af9de79b,UNRESOLVED,UNRESOLVED_NEEDS_EXCEPTION,,DELETE_SOURCE_ROW
伯爵红茶,term-e4bcafe788b5e7ba,UNRESOLVED,UNRESOLVED_NEEDS_EXCEPTION,milk_tea,DELETE_SOURCE_ROW
低秩适配,term-e4bd8ee7a7a9e980,UNRESOLVED,UNRESOLVED_NEEDS_EXCEPTION,,DELETE_SOURCE_ROW
住客名册,term-e4bd8fe5aea2e590,UNRESOLVED,UNRESOLVED_NEEDS_EXCEPTION,tourism_hotel,DELETE_SOURCE_ROW
住院医师,term-e4bd8fe999a2e58c,UNRESOLVED,UNRESOLVED_NEEDS_EXCEPTION,medical,DELETE_SOURCE_ROW
住院手续,term-e4bd8fe999a2e689,UNRESOLVED,UNRESOLVED_NEEDS_EXCEPTION,medical,DELETE_SOURCE_ROW
住院治疗,term-e4bd8fe999a2e6b2,UNRESOLVED,UNRESOLVED_NEEDS_EXCEPTION,medical,DELETE_SOURCE_ROW
住院病人,term-e4bd8fe999a2e797,UNRESOLVED,UNRESOLVED_NEEDS_EXCEPTION,medical,DELETE_SOURCE_ROW
保健专家,term-e4bf9de581a5e4b8,UNRESOLVED,UNRESOLVED_NEEDS_EXCEPTION,,DELETE_SOURCE_ROW
倒排索引,term-e58092e68e92e7b4,UNRESOLVED,UNRESOLVED_NEEDS_EXCEPTION,tech_ai,DELETE_SOURCE_ROW
假日酒店,term-e58187e697a5e985,UNRESOLVED,UNRESOLVED_NEEDS_EXCEPTION,tourism_hotel,DELETE_SOURCE_ROW
偏好对齐,term-e5818fe5a5bde5af,UNRESOLVED,UNRESOLVED_NEEDS_EXCEPTION,,DELETE_SOURCE_ROW
停车换乘,term-e5819ce8bda6e68d,UNRESOLVED,UNRESOLVED_NEEDS_EXCEPTION,,DELETE_SOURCE_ROW
儿科医生,term-e584bfe7a791e58c,UNRESOLVED,UNRESOLVED_NEEDS_EXCEPTION,medical,DELETE_SOURCE_ROW
儿童不宜,term-e584bfe7aba5e4b8,UNRESOLVED,UNRESOLVED_NEEDS_EXCEPTION,,DELETE_SOURCE_ROW
儿童座椅,term-e584bfe7aba5e5ba,UNRESOLVED,UNRESOLVED_NEEDS_EXCEPTION,,DELETE_SOURCE_ROW
儿童文学家,term-e584bfe7aba5e696,UNRESOLVED,UNRESOLVED_NEEDS_EXCEPTION,,DELETE_SOURCE_ROW
先启动节点,term-e58588e590afe58a,UNRESOLVED,UNRESOLVED_NEEDS_EXCEPTION,,DELETE_SOURCE_ROW
入口通道,term-e585a5e58fa3e980,UNRESOLVED,UNRESOLVED_NEEDS_EXCEPTION,,DELETE_SOURCE_ROW
全文如下,term-e585a8e69687e5a6,UNRESOLVED,UNRESOLVED_NEEDS_EXCEPTION,,DELETE_SOURCE_ROW
全文检索,term-e585a8e69687e6a3,UNRESOLVED,UNRESOLVED_NEEDS_EXCEPTION,tech_ai,DELETE_SOURCE_ROW
全麦吐司,term-e585a8e9baa6e590,UNRESOLVED,UNRESOLVED_NEEDS_EXCEPTION,bakery,DELETE_SOURCE_ROW
公交接送,term-e585ace4baa4e68e,UNRESOLVED,UNRESOLVED_NEEDS_EXCEPTION,tourism_pickup,DELETE_SOURCE_ROW
公交站点,term-e585ace4baa4e7ab,UNRESOLVED,UNRESOLVED_NEEDS_EXCEPTION,tourism_transport,DELETE_SOURCE_ROW
公交路线,term-e585ace4baa4e8b7,UNRESOLVED,UNRESOLVED_NEEDS_EXCEPTION,tourism_route,DELETE_SOURCE_ROW
公路接送,term-e585ace8b7afe68e,UNRESOLVED,UNRESOLVED_NEEDS_EXCEPTION,tourism_pickup,DELETE_SOURCE_ROW
公路路线,term-e585ace8b7afe8b7,UNRESOLVED,UNRESOLVED_NEEDS_EXCEPTION,tourism_route,DELETE_SOURCE_ROW
兰梅马芬,term-e585b0e6a285e9a9,UNRESOLVED,UNRESOLVED_NEEDS_EXCEPTION,bakery,DELETE_SOURCE_ROW
内伤发热,term-e58685e4bca4e58f,UNRESOLVED,UNRESOLVED_NEEDS_EXCEPTION,medical,DELETE_SOURCE_ROW
内存池化,term-e58685e5ad98e6b1,UNRESOLVED,UNRESOLVED_NEEDS_EXCEPTION,,DELETE_SOURCE_ROW
内科主任,term-e58685e7a791e4b8,UNRESOLVED,UNRESOLVED_NEEDS_EXCEPTION,medical,DELETE_SOURCE_ROW
内科医生,term-e58685e7a791e58c,UNRESOLVED,UNRESOLVED_NEEDS_EXCEPTION,medical,DELETE_SOURCE_ROW
内科手术,term-e58685e7a791e689,UNRESOLVED,UNRESOLVED_NEEDS_EXCEPTION,medical,DELETE_SOURCE_ROW
内科病人,term-e58685e7a791e797,UNRESOLVED,UNRESOLVED_NEEDS_EXCEPTION,medical,DELETE_SOURCE_ROW
军事博物馆,term-e5869be4ba8be58d,UNRESOLVED,UNRESOLVED_NEEDS_EXCEPTION,tourism_route,DELETE_SOURCE_ROW
冬阴功汤,term-e586ace998b4e58a,UNRESOLVED,UNRESOLVED_NEEDS_EXCEPTION,food_order,DELETE_SOURCE_ROW
冰淇淋预约,term-e586b0e6b787e6b7,UNRESOLVED,UNRESOLVED_NEEDS_EXCEPTION,,DELETE_SOURCE_ROW
冷暖空调,term-e586b7e69a96e7a9,UNRESOLVED,UNRESOLVED_NEEDS_EXCEPTION,,DELETE_SOURCE_ROW
凉拌黄瓜,term-e58789e68b8ce9bb,UNRESOLVED,UNRESOLVED_NEEDS_EXCEPTION,food_order,DELETE_SOURCE_ROW
减毒疫苗,term-e5878fe6af92e796,UNRESOLVED,UNRESOLVED_NEEDS_EXCEPTION,medical,DELETE_SOURCE_ROW
凯撒沙拉,term-e587afe69292e6b2,UNRESOLVED,UNRESOLVED_NEEDS_EXCEPTION,food_order,DELETE_SOURCE_ROW
函数调用,term-e587bde695b0e8b0,UNRESOLVED,UNRESOLVED_NEEDS_EXCEPTION,,DELETE_SOURCE_ROW
刀刮水洗,term-e58880e588aee6b0,UNRESOLVED,UNRESOLVED_NEEDS_EXCEPTION,,DELETE_SOURCE_ROW
分化抗原,term-e58886e58c96e68a,UNRESOLVED,UNRESOLVED_NEEDS_EXCEPTION,,DELETE_SOURCE_ROW
分布漂移,term-e58886e5b883e6bc,UNRESOLVED,UNRESOLVED_NEEDS_EXCEPTION,,DELETE_SOURCE_ROW
分段注水,term-e58886e6aeb5e6b3,UNRESOLVED,UNRESOLVED_NEEDS_EXCEPTION,,DELETE_SOURCE_ROW
创伤外科,term-e5889be4bca4e5a4,UNRESOLVED,UNRESOLVED_NEEDS_EXCEPTION,medical,DELETE_SOURCE_ROW
利比里卡,term-e588a9e6af94e987,UNRESOLVED,UNRESOLVED_NEEDS_EXCEPTION,,DELETE_SOURCE_ROW
剁椒鱼头,term-e58981e6a492e9b1,UNRESOLVED,UNRESOLVED_NEEDS_EXCEPTION,food_order,DELETE_SOURCE_ROW
前台分区,term-e5898de58fb0e588,UNRESOLVED,UNRESOLVED_NEEDS_EXCEPTION,tourism_hotel,DELETE_SOURCE_ROW
前台地点,term-e5898de58fb0e59c,UNRESOLVED,UNRESOLVED_NEEDS_EXCEPTION,tourism_hotel,DELETE_SOURCE_ROW
前台安排,term-e5898de58fb0e5ae,UNRESOLVED,UNRESOLVED_NEEDS_EXCEPTION,tourism_hotel,DELETE_SOURCE_ROW
前缘走廊,term-e5898de7bc98e8b5,UNRESOLVED,UNRESOLVED_NEEDS_EXCEPTION,,DELETE_SOURCE_ROW
前馈网络,term-e5898de9a688e7bd,UNRESOLVED,UNRESOLVED_NEEDS_EXCEPTION,,DELETE_SOURCE_ROW
办理入住,term-e58a9ee79086e585,UNRESOLVED,UNRESOLVED_NEEDS_EXCEPTION,tourism_hotel,DELETE_SOURCE_ROW
办理退房,term-e58a9ee79086e980,UNRESOLVED,UNRESOLVED_NEEDS_EXCEPTION,tourism_hotel,DELETE_SOURCE_ROW
加料处理,term-e58aa0e69699e5a4,UNRESOLVED,UNRESOLVED_NEEDS_EXCEPTION,food_order|milk_tea,DELETE_SOURCE_ROW
加萨走廊,term-e58aa0e890a8e8b5,UNRESOLVED,UNRESOLVED_NEEDS_EXCEPTION,,DELETE_SOURCE_ROW
动量算法,term-e58aa8e9878fe7ae,UNRESOLVED,UNRESOLVED_NEEDS_EXCEPTION,,DELETE_SOURCE_ROW
包膜抗原,term-e58c85e8869ce68a,UNRESOLVED,UNRESOLVED_NEEDS_EXCEPTION,,DELETE_SOURCE_ROW
包被抗原,term-e58c85e8a2abe68a,UNRESOLVED,UNRESOLVED_NEEDS_EXCEPTION,,DELETE_SOURCE_ROW
包车地点,term-e58c85e8bda6e59c,UNRESOLVED,UNRESOLVED_NEEDS_EXCEPTION,tourism_route,DELETE_SOURCE_ROW
包车证明,term-e58c85e8bda6e8af,UNRESOLVED,UNRESOLVED_NEEDS_EXCEPTION,tourism_route,DELETE_SOURCE_ROW
医学专家,term-e58cbbe5ada6e4b8,UNRESOLVED,UNRESOLVED_NEEDS_EXCEPTION,,DELETE_SOURCE_ROW
医学影像,term-e58cbbe5ada6e5bd,UNRESOLVED,UNRESOLVED_NEEDS_EXCEPTION,medical,DELETE_SOURCE_ROW
千山风景区,term-e58d83e5b1b1e9a3,UNRESOLVED,UNRESOLVED_NEEDS_EXCEPTION,tourism_route,DELETE_SOURCE_ROW
千里无烟,term-e58d83e9878ce697,UNRESOLVED,UNRESOLVED_NEEDS_EXCEPTION,,DELETE_SOURCE_ROW
半价优待,term-e58d8ae4bbb7e4bc,UNRESOLVED,UNRESOLVED_NEEDS_EXCEPTION,,DELETE_SOURCE_ROW
半自动机,term-e58d8ae887aae58a,UNRESOLVED,UNRESOLVED_NEEDS_EXCEPTION,,DELETE_SOURCE_ROW
协会会员,term-e58d8fe4bc9ae4bc,UNRESOLVED,UNRESOLVED_NEEDS_EXCEPTION,,DELETE_SOURCE_ROW
南瓜吐司,term-e58d97e7939ce590,UNRESOLVED,UNRESOLVED_NEEDS_EXCEPTION,bakery,DELETE_SOURCE_ROW
博物多闻,term-e58d9ae789a9e5a4,UNRESOLVED,UNRESOLVED_NEEDS_EXCEPTION,,DELETE_SOURCE_ROW
卡布奇诺,term-e58da1e5b883e5a5,UNRESOLVED,UNRESOLVED_NEEDS_EXCEPTION,coffee,DELETE_SOURCE_ROW
卷积网络,term-e58db7e7a7afe7bd,UNRESOLVED,UNRESOLVED_NEEDS_EXCEPTION,tech_ai,DELETE_SOURCE_ROW
历史博物馆,term-e58e86e58fb2e58d,UNRESOLVED,UNRESOLVED_NEEDS_EXCEPTION,tourism_route,DELETE_SOURCE_ROW
参会名单,term-e58f82e4bc9ae590,UNRESOLVED,UNRESOLVED_NEEDS_EXCEPTION,meeting,DELETE_SOURCE_ROW
参数搜索,term-e58f82e695b0e690,UNRESOLVED,UNRESOLVED_NEEDS_EXCEPTION,,DELETE_SOURCE_ROW
及时处理,term-e58f8ae697b6e5a4,UNRESOLVED,UNRESOLVED_NEEDS_EXCEPTION,,DELETE_SOURCE_ROW
双份浓缩,term-e58f8ce4bbbde6b5,UNRESOLVED,UNRESOLVED_NEEDS_EXCEPTION,coffee,DELETE_SOURCE_ROW
双拼加加,term-e58f8ce68bbce58a,UNRESOLVED,UNRESOLVED_NEEDS_EXCEPTION,,DELETE_SOURCE_ROW
变性手术,term-e58f98e680a7e689,UNRESOLVED,UNRESOLVED_NEEDS_EXCEPTION,medical,DELETE_SOURCE_ROW
变频空调,term-e58f98e9a291e7a9,UNRESOLVED,UNRESOLVED_NEEDS_EXCEPTION,,DELETE_SOURCE_ROW
口腔前庭,term-e58fa3e88594e589,UNRESOLVED,UNRESOLVED_NEEDS_EXCEPTION,medical,DELETE_SOURCE_ROW
口腔医学,term-e58fa3e88594e58c,UNRESOLVED,UNRESOLVED_NEEDS_EXCEPTION,medical,DELETE_SOURCE_ROW
口腔卫生,term-e58fa3e88594e58d,UNRESOLVED,UNRESOLVED_NEEDS_EXCEPTION,medical,DELETE_SOURCE_ROW
口腔康复,term-e58fa3e88594e5ba,UNRESOLVED,UNRESOLVED_NEEDS_EXCEPTION,medical,DELETE_SOURCE_ROW
口腔溃疡,term-e58fa3e88594e6ba,UNRESOLVED,UNRESOLVED_NEEDS_EXCEPTION,medical,DELETE_SOURCE_ROW
口腔疾病,term-e58fa3e88594e796,UNRESOLVED,UNRESOLVED_NEEDS_EXCEPTION,medical,DELETE_SOURCE_ROW
口腔病灶,term-e58fa3e88594e797,UNRESOLVED,UNRESOLVED_NEEDS_EXCEPTION,medical,DELETE_SOURCE_ROW
口腔粘膜,term-e58fa3e88594e7b2,UNRESOLVED,UNRESOLVED_NEEDS_EXCEPTION,medical,DELETE_SOURCE_ROW
口腔红斑,term-e58fa3e88594e7ba,UNRESOLVED,UNRESOLVED_NEEDS_EXCEPTION,medical,DELETE_SOURCE_ROW
口腔褥疮,term-e58fa3e88594e8a4,UNRESOLVED,UNRESOLVED_NEEDS_EXCEPTION,medical,DELETE_SOURCE_ROW
口腔诊所,term-e58fa3e88594e8af,UNRESOLVED,UNRESOLVED_NEEDS_EXCEPTION,medical,DELETE_SOURCE_ROW
另案处理,term-e58fa6e6a188e5a4,UNRESOLVED,UNRESOLVED_NEEDS_EXCEPTION,,DELETE_SOURCE_ROW
可乐鸡翅,term-e58fafe4b990e9b8,UNRESOLVED,UNRESOLVED_NEEDS_EXCEPTION,food_order,DELETE_SOURCE_ROW
可可吐司,term-e58fafe58fafe590,UNRESOLVED,UNRESOLVED_NEEDS_EXCEPTION,bakery,DELETE_SOURCE_ROW
可可脆片,term-e58fafe58fafe884,UNRESOLVED,UNRESOLVED_NEEDS_EXCEPTION,,DELETE_SOURCE_ROW
可观测性,term-e58fafe8a782e6b5,UNRESOLVED,UNRESOLVED_NEEDS_EXCEPTION,,DELETE_SOURCE_ROW
同一次发言,term-e5908ce4b880e6ac,UNRESOLVED,UNRESOLVED_NEEDS_EXCEPTION,,DELETE_SOURCE_ROW
同声一辞,term-e5908ce5a3b0e4b8,UNRESOLVED,UNRESOLVED_NEEDS_EXCEPTION,,DELETE_SOURCE_ROW
同声共气,term-e5908ce5a3b0e585,UNRESOLVED,UNRESOLVED_NEEDS_EXCEPTION,,DELETE_SOURCE_ROW
同声同气,term-e5908ce5a3b0e590,UNRESOLVED,UNRESOLVED_NEEDS_EXCEPTION,,DELETE_SOURCE_ROW
同声相应,term-e5908ce5a3b0e79b,UNRESOLVED,UNRESOLVED_NEEDS_EXCEPTION,,DELETE_SOURCE_ROW
同声附和,term-e5908ce5a3b0e999,UNRESOLVED,UNRESOLVED_NEEDS_EXCEPTION,,DELETE_SOURCE_ROW
名誉会员,term-e5908de8aa89e4bc,UNRESOLVED,UNRESOLVED_NEEDS_EXCEPTION,,DELETE_SOURCE_ROW
吐司面包,term-e59090e58fb8e99d,UNRESOLVED,UNRESOLVED_NEEDS_EXCEPTION,bakery,DELETE_SOURCE_ROW
向量嵌入,term-e59091e9878fe5b5,UNRESOLVED,UNRESOLVED_NEEDS_EXCEPTION,tech_ai,DELETE_SOURCE_ROW
向量数据库,term-e59091e9878fe695,UNRESOLVED,UNRESOLVED_NEEDS_EXCEPTION,tech_ai,DELETE_SOURCE_ROW
向量检索,term-e59091e9878fe6a3,UNRESOLVED,UNRESOLVED_NEEDS_EXCEPTION,tech_ai,DELETE_SOURCE_ROW
向量索引,term-e59091e9878fe7b4,UNRESOLVED,UNRESOLVED_NEEDS_EXCEPTION,tech_ai,DELETE_SOURCE_ROW
吞吐能力,term-e5909ee59090e883,UNRESOLVED,UNRESOLVED_NEEDS_EXCEPTION,,DELETE_SOURCE_ROW
味噌拉面,term-e591b3e5998ce68b,UNRESOLVED,UNRESOLVED_NEEDS_EXCEPTION,food_order,DELETE_SOURCE_ROW
咖啡价格,term-e59296e595a1e4bb,UNRESOLVED,UNRESOLVED_NEEDS_EXCEPTION,coffee,DELETE_SOURCE_ROW
咖啡取消,term-e59296e595a1e58f,UNRESOLVED,UNRESOLVED_NEEDS_EXCEPTION,coffee,DELETE_SOURCE_ROW
咖啡套餐,term-e59296e595a1e5a5,UNRESOLVED,UNRESOLVED_NEEDS_EXCEPTION,coffee|food_order,DELETE_SOURCE_ROW
咖啡推荐,term-e59296e595a1e68e,UNRESOLVED,UNRESOLVED_NEEDS_EXCEPTION,coffee,DELETE_SOURCE_ROW
咖啡支付,term-e59296e595a1e694,UNRESOLVED,UNRESOLVED_NEEDS_EXCEPTION,coffee,DELETE_SOURCE_ROW
咖啡等待,term-e59296e595a1e7ad,UNRESOLVED,UNRESOLVED_NEEDS_EXCEPTION,coffee,DELETE_SOURCE_ROW
咖啡评价,term-e59296e595a1e8af,UNRESOLVED,UNRESOLVED_NEEDS_EXCEPTION,coffee,DELETE_SOURCE_ROW
咖啡辣度,term-e59296e595a1e8be,UNRESOLVED,UNRESOLVED_NEEDS_EXCEPTION,coffee,DELETE_SOURCE_ROW
咖啡过敏原,term-e59296e595a1e8bf,UNRESOLVED,UNRESOLVED_NEEDS_EXCEPTION,coffee,DELETE_SOURCE_ROW
咖喱牛腩,term-e59296e596b1e789,UNRESOLVED,UNRESOLVED_NEEDS_EXCEPTION,,DELETE_SOURCE_ROW
咖喱鸡饭,term-e59296e596b1e9b8,UNRESOLVED,UNRESOLVED_NEEDS_EXCEPTION,,DELETE_SOURCE_ROW
商务酒店,term-e59586e58aa1e985,UNRESOLVED,UNRESOLVED_NEEDS_EXCEPTION,tourism_hotel,DELETE_SOURCE_ROW
善后处理,term-e59684e5908ee5a4,UNRESOLVED,UNRESOLVED_NEEDS_EXCEPTION,,DELETE_SOURCE_ROW
四季春茶,term-e59b9be5ada3e698,UNRESOLVED,UNRESOLVED_NEEDS_EXCEPTION,,DELETE_SOURCE_ROW
团体会员,term-e59ba2e4bd93e4bc,UNRESOLVED,UNRESOLVED_NEEDS_EXCEPTION,,DELETE_SOURCE_ROW
国家博物馆,term-e59bbde5aeb6e58d,UNRESOLVED,UNRESOLVED_NEEDS_EXCEPTION,tourism_route,DELETE_SOURCE_ROW
国宾酒店,term-e59bbde5aebee985,UNRESOLVED,UNRESOLVED_NEEDS_EXCEPTION,tourism_hotel,DELETE_SOURCE_ROW
图像分割,term-e59bbee5838fe588,UNRESOLVED,UNRESOLVED_NEEDS_EXCEPTION,,DELETE_SOURCE_ROW
图像处理,term-e59bbee5838fe5a4,UNRESOLVED,UNRESOLVED_NEEDS_EXCEPTION,,DELETE_SOURCE_ROW
图神经网,term-e59bbee7a59ee7bb,UNRESOLVED,UNRESOLVED_NEEDS_EXCEPTION,,DELETE_SOURCE_ROW
土司面包,term-e59c9fe58fb8e99d,UNRESOLVED,UNRESOLVED_NEEDS_EXCEPTION,bakery,DELETE_SOURCE_ROW
在线学习,term-e59ca8e7babfe5ad,UNRESOLVED,UNRESOLVED_NEEDS_EXCEPTION,,DELETE_SOURCE_ROW
在线评估,term-e59ca8e7babfe8af,UNRESOLVED,UNRESOLVED_NEEDS_EXCEPTION,,DELETE_SOURCE_ROW
地图投影,term-e59cb0e59bbee68a,UNRESOLVED,UNRESOLVED_NEEDS_EXCEPTION,,DELETE_SOURCE_ROW
地质博物馆,term-e59cb0e8b4a8e58d,UNRESOLVED,UNRESOLVED_NEEDS_EXCEPTION,tourism_route,DELETE_SOURCE_ROW
地铁接送,term-e59cb0e99381e68e,UNRESOLVED,UNRESOLVED_NEEDS_EXCEPTION,tourism_pickup,DELETE_SOURCE_ROW
地铁路线,term-e59cb0e99381e8b7,UNRESOLVED,UNRESOLVED_NEEDS_EXCEPTION,tourism_route,DELETE_SOURCE_ROW
坚果欧包,term-e59d9ae69e9ce6ac,UNRESOLVED,UNRESOLVED_NEEDS_EXCEPTION,bakery,DELETE_SOURCE_ROW
城际大巴,term-e59f8ee99985e5a4,UNRESOLVED,UNRESOLVED_NEEDS_EXCEPTION,,DELETE_SOURCE_ROW
城际铁路,term-e59f8ee99985e993,UNRESOLVED,UNRESOLVED_NEEDS_EXCEPTION,,DELETE_SOURCE_ROW
培根披萨,term-e59fb9e6a0b9e68a,UNRESOLVED,UNRESOLVED_NEEDS_EXCEPTION,,DELETE_SOURCE_ROW
基线模型,term-e59fbae7babfe6a8,UNRESOLVED,UNRESOLVED_NEEDS_EXCEPTION,tech_ai,DELETE_SOURCE_ROW
堵车站点,term-e5a0b5e8bda6e7ab,UNRESOLVED,UNRESOLVED_NEEDS_EXCEPTION,,DELETE_SOURCE_ROW
增量学习,term-e5a29ee9878fe5ad,UNRESOLVED,UNRESOLVED_NEEDS_EXCEPTION,,DELETE_SOURCE_ROW
备品备件,term-e5a487e59381e5a4,UNRESOLVED,UNRESOLVED_NEEDS_EXCEPTION,,DELETE_SOURCE_ROW
外国专家,term-e5a496e59bbde4b8,UNRESOLVED,UNRESOLVED_NEEDS_EXCEPTION,,DELETE_SOURCE_ROW
外科主任,term-e5a496e7a791e4b8,UNRESOLVED,UNRESOLVED_NEEDS_EXCEPTION,medical,DELETE_SOURCE_ROW
外科医生,term-e5a496e7a791e58c,UNRESOLVED,UNRESOLVED_NEEDS_EXCEPTION,medical,DELETE_SOURCE_ROW
外科手术,term-e5a496e7a791e689,UNRESOLVED,UNRESOLVED_NEEDS_EXCEPTION,medical,DELETE_SOURCE_ROW
外科病人,term-e5a496e7a791e797,UNRESOLVED,UNRESOLVED_NEEDS_EXCEPTION,medical,DELETE_SOURCE_ROW
多任务处理,term-e5a49ae4bbbbe58a,UNRESOLVED,UNRESOLVED_NEEDS_EXCEPTION,,DELETE_SOURCE_ROW
多轮会话,term-e5a49ae8bdaee4bc,UNRESOLVED,UNRESOLVED_NEEDS_EXCEPTION,,DELETE_SOURCE_ROW
大英博物馆,term-e5a4a7e88bb1e58d,UNRESOLVED,UNRESOLVED_NEEDS_EXCEPTION,tourism_route,DELETE_SOURCE_ROW
大连酒店,term-e5a4a7e8bf9ee985,UNRESOLVED,UNRESOLVED_NEEDS_EXCEPTION,tourism_hotel,DELETE_SOURCE_ROW
太平洋保险,term-e5a4aae5b9b3e6b4,UNRESOLVED,UNRESOLVED_NEEDS_EXCEPTION,,DELETE_SOURCE_ROW
头脑发热,term-e5a4b4e88491e58f,UNRESOLVED,UNRESOLVED_NEEDS_EXCEPTION,medical,DELETE_SOURCE_ROW
奖励模型,term-e5a596e58ab1e6a8,UNRESOLVED,UNRESOLVED_NEEDS_EXCEPTION,tech_ai,DELETE_SOURCE_ROW
奥利奥碎,term-e5a5a5e588a9e5a5,UNRESOLVED,UNRESOLVED_NEEDS_EXCEPTION,,DELETE_SOURCE_ROW
奶油小方,term-e5a5b6e6b2b9e5b0,UNRESOLVED,UNRESOLVED_NEEDS_EXCEPTION,,DELETE_SOURCE_ROW
奶油意面,term-e5a5b6e6b2b9e684,UNRESOLVED,UNRESOLVED_NEEDS_EXCEPTION,,DELETE_SOURCE_ROW
奶油泡芙,term-e5a5b6e6b2b9e6b3,UNRESOLVED,UNRESOLVED_NEEDS_EXCEPTION,bakery,DELETE_SOURCE_ROW
奶油餐包,term-e5a5b6e6b2b9e9a4,UNRESOLVED,UNRESOLVED_NEEDS_EXCEPTION,bakery,DELETE_SOURCE_ROW
奶酪丹麦,term-e5a5b6e985aae4b8,UNRESOLVED,UNRESOLVED_NEEDS_EXCEPTION,,DELETE_SOURCE_ROW
奶香吐司,term-e5a5b6e9a699e590,UNRESOLVED,UNRESOLVED_NEEDS_EXCEPTION,bakery,DELETE_SOURCE_ROW
妇科医生,term-e5a687e7a791e58c,UNRESOLVED,UNRESOLVED_NEEDS_EXCEPTION,medical,DELETE_SOURCE_ROW
妇科炎症,term-e5a687e7a791e782,UNRESOLVED,UNRESOLVED_NEEDS_EXCEPTION,medical,DELETE_SOURCE_ROW
妇科疾病,term-e5a687e7a791e796,UNRESOLVED,UNRESOLVED_NEEDS_EXCEPTION,medical,DELETE_SOURCE_ROW
姿态估计,term-e5a7bfe68081e4bc,UNRESOLVED,UNRESOLVED_NEEDS_EXCEPTION,,DELETE_SOURCE_ROW
实体识别,term-e5ae9ee4bd93e8af,UNRESOLVED,UNRESOLVED_NEEDS_EXCEPTION,,DELETE_SOURCE_ROW
实际处理,term-e5ae9ee99985e5a4,UNRESOLVED,UNRESOLVED_NEEDS_EXCEPTION,,DELETE_SOURCE_ROW
审慎处理,term-e5aea1e6858ee5a4,UNRESOLVED,UNRESOLVED_NEEDS_EXCEPTION,,DELETE_SOURCE_ROW
室内拖鞋,term-e5aea4e58685e68b,UNRESOLVED,UNRESOLVED_NEEDS_EXCEPTION,,DELETE_SOURCE_ROW
宫保鸡丁,term-e5aeabe4bf9de9b8,UNRESOLVED,UNRESOLVED_NEEDS_EXCEPTION,,DELETE_SOURCE_ROW
家用空调,term-e5aeb6e794a8e7a9,UNRESOLVED,UNRESOLVED_NEEDS_EXCEPTION,,DELETE_SOURCE_ROW
宽大处理,term-e5aebde5a4a7e5a4,UNRESOLVED,UNRESOLVED_NEEDS_EXCEPTION,,DELETE_SOURCE_ROW
宾馆酒店,term-e5aebee9a686e985,UNRESOLVED,UNRESOLVED_NEEDS_EXCEPTION,tourism_hotel,DELETE_SOURCE_ROW
寒天晶球,term-e5af92e5a4a9e699,UNRESOLVED,UNRESOLVED_NEEDS_EXCEPTION,,DELETE_SOURCE_ROW
对比学习,term-e5afb9e6af94e5ad,UNRESOLVED,UNRESOLVED_NEEDS_EXCEPTION,,DELETE_SOURCE_ROW
对照实验,term-e5afb9e785a7e5ae,UNRESOLVED,UNRESOLVED_NEEDS_EXCEPTION,,DELETE_SOURCE_ROW
导游保险,term-e5afbce6b8b8e4bf,UNRESOLVED,UNRESOLVED_NEEDS_EXCEPTION,tourism_route,DELETE_SOURCE_ROW
导航路线,term-e5afbce888aae8b7,UNRESOLVED,UNRESOLVED_NEEDS_EXCEPTION,tourism_route|tourism_transport,DELETE_SOURCE_ROW
寿司排队,term-e5afbfe58fb8e68e,UNRESOLVED,UNRESOLVED_NEEDS_EXCEPTION,food_order,DELETE_SOURCE_ROW
小麦胚芽,term-e5b08fe9baa6e883,UNRESOLVED,UNRESOLVED_NEEDS_EXCEPTION,,DELETE_SOURCE_ROW
履行延迟,term-e5b1a5e8a18ce5bb,UNRESOLVED,UNRESOLVED_NEEDS_EXCEPTION,,DELETE_SOURCE_ROW
嵌入式软件,term-e5b58ce585a5e5bc,UNRESOLVED,UNRESOLVED_NEEDS_EXCEPTION,tech_ai,DELETE_SOURCE_ROW
嵌入模型,term-e5b58ce585a5e6a8,UNRESOLVED,UNRESOLVED_NEEDS_EXCEPTION,tech_ai,DELETE_SOURCE_ROW
嵌入索引,term-e5b58ce585a5e7b4,UNRESOLVED,UNRESOLVED_NEEDS_EXCEPTION,tech_ai,DELETE_SOURCE_ROW
工业空调,term-e5b7a5e4b89ae7a9,UNRESOLVED,UNRESOLVED_NEEDS_EXCEPTION,,DELETE_SOURCE_ROW
工具调用,term-e5b7a5e585b7e8b0,UNRESOLVED,UNRESOLVED_NEEDS_EXCEPTION,,DELETE_SOURCE_ROW
巧克力圈,term-e5b7a7e5858be58a,UNRESOLVED,UNRESOLVED_NEEDS_EXCEPTION,,DELETE_SOURCE_ROW
市场管理费,term-e5b882e59cbae7ae,UNRESOLVED,UNRESOLVED_NEEDS_EXCEPTION,,DELETE_SOURCE_ROW
布里欧修,term-e5b883e9878ce6ac,UNRESOLVED,UNRESOLVED_NEEDS_EXCEPTION,bakery,DELETE_SOURCE_ROW
希尔顿酒店,term-e5b88ce5b094e9a1,UNRESOLVED,UNRESOLVED_NEEDS_EXCEPTION,tourism_hotel,DELETE_SOURCE_ROW
干性奶泡,term-e5b9b2e680a7e5a5,UNRESOLVED,UNRESOLVED_NEEDS_EXCEPTION,,DELETE_SOURCE_ROW
干炒牛河,term-e5b9b2e78292e789,UNRESOLVED,UNRESOLVED_NEEDS_EXCEPTION,,DELETE_SOURCE_ROW
干煸豆角,term-e5b9b2e785b8e8b1,UNRESOLVED,UNRESOLVED_NEEDS_EXCEPTION,,DELETE_SOURCE_ROW
平行投影,term-e5b9b3e8a18ce68a,UNRESOLVED,UNRESOLVED_NEEDS_EXCEPTION,,DELETE_SOURCE_ROW
并发模拟,term-e5b9b6e58f91e6a8,UNRESOLVED,UNRESOLVED_NEEDS_EXCEPTION,,DELETE_SOURCE_ROW
并发许可超,term-e5b9b6e58f91e8ae,UNRESOLVED,UNRESOLVED_NEEDS_EXCEPTION,,DELETE_SOURCE_ROW
座位排队,term-e5baa7e4bd8de68e,UNRESOLVED,UNRESOLVED_NEEDS_EXCEPTION,,DELETE_SOURCE_ROW
康复中心,term-e5bab7e5a48de4b8,UNRESOLVED,UNRESOLVED_NEEDS_EXCEPTION,medical,DELETE_SOURCE_ROW
康复训练,term-e5bab7e5a48de8ae,UNRESOLVED,UNRESOLVED_NEEDS_EXCEPTION,medical|tech_ai,DELETE_SOURCE_ROW
延误清单,term-e5bbb6e8afafe6b8,UNRESOLVED,UNRESOLVED_NEEDS_EXCEPTION,,DELETE_SOURCE_ROW
建议处理,term-e5bbbae8aeaee5a4,UNRESOLVED,UNRESOLVED_NEEDS_EXCEPTION,,DELETE_SOURCE_ROW
开刀手术,term-e5bc80e58880e689,UNRESOLVED,UNRESOLVED_NEEDS_EXCEPTION,medical,DELETE_SOURCE_ROW
开放式系统,term-e5bc80e694bee5bc,UNRESOLVED,UNRESOLVED_NEEDS_EXCEPTION,,DELETE_SOURCE_ROW
异常检测,term-e5bc82e5b8b8e6a3,UNRESOLVED,UNRESOLVED_NEEDS_EXCEPTION,,DELETE_SOURCE_ROW
式错误处理,term-e5bc8fe99499e8af,UNRESOLVED,UNRESOLVED_NEEDS_EXCEPTION,,DELETE_SOURCE_ROW
弹性伸缩,term-e5bcb9e680a7e4bc,UNRESOLVED,UNRESOLVED_NEEDS_EXCEPTION,,DELETE_SOURCE_ROW
强化学习,term-e5bcbae58c96e5ad,UNRESOLVED,UNRESOLVED_NEEDS_EXCEPTION,,DELETE_SOURCE_ROW
归一化层,term-e5bd92e4b880e58c,UNRESOLVED,UNRESOLVED_NEEDS_EXCEPTION,,DELETE_SOURCE_ROW
归纳推理,term-e5bd92e7bab3e68e,UNRESOLVED,UNRESOLVED_NEEDS_EXCEPTION,tech_ai,DELETE_SOURCE_ROW
影像转换,term-e5bdb1e5838fe8bd,UNRESOLVED,UNRESOLVED_NEEDS_EXCEPTION,,DELETE_SOURCE_ROW
往返编码,term-e5be80e8bf94e7bc,UNRESOLVED,UNRESOLVED_NEEDS_EXCEPTION,,DELETE_SOURCE_ROW
徒步地点,term-e5be92e6ada5e59c,UNRESOLVED,UNRESOLVED_NEEDS_EXCEPTION,tourism_route,DELETE_SOURCE_ROW
徒步路线,term-e5be92e6ada5e8b7,UNRESOLVED,UNRESOLVED_NEEDS_EXCEPTION,tourism_route,DELETE_SOURCE_ROW
御用专家,term-e5bea1e794a8e4b8,UNRESOLVED,UNRESOLVED_NEEDS_EXCEPTION,,DELETE_SOURCE_ROW
心形拉花,term-e5bf83e5bda2e68b,UNRESOLVED,UNRESOLVED_NEEDS_EXCEPTION,coffee,DELETE_SOURCE_ROW
心理专家,term-e5bf83e79086e4b8,UNRESOLVED,UNRESOLVED_NEEDS_EXCEPTION,,DELETE_SOURCE_ROW
心电感应,term-e5bf83e794b5e684,UNRESOLVED,UNRESOLVED_NEEDS_EXCEPTION,,DELETE_SOURCE_ROW
心电监护,term-e5bf83e794b5e79b,UNRESOLVED,UNRESOLVED_NEEDS_EXCEPTION,,DELETE_SOURCE_ROW
心脏外科,term-e5bf83e8848fe5a4,UNRESOLVED,UNRESOLVED_NEEDS_EXCEPTION,medical,DELETE_SOURCE_ROW
快捷酒店,term-e5bfabe68db7e985,UNRESOLVED,UNRESOLVED_NEEDS_EXCEPTION,tourism_hotel,DELETE_SOURCE_ROW
快速修复,term-e5bfabe9809fe4bf,UNRESOLVED,UNRESOLVED_NEEDS_EXCEPTION,,DELETE_SOURCE_ROW
快速参考,term-e5bfabe9809fe58f,UNRESOLVED,UNRESOLVED_NEEDS_EXCEPTION,,DELETE_SOURCE_ROW
快速完成,term-e5bfabe9809fe5ae,UNRESOLVED,UNRESOLVED_NEEDS_EXCEPTION,,DELETE_SOURCE_ROW
快速开始指,term-e5bfabe9809fe5bc,UNRESOLVED,UNRESOLVED_NEEDS_EXCEPTION,,DELETE_SOURCE_ROW
急诊病人,term-e680a5e8af8ae797,UNRESOLVED,UNRESOLVED_NEEDS_EXCEPTION,medical,DELETE_SOURCE_ROW
总统套房,term-e680bbe7bb9fe5a5,UNRESOLVED,UNRESOLVED_NEEDS_EXCEPTION,tourism_hotel,DELETE_SOURCE_ROW
总统客房,term-e680bbe7bb9fe5ae,UNRESOLVED,UNRESOLVED_NEEDS_EXCEPTION,tourism_hotel,DELETE_SOURCE_ROW
恒压萃取,term-e68192e58e8be890,UNRESOLVED,UNRESOLVED_NEEDS_EXCEPTION,coffee,DELETE_SOURCE_ROW
意图识别,term-e6848fe59bbee8af,UNRESOLVED,UNRESOLVED_NEEDS_EXCEPTION,,DELETE_SOURCE_ROW
慕斯蛋糕,term-e68595e696afe89b,UNRESOLVED,UNRESOLVED_NEEDS_EXCEPTION,bakery,DELETE_SOURCE_ROW
成语言集合,term-e68890e8afade8a8,UNRESOLVED,UNRESOLVED_NEEDS_EXCEPTION,,DELETE_SOURCE_ROW
成都酒店,term-e68890e983bde985,UNRESOLVED,UNRESOLVED_NEEDS_EXCEPTION,tourism_hotel,DELETE_SOURCE_ROW
戚风蛋糕,term-e6889ae9a38ee89b,UNRESOLVED,UNRESOLVED_NEEDS_EXCEPTION,bakery,DELETE_SOURCE_ROW
房卡入口,term-e688bfe58da1e585,UNRESOLVED,UNRESOLVED_NEEDS_EXCEPTION,tourism_hotel,DELETE_SOURCE_ROW
打扫卫生,term-e68993e689abe58d,UNRESOLVED,UNRESOLVED_NEEDS_EXCEPTION,,DELETE_SOURCE_ROW
打扫战场,term-e68993e689abe688,UNRESOLVED,UNRESOLVED_NEEDS_EXCEPTION,,DELETE_SOURCE_ROW
托运行李,term-e68998e8bf90e8a1,UNRESOLVED,UNRESOLVED_NEEDS_EXCEPTION,,DELETE_SOURCE_ROW
扫码乘车,term-e689abe7a081e4b9,UNRESOLVED,UNRESOLVED_NEEDS_EXCEPTION,,DELETE_SOURCE_ROW
扬州炒饭,term-e689ace5b79ee782,UNRESOLVED,UNRESOLVED_NEEDS_EXCEPTION,,DELETE_SOURCE_ROW
批量梯度,term-e689b9e9878fe6a2,UNRESOLVED,UNRESOLVED_NEEDS_EXCEPTION,tech_ai,DELETE_SOURCE_ROW
投影变换,term-e68a95e5bdb1e58f,UNRESOLVED,UNRESOLVED_NEEDS_EXCEPTION,,DELETE_SOURCE_ROW
护照接待,term-e68aa4e785a7e68e,UNRESOLVED,UNRESOLVED_NEEDS_EXCEPTION,,DELETE_SOURCE_ROW
抹茶吐司,term-e68ab9e88cb6e590,UNRESOLVED,UNRESOLVED_NEEDS_EXCEPTION,bakery,DELETE_SOURCE_ROW
押金证明,term-e68abce98791e8af,UNRESOLVED,UNRESOLVED_NEEDS_EXCEPTION,,DELETE_SOURCE_ROW
拉面排队,term-e68b89e99da2e68e,UNRESOLVED,UNRESOLVED_NEEDS_EXCEPTION,food_order,DELETE_SOURCE_ROW
招待不周,term-e68b9be5be85e4b8,UNRESOLVED,UNRESOLVED_NEEDS_EXCEPTION,,DELETE_SOURCE_ROW
拿破仑酥,term-e68bbfe7a0b4e4bb,UNRESOLVED,UNRESOLVED_NEEDS_EXCEPTION,,DELETE_SOURCE_ROW
拿铁推荐,term-e68bbfe99381e68e,UNRESOLVED,UNRESOLVED_NEEDS_EXCEPTION,coffee,DELETE_SOURCE_ROW
拿铁等待,term-e68bbfe99381e7ad,UNRESOLVED,UNRESOLVED_NEEDS_EXCEPTION,coffee,DELETE_SOURCE_ROW
拿铁辣度,term-e68bbfe99381e8be,UNRESOLVED,UNRESOLVED_NEEDS_EXCEPTION,coffee,DELETE_SOURCE_ROW
指令微调,term-e68c87e4bba4e5be,UNRESOLVED,UNRESOLVED_NEEDS_EXCEPTION,tech_ai,DELETE_SOURCE_ROW
指标看板,term-e68c87e6a087e79c,UNRESOLVED,UNRESOLVED_NEEDS_EXCEPTION,,DELETE_SOURCE_ROW
挥发度计,term-e68ca5e58f91e5ba,UNRESOLVED,UNRESOLVED_NEEDS_EXCEPTION,,DELETE_SOURCE_ROW
损失函数,term-e68d9fe5a4b1e587,UNRESOLVED,UNRESOLVED_NEEDS_EXCEPTION,,DELETE_SOURCE_ROW
损失惨重,term-e68d9fe5a4b1e683,UNRESOLVED,UNRESOLVED_NEEDS_EXCEPTION,,DELETE_SOURCE_ROW
掉头就跑,term-e68e89e5a4b4e5b0,UNRESOLVED,UNRESOLVED_NEEDS_EXCEPTION,,DELETE_SOURCE_ROW
掉头鼠窜,term-e68e89e5a4b4e9bc,UNRESOLVED,UNRESOLVED_NEEDS_EXCEPTION,,DELETE_SOURCE_ROW
接送保险,term-e68ea5e98081e4bf,UNRESOLVED,UNRESOLVED_NEEDS_EXCEPTION,tourism_pickup,DELETE_SOURCE_ROW
接送凭证,term-e68ea5e98081e587,UNRESOLVED,UNRESOLVED_NEEDS_EXCEPTION,tourism_pickup,DELETE_SOURCE_ROW
接送费用,term-e68ea5e98081e8b4,UNRESOLVED,UNRESOLVED_NEEDS_EXCEPTION,tourism_pickup,DELETE_SOURCE_ROW
接驳车路线,term-e68ea5e9a9b3e8bd,UNRESOLVED,UNRESOLVED_NEEDS_EXCEPTION,tourism_route,DELETE_SOURCE_ROW
推理加速,term-e68ea8e79086e58a,UNRESOLVED,UNRESOLVED_NEEDS_EXCEPTION,tech_ai,DELETE_SOURCE_ROW
推理延迟,term-e68ea8e79086e5bb,UNRESOLVED,UNRESOLVED_NEEDS_EXCEPTION,tech_ai,DELETE_SOURCE_ROW
推理引擎,term-e68ea8e79086e5bc,UNRESOLVED,UNRESOLVED_NEEDS_EXCEPTION,tech_ai,DELETE_SOURCE_ROW
推理服务,term-e68ea8e79086e69c,UNRESOLVED,UNRESOLVED_NEEDS_EXCEPTION,tech_ai,DELETE_SOURCE_ROW
推理框架,term-e68ea8e79086e6a1,UNRESOLVED,UNRESOLVED_NEEDS_EXCEPTION,tech_ai,DELETE_SOURCE_ROW
推理模型,term-e68ea8e79086e6a8,UNRESOLVED,UNRESOLVED_NEEDS_EXCEPTION,tech_ai,DELETE_SOURCE_ROW
推理诊断,term-e68ea8e79086e8af,UNRESOLVED,UNRESOLVED_NEEDS_EXCEPTION,tech_ai,DELETE_SOURCE_ROW
提前入住,term-e68f90e5898de585,UNRESOLVED,UNRESOLVED_NEEDS_EXCEPTION,tourism_hotel,DELETE_SOURCE_ROW
提拉米苏,term-e68f90e68b89e7b1,UNRESOLVED,UNRESOLVED_NEEDS_EXCEPTION,bakery,DELETE_SOURCE_ROW
提示模板,term-e68f90e7a4bae6a8,UNRESOLVED,UNRESOLVED_NEEDS_EXCEPTION,,DELETE_SOURCE_ROW
擅自处理,term-e69385e887aae5a4,UNRESOLVED,UNRESOLVED_NEEDS_EXCEPTION,,DELETE_SOURCE_ROW
支气管镜,term-e694afe6b094e7ae,UNRESOLVED,UNRESOLVED_NEEDS_EXCEPTION,,DELETE_SOURCE_ROW
放射性核素,term-e694bee5b084e680,UNRESOLVED,UNRESOLVED_NEEDS_EXCEPTION,medical,DELETE_SOURCE_ROW
故障模拟,term-e69585e99a9ce6a8,UNRESOLVED,UNRESOLVED_NEEDS_EXCEPTION,,DELETE_SOURCE_ROW
故障转移,term-e69585e99a9ce8bd,UNRESOLVED,UNRESOLVED_NEEDS_EXCEPTION,,DELETE_SOURCE_ROW
散团地点,term-e695a3e59ba2e59c,UNRESOLVED,UNRESOLVED_NEEDS_EXCEPTION,tourism_route,DELETE_SOURCE_ROW
数据仓库,term-e695b0e68daee4bb,UNRESOLVED,UNRESOLVED_NEEDS_EXCEPTION,,DELETE_SOURCE_ROW
数据处理,term-e695b0e68daee5a4,UNRESOLVED,UNRESOLVED_NEEDS_EXCEPTION,,DELETE_SOURCE_ROW
数据湖仓,term-e695b0e68daee6b9,UNRESOLVED,UNRESOLVED_NEEDS_EXCEPTION,,DELETE_SOURCE_ROW
数据漂移,term-e695b0e68daee6bc,UNRESOLVED,UNRESOLVED_NEEDS_EXCEPTION,,DELETE_SOURCE_ROW
文本分类,term-e69687e69cace588,UNRESOLVED,UNRESOLVED_NEEDS_EXCEPTION,,DELETE_SOURCE_ROW
文本匹配,term-e69687e69cace58c,UNRESOLVED,UNRESOLVED_NEEDS_EXCEPTION,,DELETE_SOURCE_ROW
文本生成,term-e69687e69cace794,UNRESOLVED,UNRESOLVED_NEEDS_EXCEPTION,,DELETE_SOURCE_ROW
文本聚类,term-e69687e69cace881,UNRESOLVED,UNRESOLVED_NEEDS_EXCEPTION,,DELETE_SOURCE_ROW
新生儿科,term-e696b0e7949fe584,UNRESOLVED,UNRESOLVED_NEEDS_EXCEPTION,medical,DELETE_SOURCE_ROW
旅游巴士,term-e69785e6b8b8e5b7,UNRESOLVED,UNRESOLVED_NEEDS_EXCEPTION,tourism_transport|transport,DELETE_SOURCE_ROW
旅游线路,term-e69785e6b8b8e7ba,UNRESOLVED,UNRESOLVED_NEEDS_EXCEPTION,tourism_route,DELETE_SOURCE_ROW
无烟工业,term-e697a0e7839fe5b7,UNRESOLVED,UNRESOLVED_NEEDS_EXCEPTION,,DELETE_SOURCE_ROW
无烟火药,term-e697a0e7839fe781,UNRESOLVED,UNRESOLVED_NEEDS_EXCEPTION,,DELETE_SOURCE_ROW
无花果欧包,term-e697a0e88ab1e69e,UNRESOLVED,UNRESOLVED_NEEDS_EXCEPTION,bakery,DELETE_SOURCE_ROW
无障碍道,term-e697a0e99a9ce7a2,UNRESOLVED,UNRESOLVED_NEEDS_EXCEPTION,,DELETE_SOURCE_ROW
日志文件,term-e697a5e5bf97e696,UNRESOLVED,UNRESOLVED_NEEDS_EXCEPTION,tech_ai,DELETE_SOURCE_ROW
日志格式,term-e697a5e5bf97e6a0,UNRESOLVED,UNRESOLVED_NEEDS_EXCEPTION,tech_ai,DELETE_SOURCE_ROW
日志索引,term-e697a5e5bf97e7b4,UNRESOLVED,UNRESOLVED_NEEDS_EXCEPTION,tech_ai,DELETE_SOURCE_ROW
日晒雨淋,term-e697a5e69992e99b,UNRESOLVED,UNRESOLVED_NEEDS_EXCEPTION,,DELETE_SOURCE_ROW
早停策略,term-e697a9e5819ce7ad,UNRESOLVED,UNRESOLVED_NEEDS_EXCEPTION,,DELETE_SOURCE_ROW
早日康复,term-e697a9e697a5e5ba,UNRESOLVED,UNRESOLVED_NEEDS_EXCEPTION,medical,DELETE_SOURCE_ROW
早餐座位,term-e697a9e9a490e5ba,UNRESOLVED,UNRESOLVED_NEEDS_EXCEPTION,food_order,DELETE_SOURCE_ROW
早餐推荐,term-e697a9e9a490e68e,UNRESOLVED,UNRESOLVED_NEEDS_EXCEPTION,food_order,DELETE_SOURCE_ROW
明修栈道,term-e6988ee4bfaee6a0,UNRESOLVED,UNRESOLVED_NEEDS_EXCEPTION,,DELETE_SOURCE_ROW
星洲炒米,term-e6989fe6b4b2e782,UNRESOLVED,UNRESOLVED_NEEDS_EXCEPTION,,DELETE_SOURCE_ROW
显存复用,term-e698bee5ad98e5a4,UNRESOLVED,UNRESOLVED_NEEDS_EXCEPTION,,DELETE_SOURCE_ROW
显存管理,term-e698bee5ad98e7ae,UNRESOLVED,UNRESOLVED_NEEDS_EXCEPTION,,DELETE_SOURCE_ROW
普天间机场,term-e699aee5a4a9e997,UNRESOLVED,UNRESOLVED_NEEDS_EXCEPTION,tourism_transport,DELETE_SOURCE_ROW
景区入口,term-e699afe58cbae585,UNRESOLVED,UNRESOLVED_NEEDS_EXCEPTION,tourism_route,DELETE_SOURCE_ROW
景点取消,term-e699afe782b9e58f,UNRESOLVED,UNRESOLVED_NEEDS_EXCEPTION,tourism_route,DELETE_SOURCE_ROW
景点门票,term-e699afe782b9e997,UNRESOLVED,UNRESOLVED_NEEDS_EXCEPTION,tourism_route,DELETE_SOURCE_ROW
智能不足,term-e699bae883bde4b8,UNRESOLVED,UNRESOLVED_NEEDS_EXCEPTION,,DELETE_SOURCE_ROW
有气无烟,term-e69c89e6b094e697,UNRESOLVED,UNRESOLVED_NEEDS_EXCEPTION,,DELETE_SOURCE_ROW
有轨电车,term-e69c89e8bda8e794,UNRESOLVED,UNRESOLVED_NEEDS_EXCEPTION,,DELETE_SOURCE_ROW
服务供应商,term-e69c8de58aa1e4be,UNRESOLVED,UNRESOLVED_NEEDS_EXCEPTION,,DELETE_SOURCE_ROW
服务列表,term-e69c8de58aa1e588,UNRESOLVED,UNRESOLVED_NEEDS_EXCEPTION,,DELETE_SOURCE_ROW
服务启动,term-e69c8de58aa1e590,UNRESOLVED,UNRESOLVED_NEEDS_EXCEPTION,,DELETE_SOURCE_ROW
服务必需,term-e69c8de58aa1e5bf,UNRESOLVED,UNRESOLVED_NEEDS_EXCEPTION,,DELETE_SOURCE_ROW
服务接口,term-e69c8de58aa1e68e,UNRESOLVED,UNRESOLVED_NEEDS_EXCEPTION,tech_ai,DELETE_SOURCE_ROW
服务提供者,term-e69c8de58aa1e68f,UNRESOLVED,UNRESOLVED_NEEDS_EXCEPTION,,DELETE_SOURCE_ROW
服务日志,term-e69c8de58aa1e697,UNRESOLVED,UNRESOLVED_NEEDS_EXCEPTION,tech_ai,DELETE_SOURCE_ROW
服务电梯,term-e69c8de58aa1e794,UNRESOLVED,UNRESOLVED_NEEDS_EXCEPTION,,DELETE_SOURCE_ROW
服务管理,term-e69c8de58aa1e7ae,UNRESOLVED,UNRESOLVED_NEEDS_EXCEPTION,,DELETE_SOURCE_ROW
服务类型,term-e69c8de58aa1e7b1,UNRESOLVED,UNRESOLVED_NEEDS_EXCEPTION,,DELETE_SOURCE_ROW
服务编排,term-e69c8de58aa1e7bc,UNRESOLVED,UNRESOLVED_NEEDS_EXCEPTION,tech_ai,DELETE_SOURCE_ROW
服务网格,term-e69c8de58aa1e7bd,UNRESOLVED,UNRESOLVED_NEEDS_EXCEPTION,,DELETE_SOURCE_ROW
服务重试,term-e69c8de58aa1e987,UNRESOLVED,UNRESOLVED_NEEDS_EXCEPTION,,DELETE_SOURCE_ROW
本行政区域,term-e69cace8a18ce694,UNRESOLVED,UNRESOLVED_NEEDS_EXCEPTION,,DELETE_SOURCE_ROW
机器学习,term-e69cbae599a8e5ad,UNRESOLVED,UNRESOLVED_NEEDS_EXCEPTION,,DELETE_SOURCE_ROW
机场中心,term-e69cbae59cbae4b8,UNRESOLVED,UNRESOLVED_NEEDS_EXCEPTION,tourism_transport,DELETE_SOURCE_ROW
机场安排,term-e69cbae59cbae5ae,UNRESOLVED,UNRESOLVED_NEEDS_EXCEPTION,tourism_transport,DELETE_SOURCE_ROW
机场巴士排,term-e69cbae59cbae5b7,UNRESOLVED,UNRESOLVED_NEEDS_EXCEPTION,tourism_transport,DELETE_SOURCE_ROW
机场快线,term-e69cbae59cbae5bf,UNRESOLVED,UNRESOLVED_NEEDS_EXCEPTION,tourism_transport,DELETE_SOURCE_ROW
机场接待,term-e69cbae59cbae68e,UNRESOLVED,UNRESOLVED_NEEDS_EXCEPTION,tourism_transport,DELETE_SOURCE_ROW
机场费用,term-e69cbae59cbae8b4,UNRESOLVED,UNRESOLVED_NEEDS_EXCEPTION,tourism_transport,DELETE_SOURCE_ROW
机场送机凭,term-e69cbae59cbae980,UNRESOLVED,UNRESOLVED_NEEDS_EXCEPTION,tourism_pickup|tourism_transport,DELETE_SOURCE_ROW
杂粮面包,term-e69d82e7b2aee99d,UNRESOLVED,UNRESOLVED_NEEDS_EXCEPTION,bakery,DELETE_SOURCE_ROW
权重衰减,term-e69d83e9878de8a1,UNRESOLVED,UNRESOLVED_NEEDS_EXCEPTION,,DELETE_SOURCE_ROW
杏仁丹麦,term-e69d8fe4bb81e4b8,UNRESOLVED,UNRESOLVED_NEEDS_EXCEPTION,,DELETE_SOURCE_ROW
枫糖丹麦,term-e69eabe7b396e4b8,UNRESOLVED,UNRESOLVED_NEEDS_EXCEPTION,,DELETE_SOURCE_ROW
样本仓库,term-e6a0b7e69cace4bb,UNRESOLVED,UNRESOLVED_NEEDS_EXCEPTION,,DELETE_SOURCE_ROW
核桃吐司,term-e6a0b8e6a183e590,UNRESOLVED,UNRESOLVED_NEEDS_EXCEPTION,bakery,DELETE_SOURCE_ROW
格力空调,term-e6a0bce58a9be7a9,UNRESOLVED,UNRESOLVED_NEEDS_EXCEPTION,,DELETE_SOURCE_ROW
格尔木机场,term-e6a0bce5b094e69c,UNRESOLVED,UNRESOLVED_NEEDS_EXCEPTION,tourism_transport,DELETE_SOURCE_ROW
梯度累积,term-e6a2afe5baa6e7b4,UNRESOLVED,UNRESOLVED_NEEDS_EXCEPTION,tech_ai,DELETE_SOURCE_ROW
梯度裁剪,term-e6a2afe5baa6e8a3,UNRESOLVED,UNRESOLVED_NEEDS_EXCEPTION,tech_ai,DELETE_SOURCE_ROW
检查失败,term-e6a380e69fa5e5a4,UNRESOLVED,UNRESOLVED_NEEDS_EXCEPTION,,DELETE_SOURCE_ROW
检查当前会,term-e6a380e69fa5e5bd,UNRESOLVED,UNRESOLVED_NEEDS_EXCEPTION,,DELETE_SOURCE_ROW
检查暂停是,term-e6a380e69fa5e69a,UNRESOLVED,UNRESOLVED_NEEDS_EXCEPTION,,DELETE_SOURCE_ROW
检查本地,term-e6a380e69fa5e69c,UNRESOLVED,UNRESOLVED_NEEDS_EXCEPTION,,DELETE_SOURCE_ROW
检查浏览器,term-e6a380e69fa5e6b5,UNRESOLVED,UNRESOLVED_NEEDS_EXCEPTION,,DELETE_SOURCE_ROW
检查清单,term-e6a380e69fa5e6b8,UNRESOLVED,UNRESOLVED_NEEDS_EXCEPTION,,DELETE_SOURCE_ROW
检查环境变,term-e6a380e69fa5e78e,UNRESOLVED,UNRESOLVED_NEEDS_EXCEPTION,,DELETE_SOURCE_ROW
检查用户级,term-e6a380e69fa5e794,UNRESOLVED,UNRESOLVED_NEEDS_EXCEPTION,,DELETE_SOURCE_ROW
检查节点端,term-e6a380e69fa5e88a,UNRESOLVED,UNRESOLVED_NEEDS_EXCEPTION,tech_ai,DELETE_SOURCE_ROW
检查调度服,term-e6a380e69fa5e8b0,UNRESOLVED,UNRESOLVED_NEEDS_EXCEPTION,,DELETE_SOURCE_ROW
检查进程,term-e6a380e69fa5e8bf,UNRESOLVED,UNRESOLVED_NEEDS_EXCEPTION,,DELETE_SOURCE_ROW
检查通过,term-e6a380e69fa5e980,UNRESOLVED,UNRESOLVED_NEEDS_EXCEPTION,,DELETE_SOURCE_ROW
检查配置文,term-e6a380e69fa5e985,UNRESOLVED,UNRESOLVED_NEEDS_EXCEPTION,,DELETE_SOURCE_ROW
椰浆鸡汤,term-e6a4b0e6b586e9b8,UNRESOLVED,UNRESOLVED_NEEDS_EXCEPTION,,DELETE_SOURCE_ROW
槽位填充,term-e6a7bde4bd8de5a1,UNRESOLVED,UNRESOLVED_NEEDS_EXCEPTION,,DELETE_SOURCE_ROW
模型仓库,term-e6a8a1e59e8be4bb,UNRESOLVED,UNRESOLVED_NEEDS_EXCEPTION,tech_ai,DELETE_SOURCE_ROW
模型卡片,term-e6a8a1e59e8be58d,UNRESOLVED,UNRESOLVED_NEEDS_EXCEPTION,tech_ai,DELETE_SOURCE_ROW
模型审计,term-e6a8a1e59e8be5ae,UNRESOLVED,UNRESOLVED_NEEDS_EXCEPTION,tech_ai,DELETE_SOURCE_ROW
模型服务,term-e6a8a1e59e8be69c,UNRESOLVED,UNRESOLVED_NEEDS_EXCEPTION,tech_ai,DELETE_SOURCE_ROW
模型治理,term-e6a8a1e59e8be6b2,UNRESOLVED,UNRESOLVED_NEEDS_EXCEPTION,tech_ai,DELETE_SOURCE_ROW
模型注册,term-e6a8a1e59e8be6b3,UNRESOLVED,UNRESOLVED_NEEDS_EXCEPTION,tech_ai,DELETE_SOURCE_ROW
模型漂移,term-e6a8a1e59e8be6bc,UNRESOLVED,UNRESOLVED_NEEDS_EXCEPTION,tech_ai,DELETE_SOURCE_ROW
模型版本,term-e6a8a1e59e8be789,UNRESOLVED,UNRESOLVED_NEEDS_EXCEPTION,tech_ai,DELETE_SOURCE_ROW
橄榄欧包,term-e6a984e6a684e6ac,UNRESOLVED,UNRESOLVED_NEEDS_EXCEPTION,bakery,DELETE_SOURCE_ROW
欺诈检测,term-e6acbae8af88e6a3,UNRESOLVED,UNRESOLVED_NEEDS_EXCEPTION,,DELETE_SOURCE_ROW
歌剧蛋糕,term-e6ad8ce589a7e89b,UNRESOLVED,UNRESOLVED_NEEDS_EXCEPTION,bakery,DELETE_SOURCE_ROW
正交投影,term-e6ada3e4baa4e68a,UNRESOLVED,UNRESOLVED_NEEDS_EXCEPTION,,DELETE_SOURCE_ROW
正则概形,term-e6ada3e58899e6a6,UNRESOLVED,UNRESOLVED_NEEDS_EXCEPTION,,DELETE_SOURCE_ROW
正则表达式,term-e6ada3e58899e8a1,UNRESOLVED,UNRESOLVED_NEEDS_EXCEPTION,tech_ai,DELETE_SOURCE_ROW
正常关闭,term-e6ada3e5b8b8e585,UNRESOLVED,UNRESOLVED_NEEDS_EXCEPTION,,DELETE_SOURCE_ROW
正常出结果,term-e6ada3e5b8b8e587,UNRESOLVED,UNRESOLVED_NEEDS_EXCEPTION,,DELETE_SOURCE_ROW
正常启动备,term-e6ada3e5b8b8e590,UNRESOLVED,UNRESOLVED_NEEDS_EXCEPTION,,DELETE_SOURCE_ROW
正常工作,term-e6ada3e5b8b8e5b7,UNRESOLVED,UNRESOLVED_NEEDS_EXCEPTION,,DELETE_SOURCE_ROW
正常情况下,term-e6ada3e5b8b8e683,UNRESOLVED,UNRESOLVED_NEEDS_EXCEPTION,,DELETE_SOURCE_ROW
正常执行,term-e6ada3e5b8b8e689,UNRESOLVED,UNRESOLVED_NEEDS_EXCEPTION,,DELETE_SOURCE_ROW
正常维护中,term-e6ada3e5b8b8e7bb,UNRESOLVED,UNRESOLVED_NEEDS_EXCEPTION,,DELETE_SOURCE_ROW
正常行为,term-e6ada3e5b8b8e8a1,UNRESOLVED,UNRESOLVED_NEEDS_EXCEPTION,,DELETE_SOURCE_ROW
正常识别,term-e6ada3e5b8b8e8af,UNRESOLVED,UNRESOLVED_NEEDS_EXCEPTION,,DELETE_SOURCE_ROW
正常运行脚,term-e6ada3e5b8b8e8bf,UNRESOLVED,UNRESOLVED_NEEDS_EXCEPTION,,DELETE_SOURCE_ROW
正常退出测,term-e6ada3e5b8b8e980,UNRESOLVED,UNRESOLVED_NEEDS_EXCEPTION,,DELETE_SOURCE_ROW
正常音频聚,term-e6ada3e5b8b8e99f,UNRESOLVED,UNRESOLVED_NEEDS_EXCEPTION,,DELETE_SOURCE_ROW
残差连接,term-e6ae8be5b7aee8bf,UNRESOLVED,UNRESOLVED_NEEDS_EXCEPTION,,DELETE_SOURCE_ROW
氮气咖啡,term-e6b0aee6b094e592,UNRESOLVED,UNRESOLVED_NEEDS_EXCEPTION,coffee,DELETE_SOURCE_ROW
水果沙拉,term-e6b0b4e69e9ce6b2,UNRESOLVED,UNRESOLVED_NEEDS_EXCEPTION,,DELETE_SOURCE_ROW
水果蛋糕,term-e6b0b4e69e9ce89b,UNRESOLVED,UNRESOLVED_NEEDS_EXCEPTION,bakery,DELETE_SOURCE_ROW
汽车空调,term-e6b1bde8bda6e7a9,UNRESOLVED,UNRESOLVED_NEEDS_EXCEPTION,,DELETE_SOURCE_ROW
河西走廊,term-e6b2b3e8a5bfe8b5,UNRESOLVED,UNRESOLVED_NEEDS_EXCEPTION,,DELETE_SOURCE_ROW
油箱站点,term-e6b2b9e7aeb1e7ab,UNRESOLVED,UNRESOLVED_NEEDS_EXCEPTION,,DELETE_SOURCE_ROW
洋葱贝果,term-e6b48be891b1e8b4,UNRESOLVED,UNRESOLVED_NEEDS_EXCEPTION,bakery,DELETE_SOURCE_ROW
流式处理,term-e6b581e5bc8fe5a4,UNRESOLVED,UNRESOLVED_NEEDS_EXCEPTION,,DELETE_SOURCE_ROW
海盐奶盖,term-e6b5b7e79b90e5a5,UNRESOLVED,UNRESOLVED_NEEDS_EXCEPTION,milk_tea,DELETE_SOURCE_ROW
海绵蛋糕,term-e6b5b7e7bbb5e89b,UNRESOLVED,UNRESOLVED_NEEDS_EXCEPTION,bakery,DELETE_SOURCE_ROW
海鲜披萨,term-e6b5b7e9b29ce68a,UNRESOLVED,UNRESOLVED_NEEDS_EXCEPTION,,DELETE_SOURCE_ROW
海鲜炒饭,term-e6b5b7e9b29ce782,UNRESOLVED,UNRESOLVED_NEEDS_EXCEPTION,,DELETE_SOURCE_ROW
消息队列,term-e6b688e681afe998,UNRESOLVED,UNRESOLVED_NEEDS_EXCEPTION,tech_ai,DELETE_SOURCE_ROW
消融实验,term-e6b688e89e8de5ae,UNRESOLVED,UNRESOLVED_NEEDS_EXCEPTION,,DELETE_SOURCE_ROW
消防电梯,term-e6b688e998b2e794,UNRESOLVED,UNRESOLVED_NEEDS_EXCEPTION,,DELETE_SOURCE_ROW
深度学习,term-e6b7b1e5baa6e5ad,UNRESOLVED,UNRESOLVED_NEEDS_EXCEPTION,,DELETE_SOURCE_ROW
混合精度,term-e6b7b7e59088e7b2,UNRESOLVED,UNRESOLVED_NEEDS_EXCEPTION,,DELETE_SOURCE_ROW
清蒸鲈鱼,term-e6b885e892b8e9b2,UNRESOLVED,UNRESOLVED_NEEDS_EXCEPTION,,DELETE_SOURCE_ROW
温度传感器,term-e6b8a9e5baa6e4bc,UNRESOLVED,UNRESOLVED_NEEDS_EXCEPTION,,DELETE_SOURCE_ROW
湿性奶泡,term-e6b9bfe680a7e5a5,UNRESOLVED,UNRESOLVED_NEEDS_EXCEPTION,,DELETE_SOURCE_ROW
漂移检测,term-e6bc82e7a7bbe6a3,UNRESOLVED,UNRESOLVED_NEEDS_EXCEPTION,,DELETE_SOURCE_ROW
激活函数,term-e6bf80e6b4bbe587,UNRESOLVED,UNRESOLVED_NEEDS_EXCEPTION,,DELETE_SOURCE_ROW
火腿吐司,term-e781abe885bfe590,UNRESOLVED,UNRESOLVED_NEEDS_EXCEPTION,bakery,DELETE_SOURCE_ROW
火车保险,term-e781abe8bda6e4bf,UNRESOLVED,UNRESOLVED_NEEDS_EXCEPTION,,DELETE_SOURCE_ROW
火车接送,term-e781abe8bda6e68e,UNRESOLVED,UNRESOLVED_NEEDS_EXCEPTION,tourism_pickup,DELETE_SOURCE_ROW
火车路线,term-e781abe8bda6e8b7,UNRESOLVED,UNRESOLVED_NEEDS_EXCEPTION,tourism_route,DELETE_SOURCE_ROW
灰度发布,term-e781b0e5baa6e58f,UNRESOLVED,UNRESOLVED_NEEDS_EXCEPTION,tech_ai,DELETE_SOURCE_ROW
炒饭排队,term-e78292e9a5ade68e,UNRESOLVED,UNRESOLVED_NEEDS_EXCEPTION,,DELETE_SOURCE_ROW
烘焙曲线,term-e78398e78499e69b,UNRESOLVED,UNRESOLVED_NEEDS_EXCEPTION,,DELETE_SOURCE_ROW
热情接待,term-e783ade68385e68e,UNRESOLVED,UNRESOLVED_NEEDS_EXCEPTION,,DELETE_SOURCE_ROW
焙火乌龙,term-e78499e781abe4b9,UNRESOLVED,UNRESOLVED_NEEDS_EXCEPTION,,DELETE_SOURCE_ROW
焚烧处理,term-e7849ae783a7e5a4,UNRESOLVED,UNRESOLVED_NEEDS_EXCEPTION,,DELETE_SOURCE_ROW
焦糖玛奇朵,term-e784a6e7b396e78e,UNRESOLVED,UNRESOLVED_NEEDS_EXCEPTION,coffee,DELETE_SOURCE_ROW
煎饼果子,term-e7858ee9a5bce69e,UNRESOLVED,UNRESOLVED_NEEDS_EXCEPTION,,DELETE_SOURCE_ROW
照烧鸡饭,term-e785a7e783a7e9b8,UNRESOLVED,UNRESOLVED_NEEDS_EXCEPTION,,DELETE_SOURCE_ROW
燕麦曲奇,term-e78795e9baa6e69b,UNRESOLVED,UNRESOLVED_NEEDS_EXCEPTION,bakery,DELETE_SOURCE_ROW
燕麦面包,term-e78795e9baa6e99d,UNRESOLVED,UNRESOLVED_NEEDS_EXCEPTION,bakery,DELETE_SOURCE_ROW
牛奶小方,term-e7899be5a5b6e5b0,UNRESOLVED,UNRESOLVED_NEEDS_EXCEPTION,,DELETE_SOURCE_ROW
牛奶面包,term-e7899be5a5b6e99d,UNRESOLVED,UNRESOLVED_NEEDS_EXCEPTION,bakery,DELETE_SOURCE_ROW
牛排排队,term-e7899be68e92e68e,UNRESOLVED,UNRESOLVED_NEEDS_EXCEPTION,,DELETE_SOURCE_ROW
牛肉炒饭,term-e7899be88289e782,UNRESOLVED,UNRESOLVED_NEEDS_EXCEPTION,,DELETE_SOURCE_ROW
牛角之歌,term-e7899be8a792e4b9,UNRESOLVED,UNRESOLVED_NEEDS_EXCEPTION,,DELETE_SOURCE_ROW
牛角挂书,term-e7899be8a792e68c,UNRESOLVED,UNRESOLVED_NEEDS_EXCEPTION,,DELETE_SOURCE_ROW
特征仓库,term-e789b9e5be81e4bb,UNRESOLVED,UNRESOLVED_NEEDS_EXCEPTION,,DELETE_SOURCE_ROW
特征向量,term-e789b9e5be81e590,UNRESOLVED,UNRESOLVED_NEEDS_EXCEPTION,tech_ai,DELETE_SOURCE_ROW
特征模型,term-e789b9e5be81e6a8,UNRESOLVED,UNRESOLVED_NEEDS_EXCEPTION,tech_ai,DELETE_SOURCE_ROW
玉米浓汤,term-e78e89e7b1b3e6b5,UNRESOLVED,UNRESOLVED_NEEDS_EXCEPTION,,DELETE_SOURCE_ROW
珍珠云母,term-e78f8de78fa0e4ba,UNRESOLVED,UNRESOLVED_NEEDS_EXCEPTION,,DELETE_SOURCE_ROW
珍珠奶茶,term-e78f8de78fa0e5a5,UNRESOLVED,UNRESOLVED_NEEDS_EXCEPTION,milk_tea,DELETE_SOURCE_ROW
珍珠粉圆,term-e78f8de78fa0e7b2,UNRESOLVED,UNRESOLVED_NEEDS_EXCEPTION,milk_tea,DELETE_SOURCE_ROW
珍珠项链,term-e78f8de78fa0e9a1,UNRESOLVED,UNRESOLVED_NEEDS_EXCEPTION,,DELETE_SOURCE_ROW
珍珠首饰,term-e78f8de78fa0e9a6,UNRESOLVED,UNRESOLVED_NEEDS_EXCEPTION,,DELETE_SOURCE_ROW
琥珀珍珠,term-e790a5e78f80e78f,UNRESOLVED,UNRESOLVED_NEEDS_EXCEPTION,,DELETE_SOURCE_ROW
瓦窑堡会议,term-e793a6e7aa91e5a0,UNRESOLVED,UNRESOLVED_NEEDS_EXCEPTION,meeting,DELETE_SOURCE_ROW
甜点排队,term-e7949ce782b9e68e,UNRESOLVED,UNRESOLVED_NEEDS_EXCEPTION,,DELETE_SOURCE_ROW
生成时节点,term-e7949fe68890e697,UNRESOLVED,UNRESOLVED_NEEDS_EXCEPTION,,DELETE_SOURCE_ROW
生日蛋糕,term-e7949fe697a5e89b,UNRESOLVED,UNRESOLVED_NEEDS_EXCEPTION,bakery,DELETE_SOURCE_ROW
生理盐水,term-e7949fe79086e79b,UNRESOLVED,UNRESOLVED_NEEDS_EXCEPTION,,DELETE_SOURCE_ROW
电梯公司,term-e794b5e6a2afe585,UNRESOLVED,UNRESOLVED_NEEDS_EXCEPTION,,DELETE_SOURCE_ROW
电梯配件,term-e794b5e6a2afe985,UNRESOLVED,UNRESOLVED_NEEDS_EXCEPTION,,DELETE_SOURCE_ROW
番茄炒蛋,term-e795aae88c84e782,UNRESOLVED,UNRESOLVED_NEEDS_EXCEPTION,,DELETE_SOURCE_ROW
番茄面包,term-e795aae88c84e99d,UNRESOLVED,UNRESOLVED_NEEDS_EXCEPTION,bakery,DELETE_SOURCE_ROW
白玉珍珠,term-e799bde78e89e78f,UNRESOLVED,UNRESOLVED_NEEDS_EXCEPTION,milk_tea,DELETE_SOURCE_ROW
白芝麻包,term-e799bde88a9de9ba,UNRESOLVED,UNRESOLVED_NEEDS_EXCEPTION,,DELETE_SOURCE_ROW
百口同声,term-e799bee58fa3e590,UNRESOLVED,UNRESOLVED_NEEDS_EXCEPTION,,DELETE_SOURCE_ROW
百慕大杯,term-e799bee68595e5a4,UNRESOLVED,UNRESOLVED_NEEDS_EXCEPTION,food_order,DELETE_SOURCE_ROW
监督学习,term-e79b91e79da3e5ad,UNRESOLVED,UNRESOLVED_NEEDS_EXCEPTION,,DELETE_SOURCE_ROW
盛情接待,term-e79b9be68385e68e,UNRESOLVED,UNRESOLVED_NEEDS_EXCEPTION,,DELETE_SOURCE_ROW
目标函数,term-e79baee6a087e587,UNRESOLVED,UNRESOLVED_NEEDS_EXCEPTION,,DELETE_SOURCE_ROW
目标检测,term-e79baee6a087e6a3,UNRESOLVED,UNRESOLVED_NEEDS_EXCEPTION,,DELETE_SOURCE_ROW
直接推理,term-e79bb4e68ea5e68e,UNRESOLVED,UNRESOLVED_NEEDS_EXCEPTION,tech_ai,DELETE_SOURCE_ROW
相似检索,term-e79bb8e4bcbce6a3,UNRESOLVED,UNRESOLVED_NEEDS_EXCEPTION,tech_ai,DELETE_SOURCE_ROW
矫形外科,term-e79fabe5bda2e5a4,UNRESOLVED,UNRESOLVED_NEEDS_EXCEPTION,medical,DELETE_SOURCE_ROW
石锅拌饭,term-e79fb3e99485e68b,UNRESOLVED,UNRESOLVED_NEEDS_EXCEPTION,,DELETE_SOURCE_ROW
砂锅米线,term-e7a082e99485e7b1,UNRESOLVED,UNRESOLVED_NEEDS_EXCEPTION,,DELETE_SOURCE_ROW
离线学习,term-e7a6bbe7babfe5ad,UNRESOLVED,UNRESOLVED_NEEDS_EXCEPTION,,DELETE_SOURCE_ROW
离线评估,term-e7a6bbe7babfe8af,UNRESOLVED,UNRESOLVED_NEEDS_EXCEPTION,,DELETE_SOURCE_ROW
私人包车,term-e7a781e4babae58c,UNRESOLVED,UNRESOLVED_NEEDS_EXCEPTION,tourism_route,DELETE_SOURCE_ROW
租车接待,term-e7a79fe8bda6e68e,UNRESOLVED,UNRESOLVED_NEEDS_EXCEPTION,tourism_route,DELETE_SOURCE_ROW
租车路线,term-e7a79fe8bda6e8b7,UNRESOLVED,UNRESOLVED_NEEDS_EXCEPTION,tourism_route,DELETE_SOURCE_ROW
稀疏向量,term-e7a880e7968fe590,UNRESOLVED,UNRESOLVED_NEEDS_EXCEPTION,tech_ai,DELETE_SOURCE_ROW
稠密向量,term-e7a8a0e5af86e590,UNRESOLVED,UNRESOLVED_NEEDS_EXCEPTION,tech_ai,DELETE_SOURCE_ROW
空中走廊,term-e7a9bae4b8ade8b5,UNRESOLVED,UNRESOLVED_NEEDS_EXCEPTION,,DELETE_SOURCE_ROW
空调主机,term-e7a9bae8b083e4b8,UNRESOLVED,UNRESOLVED_NEEDS_EXCEPTION,,DELETE_SOURCE_ROW
空调设备,term-e7a9bae8b083e8ae,UNRESOLVED,UNRESOLVED_NEEDS_EXCEPTION,,DELETE_SOURCE_ROW
窗帘轨道,term-e7aa97e5b898e8bd,UNRESOLVED,UNRESOLVED_NEEDS_EXCEPTION,,DELETE_SOURCE_ROW
窗式空调,term-e7aa97e5bc8fe7a9,UNRESOLVED,UNRESOLVED_NEEDS_EXCEPTION,,DELETE_SOURCE_ROW
等积投影,term-e7ad89e7a7afe68a,UNRESOLVED,UNRESOLVED_NEEDS_EXCEPTION,,DELETE_SOURCE_ROW
等角投影,term-e7ad89e8a792e68a,UNRESOLVED,UNRESOLVED_NEEDS_EXCEPTION,,DELETE_SOURCE_ROW
策略模型,term-e7ad96e795a5e6a8,UNRESOLVED,UNRESOLVED_NEEDS_EXCEPTION,tech_ai,DELETE_SOURCE_ROW
签约仪式,term-e7adbee7baa6e4bb,UNRESOLVED,UNRESOLVED_NEEDS_EXCEPTION,,DELETE_SOURCE_ROW
签证接待,term-e7adbee8af81e68e,UNRESOLVED,UNRESOLVED_NEEDS_EXCEPTION,,DELETE_SOURCE_ROW
签证路线,term-e7adbee8af81e8b7,UNRESOLVED,UNRESOLVED_NEEDS_EXCEPTION,tourism_route,DELETE_SOURCE_ROW
算子融合,term-e7ae97e5ad90e89e,UNRESOLVED,UNRESOLVED_NEEDS_EXCEPTION,,DELETE_SOURCE_ROW
糖醋里脊,term-e7b396e9868be987,UNRESOLVED,UNRESOLVED_NEEDS_EXCEPTION,,DELETE_SOURCE_ROW
索引日志,term-e7b4a2e5bc95e697,UNRESOLVED,UNRESOLVED_NEEDS_EXCEPTION,tech_ai,DELETE_SOURCE_ROW
紧急联系人,term-e7b4a7e680a5e881,UNRESOLVED,UNRESOLVED_NEEDS_EXCEPTION,,DELETE_SOURCE_ROW
紫菜蛋花汤,term-e7b4abe88f9ce89b,UNRESOLVED,UNRESOLVED_NEEDS_EXCEPTION,,DELETE_SOURCE_ROW
红油抄手,term-e7baa2e6b2b9e68a,UNRESOLVED,UNRESOLVED_NEEDS_EXCEPTION,,DELETE_SOURCE_ROW
红烧排骨,term-e7baa2e783a7e68e,UNRESOLVED,UNRESOLVED_NEEDS_EXCEPTION,,DELETE_SOURCE_ROW
红茶排队,term-e7baa2e88cb6e68e,UNRESOLVED,UNRESOLVED_NEEDS_EXCEPTION,,DELETE_SOURCE_ROW
红豆吐司,term-e7baa2e8b186e590,UNRESOLVED,UNRESOLVED_NEEDS_EXCEPTION,bakery,DELETE_SOURCE_ROW
红豆相思,term-e7baa2e8b186e79b,UNRESOLVED,UNRESOLVED_NEEDS_EXCEPTION,,DELETE_SOURCE_ROW
红豆越桔,term-e7baa2e8b186e8b6,UNRESOLVED,UNRESOLVED_NEEDS_EXCEPTION,,DELETE_SOURCE_ROW
红豆集团,term-e7baa2e8b186e99b,UNRESOLVED,UNRESOLVED_NEEDS_EXCEPTION,,DELETE_SOURCE_ROW
线上会议,term-e7babfe4b88ae4bc,UNRESOLVED,UNRESOLVED_NEEDS_EXCEPTION,meeting,DELETE_SOURCE_ROW
结构化日志,term-e7bb93e69e84e58c,UNRESOLVED,UNRESOLVED_NEEDS_EXCEPTION,tech_ai,DELETE_SOURCE_ROW
绕圈注水,term-e7bb95e59c88e6b3,UNRESOLVED,UNRESOLVED_NEEDS_EXCEPTION,,DELETE_SOURCE_ROW
绣花枕头,term-e7bba3e88ab1e69e,UNRESOLVED,UNRESOLVED_NEEDS_EXCEPTION,,DELETE_SOURCE_ROW
绵密奶泡,term-e7bbb5e5af86e5a5,UNRESOLVED,UNRESOLVED_NEEDS_EXCEPTION,,DELETE_SOURCE_ROW
缓存命中,term-e7bc93e5ad98e591,UNRESOLVED,UNRESOLVED_NEEDS_EXCEPTION,tech_ai,DELETE_SOURCE_ROW
编译优化,term-e7bc96e8af91e4bc,UNRESOLVED,UNRESOLVED_NEEDS_EXCEPTION,tech_ai,DELETE_SOURCE_ROW
网格搜索,term-e7bd91e6a0bce690,UNRESOLVED,UNRESOLVED_NEEDS_EXCEPTION,,DELETE_SOURCE_ROW
罗布斯塔,term-e7bd97e5b883e696,UNRESOLVED,UNRESOLVED_NEEDS_EXCEPTION,coffee,DELETE_SOURCE_ROW
美小面包,term-e7be8ee5b08fe99d,UNRESOLVED,UNRESOLVED_NEEDS_EXCEPTION,bakery,DELETE_SOURCE_ROW
美式咖啡,term-e7be8ee5bc8fe592,UNRESOLVED,UNRESOLVED_NEEDS_EXCEPTION,coffee,DELETE_SOURCE_ROW
美式英语,term-e7be8ee5bc8fe88b,UNRESOLVED,UNRESOLVED_NEEDS_EXCEPTION,,DELETE_SOURCE_ROW
美式足球,term-e7be8ee5bc8fe8b6,UNRESOLVED,UNRESOLVED_NEEDS_EXCEPTION,,DELETE_SOURCE_ROW
耳不旁听,term-e880b3e4b88de697,UNRESOLVED,UNRESOLVED_NEEDS_EXCEPTION,,DELETE_SOURCE_ROW
联邦学习,term-e88194e982a6e5ad,UNRESOLVED,UNRESOLVED_NEEDS_EXCEPTION,,DELETE_SOURCE_ROW
肉松吐司,term-e88289e69dbee590,UNRESOLVED,UNRESOLVED_NEEDS_EXCEPTION,bakery,DELETE_SOURCE_ROW
肉酱意面,term-e88289e985b1e684,UNRESOLVED,UNRESOLVED_NEEDS_EXCEPTION,,DELETE_SOURCE_ROW
胡萝卜包,term-e883a1e8909de58d,UNRESOLVED,UNRESOLVED_NEEDS_EXCEPTION,,DELETE_SOURCE_ROW
脱因咖啡,term-e884b1e59ba0e592,UNRESOLVED,UNRESOLVED_NEEDS_EXCEPTION,coffee,DELETE_SOURCE_ROW
自动评测,term-e887aae58aa8e8af,UNRESOLVED,UNRESOLVED_NEEDS_EXCEPTION,tech_ai,DELETE_SOURCE_ROW
自注意力,term-e887aae6b3a8e684,UNRESOLVED,UNRESOLVED_NEEDS_EXCEPTION,tech_ai,DELETE_SOURCE_ROW
自然保护区,term-e887aae784b6e4bf,UNRESOLVED,UNRESOLVED_NEEDS_EXCEPTION,,DELETE_SOURCE_ROW
航班中心,term-e888aae78fade4b8,UNRESOLVED,UNRESOLVED_NEEDS_EXCEPTION,,DELETE_SOURCE_ROW
航班保险,term-e888aae78fade4bf,UNRESOLVED,UNRESOLVED_NEEDS_EXCEPTION,,DELETE_SOURCE_ROW
航班凭证,term-e888aae78fade587,UNRESOLVED,UNRESOLVED_NEEDS_EXCEPTION,,DELETE_SOURCE_ROW
航班升级,term-e888aae78fade58d,UNRESOLVED,UNRESOLVED_NEEDS_EXCEPTION,,DELETE_SOURCE_ROW
航班咨询,term-e888aae78fade592,UNRESOLVED,UNRESOLVED_NEEDS_EXCEPTION,,DELETE_SOURCE_ROW
航班地点,term-e888aae78fade59c,UNRESOLVED,UNRESOLVED_NEEDS_EXCEPTION,,DELETE_SOURCE_ROW
航班安排,term-e888aae78fade5ae,UNRESOLVED,UNRESOLVED_NEEDS_EXCEPTION,,DELETE_SOURCE_ROW
航班接待,term-e888aae78fade68e,UNRESOLVED,UNRESOLVED_NEEDS_EXCEPTION,,DELETE_SOURCE_ROW
航班证明,term-e888aae78fade8af,UNRESOLVED,UNRESOLVED_NEEDS_EXCEPTION,,DELETE_SOURCE_ROW
航班费用,term-e888aae78fade8b4,UNRESOLVED,UNRESOLVED_NEEDS_EXCEPTION,,DELETE_SOURCE_ROW
航班路线,term-e888aae78fade8b7,UNRESOLVED,UNRESOLVED_NEEDS_EXCEPTION,tourism_route,DELETE_SOURCE_ROW
节点处理,term-e88a82e782b9e5a4,UNRESOLVED,UNRESOLVED_NEEDS_EXCEPTION,,DELETE_SOURCE_ROW
节点客户端,term-e88a82e782b9e5ae,UNRESOLVED,UNRESOLVED_NEEDS_EXCEPTION,,DELETE_SOURCE_ROW
节点未注册,term-e88a82e782b9e69c,UNRESOLVED,UNRESOLVED_NEEDS_EXCEPTION,,DELETE_SOURCE_ROW
节点索引,term-e88a82e782b9e7b4,UNRESOLVED,UNRESOLVED_NEEDS_EXCEPTION,tech_ai,DELETE_SOURCE_ROW
节点计算机,term-e88a82e782b9e8ae,UNRESOLVED,UNRESOLVED_NEEDS_EXCEPTION,,DELETE_SOURCE_ROW
芋泥吐司,term-e88a8be6b3a5e590,UNRESOLVED,UNRESOLVED_NEEDS_EXCEPTION,bakery,DELETE_SOURCE_ROW
芝士吐司,term-e88a9de5a3abe590,UNRESOLVED,UNRESOLVED_NEEDS_EXCEPTION,bakery,DELETE_SOURCE_ROW
芝士奶盖,term-e88a9de5a3abe5a5,UNRESOLVED,UNRESOLVED_NEEDS_EXCEPTION,milk_tea,DELETE_SOURCE_ROW
芝士披萨,term-e88a9de5a3abe68a,UNRESOLVED,UNRESOLVED_NEEDS_EXCEPTION,,DELETE_SOURCE_ROW
芝士蛋糕,term-e88a9de5a3abe89b,UNRESOLVED,UNRESOLVED_NEEDS_EXCEPTION,bakery,DELETE_SOURCE_ROW
芝麻贝果,term-e88a9de9babbe8b4,UNRESOLVED,UNRESOLVED_NEEDS_EXCEPTION,bakery,DELETE_SOURCE_ROW
芝麻酥饼,term-e88a9de9babbe985,UNRESOLVED,UNRESOLVED_NEEDS_EXCEPTION,,DELETE_SOURCE_ROW
花园酒店,term-e88ab1e59bade985,UNRESOLVED,UNRESOLVED_NEEDS_EXCEPTION,tourism_hotel,DELETE_SOURCE_ROW
苏州酒店,term-e88b8fe5b79ee985,UNRESOLVED,UNRESOLVED_NEEDS_EXCEPTION,tourism_hotel,DELETE_SOURCE_ROW
英文导游,term-e88bb1e69687e5af,UNRESOLVED,UNRESOLVED_NEEDS_EXCEPTION,tourism_route,DELETE_SOURCE_ROW
苹果丹麦,term-e88bb9e69e9ce4b8,UNRESOLVED,UNRESOLVED_NEEDS_EXCEPTION,,DELETE_SOURCE_ROW
茉莉绿茶,term-e88c89e88e89e7bb,UNRESOLVED,UNRESOLVED_NEEDS_EXCEPTION,,DELETE_SOURCE_ROW
菠菜面包,term-e88fa0e88f9ce99d,UNRESOLVED,UNRESOLVED_NEEDS_EXCEPTION,bakery,DELETE_SOURCE_ROW
菲力牛排,term-e88fb2e58a9be789,UNRESOLVED,UNRESOLVED_NEEDS_EXCEPTION,,DELETE_SOURCE_ROW
营销文案,term-e890a5e99480e696,UNRESOLVED,UNRESOLVED_NEEDS_EXCEPTION,,DELETE_SOURCE_ROW
葡式蛋挞,term-e891a1e5bc8fe89b,UNRESOLVED,UNRESOLVED_NEEDS_EXCEPTION,bakery,DELETE_SOURCE_ROW
葡萄干吐司,term-e891a1e89084e5b9,UNRESOLVED,UNRESOLVED_NEEDS_EXCEPTION,bakery,DELETE_SOURCE_ROW
葡萄糖液,term-e891a1e89084e7b3,UNRESOLVED,UNRESOLVED_NEEDS_EXCEPTION,,DELETE_SOURCE_ROW
蒜蓉西兰花,term-e8929ce89389e8a5,UNRESOLVED,UNRESOLVED_NEEDS_EXCEPTION,,DELETE_SOURCE_ROW
蒜蓉面包,term-e8929ce89389e99d,UNRESOLVED,UNRESOLVED_NEEDS_EXCEPTION,bakery,DELETE_SOURCE_ROW
蒜香法棍,term-e8929ce9a699e6b3,UNRESOLVED,UNRESOLVED_NEEDS_EXCEPTION,bakery,DELETE_SOURCE_ROW
蒜香面包,term-e8929ce9a699e99d,UNRESOLVED,UNRESOLVED_NEEDS_EXCEPTION,bakery,DELETE_SOURCE_ROW
蓝莓丹麦,term-e8939de88e93e4b8,UNRESOLVED,UNRESOLVED_NEEDS_EXCEPTION,,DELETE_SOURCE_ROW
蓝莓贝果,term-e8939de88e93e8b4,UNRESOLVED,UNRESOLVED_NEEDS_EXCEPTION,bakery,DELETE_SOURCE_ROW
蓝莓马芬,term-e8939de88e93e9a9,UNRESOLVED,UNRESOLVED_NEEDS_EXCEPTION,bakery|food_order,DELETE_SOURCE_ROW
蓝莓麻烦,term-e8939de88e93e9ba,UNRESOLVED,UNRESOLVED_NEEDS_EXCEPTION,,DELETE_SOURCE_ROW
蔓越莓曲奇,term-e89493e8b68ae88e,UNRESOLVED,UNRESOLVED_NEEDS_EXCEPTION,bakery,DELETE_SOURCE_ROW
蔬菜沙拉,term-e894ace88f9ce6b2,UNRESOLVED,UNRESOLVED_NEEDS_EXCEPTION,,DELETE_SOURCE_ROW
蚝油生菜,term-e89a9de6b2b9e794,UNRESOLVED,UNRESOLVED_NEEDS_EXCEPTION,,DELETE_SOURCE_ROW
行李卷儿,term-e8a18ce69d8ee58d,UNRESOLVED,UNRESOLVED_NEEDS_EXCEPTION,,DELETE_SOURCE_ROW
行李寄存,term-e8a18ce69d8ee5af,UNRESOLVED,UNRESOLVED_NEEDS_EXCEPTION,tourism_hotel,DELETE_SOURCE_ROW
行李标签,term-e8a18ce69d8ee6a0,UNRESOLVED,UNRESOLVED_NEEDS_EXCEPTION,,DELETE_SOURCE_ROW
行李物品,term-e8a18ce69d8ee789,UNRESOLVED,UNRESOLVED_NEEDS_EXCEPTION,,DELETE_SOURCE_ROW
行程保险,term-e8a18ce7a88be4bf,UNRESOLVED,UNRESOLVED_NEEDS_EXCEPTION,tourism_route,DELETE_SOURCE_ROW
行程取消,term-e8a18ce7a88be58f,UNRESOLVED,UNRESOLVED_NEEDS_EXCEPTION,tourism_route,DELETE_SOURCE_ROW
行程证明,term-e8a18ce7a88be8af,UNRESOLVED,UNRESOLVED_NEEDS_EXCEPTION,tourism_route,DELETE_SOURCE_ROW
西冷牛排,term-e8a5bfe586b7e789,UNRESOLVED,UNRESOLVED_NEEDS_EXCEPTION,,DELETE_SOURCE_ROW
西式早餐,term-e8a5bfe5bc8fe697,UNRESOLVED,UNRESOLVED_NEEDS_EXCEPTION,food_order,DELETE_SOURCE_ROW
西点面包,term-e8a5bfe782b9e99d,UNRESOLVED,UNRESOLVED_NEEDS_EXCEPTION,bakery,DELETE_SOURCE_ROW
西红柿汤,term-e8a5bfe7baa2e69f,UNRESOLVED,UNRESOLVED_NEEDS_EXCEPTION,,DELETE_SOURCE_ROW
观光巴士,term-e8a782e58589e5b7,UNRESOLVED,UNRESOLVED_NEEDS_EXCEPTION,,DELETE_SOURCE_ROW
观光电车,term-e8a782e58589e794,UNRESOLVED,UNRESOLVED_NEEDS_EXCEPTION,,DELETE_SOURCE_ROW
观光证明,term-e8a782e58589e8af,UNRESOLVED,UNRESOLVED_NEEDS_EXCEPTION,,DELETE_SOURCE_ROW
训练流程,term-e8aeade7bb83e6b5,UNRESOLVED,UNRESOLVED_NEEDS_EXCEPTION,tech_ai,DELETE_SOURCE_ROW
训练语料,term-e8aeade7bb83e8af,UNRESOLVED,UNRESOLVED_NEEDS_EXCEPTION,tech_ai,DELETE_SOURCE_ROW
论坛会员,term-e8aebae59d9be4bc,UNRESOLVED,UNRESOLVED_NEEDS_EXCEPTION,meeting,DELETE_SOURCE_ROW
词库日志,term-e8af8de5ba93e697,UNRESOLVED,UNRESOLVED_NEEDS_EXCEPTION,tech_ai,DELETE_SOURCE_ROW
语义检索,term-e8afade4b989e6a3,UNRESOLVED,UNRESOLVED_NEEDS_EXCEPTION,tech_ai,DELETE_SOURCE_ROW
语言模型,term-e8afade8a880e6a8,UNRESOLVED,UNRESOLVED_NEEDS_EXCEPTION,tech_ai,DELETE_SOURCE_ROW
语言集合,term-e8afade8a880e99b,UNRESOLVED,UNRESOLVED_NEEDS_EXCEPTION,,DELETE_SOURCE_ROW
语音合成,term-e8afade99fb3e590,UNRESOLVED,UNRESOLVED_NEEDS_EXCEPTION,,DELETE_SOURCE_ROW
语音识别,term-e8afade99fb3e8af,UNRESOLVED,UNRESOLVED_NEEDS_EXCEPTION,,DELETE_SOURCE_ROW
课程学习,term-e8afbee7a88be5ad,UNRESOLVED,UNRESOLVED_NEEDS_EXCEPTION,,DELETE_SOURCE_ROW
谷歌会议,term-e8b0b7e6ad8ce4bc,UNRESOLVED,UNRESOLVED_NEEDS_EXCEPTION,meeting,DELETE_SOURCE_ROW
豚骨拉面,term-e8b19ae9aaa8e68b,UNRESOLVED,UNRESOLVED_NEEDS_EXCEPTION,food_order,DELETE_SOURCE_ROW
贵宾通道,term-e8b4b5e5aebee980,UNRESOLVED,UNRESOLVED_NEEDS_EXCEPTION,,DELETE_SOURCE_ROW
赤藓糖醇,term-e8b5a4e89793e7b3,UNRESOLVED,UNRESOLVED_NEEDS_EXCEPTION,,DELETE_SOURCE_ROW
超速保险,term-e8b685e9809fe4bf,UNRESOLVED,UNRESOLVED_NEEDS_EXCEPTION,,DELETE_SOURCE_ROW
超速预约,term-e8b685e9809fe9a2,UNRESOLVED,UNRESOLVED_NEEDS_EXCEPTION,,DELETE_SOURCE_ROW
路线规划,term-e8b7afe7babfe8a7,UNRESOLVED,UNRESOLVED_NEEDS_EXCEPTION,tourism_route,DELETE_SOURCE_ROW
车票路线,term-e8bda6e7a5a8e8b7,UNRESOLVED,UNRESOLVED_NEEDS_EXCEPTION,tourism_route,DELETE_SOURCE_ROW
转盘保险,term-e8bdace79b98e4bf,UNRESOLVED,UNRESOLVED_NEEDS_EXCEPTION,,DELETE_SOURCE_ROW
迅即处理,term-e8bf85e58db3e5a4,UNRESOLVED,UNRESOLVED_NEEDS_EXCEPTION,,DELETE_SOURCE_ROW
过去分词,term-e8bf87e58ebbe588,UNRESOLVED,UNRESOLVED_NEEDS_EXCEPTION,,DELETE_SOURCE_ROW
过桥米线,term-e8bf87e6a1a5e7b1,UNRESOLVED,UNRESOLVED_NEEDS_EXCEPTION,,DELETE_SOURCE_ROW
近音后处理,term-e8bf91e99fb3e590,UNRESOLVED,UNRESOLVED_NEEDS_EXCEPTION,,DELETE_SOURCE_ROW
还车路线,term-e8bf98e8bda6e8b7,UNRESOLVED,UNRESOLVED_NEEDS_EXCEPTION,tourism_route,DELETE_SOURCE_ROW
违章处罚,term-e8bf9de7aba0e5a4,UNRESOLVED,UNRESOLVED_NEEDS_EXCEPTION,,DELETE_SOURCE_ROW
追踪系统,term-e8bfbde8b8aae7b3,UNRESOLVED,UNRESOLVED_NEEDS_EXCEPTION,,DELETE_SOURCE_ROW
道路路线,term-e98193e8b7afe8b7,UNRESOLVED,UNRESOLVED_NEEDS_EXCEPTION,tourism_route,DELETE_SOURCE_ROW
郁金香花,term-e98381e98791e9a6,UNRESOLVED,UNRESOLVED_NEEDS_EXCEPTION,,DELETE_SOURCE_ROW
酒店入住地,term-e98592e5ba97e585,UNRESOLVED,UNRESOLVED_NEEDS_EXCEPTION,tourism_hotel,DELETE_SOURCE_ROW
酒店安排,term-e98592e5ba97e5ae,UNRESOLVED,UNRESOLVED_NEEDS_EXCEPTION,tourism_hotel,DELETE_SOURCE_ROW
酱油拉面,term-e985b1e6b2b9e68b,UNRESOLVED,UNRESOLVED_NEEDS_EXCEPTION,food_order,DELETE_SOURCE_ROW
酸种面包,term-e985b8e7a78de99d,UNRESOLVED,UNRESOLVED_NEEDS_EXCEPTION,bakery,DELETE_SOURCE_ROW
酸辣土豆丝,term-e985b8e8bea3e59c,UNRESOLVED,UNRESOLVED_NEEDS_EXCEPTION,,DELETE_SOURCE_ROW
重复处理,term-e9878de5a48de5a4,UNRESOLVED,UNRESOLVED_NEEDS_EXCEPTION,,DELETE_SOURCE_ROW
重排序模型,term-e9878de68e92e5ba,UNRESOLVED,UNRESOLVED_NEEDS_EXCEPTION,tech_ai,DELETE_SOURCE_ROW
重试推理,term-e9878de8af95e68e,UNRESOLVED,UNRESOLVED_NEEDS_EXCEPTION,tech_ai,DELETE_SOURCE_ROW
量化感知,term-e9878fe58c96e684,UNRESOLVED,UNRESOLVED_NEEDS_EXCEPTION,tech_ai,DELETE_SOURCE_ROW
金枪鱼寿司,term-e98791e69eaae9b1,UNRESOLVED,UNRESOLVED_NEEDS_EXCEPTION,food_order,DELETE_SOURCE_ROW
错误处理,term-e99499e8afafe5a4,UNRESOLVED,UNRESOLVED_NEEDS_EXCEPTION,,DELETE_SOURCE_ROW
锡兰红茶,term-e994a1e585b0e7ba,UNRESOLVED,UNRESOLVED_NEEDS_EXCEPTION,,DELETE_SOURCE_ROW
长城博物馆,term-e995bfe59f8ee58d,UNRESOLVED,UNRESOLVED_NEEDS_EXCEPTION,tourism_route,DELETE_SOURCE_ROW
门户开放,term-e997a8e688b7e5bc,UNRESOLVED,UNRESOLVED_NEEDS_EXCEPTION,,DELETE_SOURCE_ROW
门票中心,term-e997a8e7a5a8e4b8,UNRESOLVED,UNRESOLVED_NEEDS_EXCEPTION,tourism_route,DELETE_SOURCE_ROW
门票价格,term-e997a8e7a5a8e4bb,UNRESOLVED,UNRESOLVED_NEEDS_EXCEPTION,tourism_route,DELETE_SOURCE_ROW
门票安排,term-e997a8e7a5a8e5ae,UNRESOLVED,UNRESOLVED_NEEDS_EXCEPTION,tourism_route,DELETE_SOURCE_ROW
闪电泡芙,term-e997aae794b5e6b3,UNRESOLVED,UNRESOLVED_NEEDS_EXCEPTION,bakery,DELETE_SOURCE_ROW
阿拉比卡,term-e998bfe68b89e6af,UNRESOLVED,UNRESOLVED_NEEDS_EXCEPTION,coffee,DELETE_SOURCE_ROW
阿萨姆红茶,term-e998bfe890a8e5a7,UNRESOLVED,UNRESOLVED_NEEDS_EXCEPTION,milk_tea,DELETE_SOURCE_ROW
随机搜索,term-e99a8fe69cbae690,UNRESOLVED,UNRESOLVED_NEEDS_EXCEPTION,,DELETE_SOURCE_ROW
随机梯度,term-e99a8fe69cbae6a2,UNRESOLVED,UNRESOLVED_NEEDS_EXCEPTION,tech_ai,DELETE_SOURCE_ROW
随身行李,term-e99a8fe8baabe8a1,UNRESOLVED,UNRESOLVED_NEEDS_EXCEPTION,,DELETE_SOURCE_ROW
集合地点,term-e99b86e59088e59c,UNRESOLVED,UNRESOLVED_NEEDS_EXCEPTION,,DELETE_SOURCE_ROW
雨淋日晒,term-e99ba8e6b78be697,UNRESOLVED,UNRESOLVED_NEEDS_EXCEPTION,,DELETE_SOURCE_ROW
雷锋纪念馆,term-e99bb7e9948be7ba,UNRESOLVED,UNRESOLVED_NEEDS_EXCEPTION,,DELETE_SOURCE_ROW
青椒肉丝,term-e99d92e6a492e882,UNRESOLVED,UNRESOLVED_NEEDS_EXCEPTION,,DELETE_SOURCE_ROW
青酱意面,term-e99d92e985b1e684,UNRESOLVED,UNRESOLVED_NEEDS_EXCEPTION,,DELETE_SOURCE_ROW
面包师傅,term-e99da2e58c85e5b8,UNRESOLVED,UNRESOLVED_NEEDS_EXCEPTION,,DELETE_SOURCE_ROW
面包酵母,term-e99da2e58c85e985,UNRESOLVED,UNRESOLVED_NEEDS_EXCEPTION,,DELETE_SOURCE_ROW
韩式拌饭,term-e99fa9e5bc8fe68b,UNRESOLVED,UNRESOLVED_NEEDS_EXCEPTION,,DELETE_SOURCE_ROW
顺风使船,term-e9a1bae9a38ee4bd,UNRESOLVED,UNRESOLVED_NEEDS_EXCEPTION,,DELETE_SOURCE_ROW
顺风吹火,term-e9a1bae9a38ee590,UNRESOLVED,UNRESOLVED_NEEDS_EXCEPTION,,DELETE_SOURCE_ROW
顺风而呼,term-e9a1bae9a38ee880,UNRESOLVED,UNRESOLVED_NEEDS_EXCEPTION,,DELETE_SOURCE_ROW
风吹日晒,term-e9a38ee590b9e697,UNRESOLVED,UNRESOLVED_NEEDS_EXCEPTION,,DELETE_SOURCE_ROW
风味十足,term-e9a38ee591b3e58d,UNRESOLVED,UNRESOLVED_NEEDS_EXCEPTION,,DELETE_SOURCE_ROW
风味小吃,term-e9a38ee591b3e5b0,UNRESOLVED,UNRESOLVED_NEEDS_EXCEPTION,,DELETE_SOURCE_ROW
餐前面包,term-e9a490e5898de99d,UNRESOLVED,UNRESOLVED_NEEDS_EXCEPTION,bakery,DELETE_SOURCE_ROW
饮料预约,term-e9a5aee69699e9a2,UNRESOLVED,UNRESOLVED_NEEDS_EXCEPTION,,DELETE_SOURCE_ROW
首都博物馆,term-e9a696e983bde58d,UNRESOLVED,UNRESOLVED_NEEDS_EXCEPTION,tourism_route,DELETE_SOURCE_ROW
马克思主义,term-e9a9ace5858be680,UNRESOLVED,UNRESOLVED_NEEDS_EXCEPTION,,DELETE_SOURCE_ROW
高速路线,term-e9ab98e9809fe8b7,UNRESOLVED,UNRESOLVED_NEEDS_EXCEPTION,tourism_route|tourism_transport,DELETE_SOURCE_ROW
高铁预约,term-e9ab98e99381e9a2,UNRESOLVED,UNRESOLVED_NEEDS_EXCEPTION,,DELETE_SOURCE_ROW
高频字集合,term-e9ab98e9a291e5ad,UNRESOLVED,UNRESOLVED_NEEDS_EXCEPTION,,DELETE_SOURCE_ROW
鱼香肉丝,term-e9b1bce9a699e882,UNRESOLVED,UNRESOLVED_NEEDS_EXCEPTION,,DELETE_SOURCE_ROW
鲁迅博物馆,term-e9b281e8bf85e58d,UNRESOLVED,UNRESOLVED_NEEDS_EXCEPTION,tourism_route,DELETE_SOURCE_ROW
鲜花蛋糕,term-e9b29ce88ab1e89b,UNRESOLVED,UNRESOLVED_NEEDS_EXCEPTION,bakery,DELETE_SOURCE_ROW
鳗鱼寿司,term-e9b397e9b1bce5af,UNRESOLVED,UNRESOLVED_NEEDS_EXCEPTION,food_order,DELETE_SOURCE_ROW
麻婆豆腐,term-e9babbe5a986e8b1,UNRESOLVED,UNRESOLVED_NEEDS_EXCEPTION,,DELETE_SOURCE_ROW
黄油曲奇,term-e9bb84e6b2b9e69b,UNRESOLVED,UNRESOLVED_NEEDS_EXCEPTION,bakery,DELETE_SOURCE_ROW
黄金会员,term-e9bb84e98791e4bc,UNRESOLVED,UNRESOLVED_NEEDS_EXCEPTION,,DELETE_SOURCE_ROW
黑糖珍珠,term-e9bb91e7b396e78f,UNRESOLVED,UNRESOLVED_NEEDS_EXCEPTION,milk_tea,DELETE_SOURCE_ROW
黑芝麻包,term-e9bb91e88a9de9ba,UNRESOLVED,UNRESOLVED_NEEDS_EXCEPTION,,DELETE_SOURCE_ROW
黑麦面包,term-e9bb91e9baa6e99d,UNRESOLVED,UNRESOLVED_NEEDS_EXCEPTION,bakery,DELETE_SOURCE_ROW
