caseId,rawText,candidateId,text,sourcePath,bucketDomain,preKenLMScore,isRaw,isCanonical,replacementProvenance,retainedDomains,latencyMs
d001,你好，我想点一杯热拿铁，中杯，少糖。顺便问一下今天有蓝莓马芬吗？,case:d001:idx:0,你好，我想点一杯热拿铁，中杯，少糖。顺便问一下今天有蓝莓马芬吗？,,,,0,0,null,,165
d002,麻烦帮我做一杯美式带走，大杯就行，谢谢。,case:d002:idx:0,麻烦帮我做一杯美式带走，大杯就行，谢谢。,,,,0,0,null,,63
d003,请问这款燕麦拿铁可以少冰吗？我赶时间，小杯。,case:d003:idx:0,请问这款燕麦拿铁可以少冰吗？我赶时间，小杯。,,,,0,0,null,,46
d004,小陈，客户反馈翻译引擎接口报错，我们能不能加缓存，下午三点前把结论发群里？,case:d004:idx:0,小陈，客户反馈翻译引擎接口报错，我们能不能加缓存，下午三点前把结论发群里？,,,,0,0,null,,100
d005,今天的站会先过一下订单中台进度，内存占用高这块需要限流保护，大家看一下风险。,case:d005:idx:0,今天的站会先过一下订单中台进度，内存占用高这块需要限流保护，大家看一下风险。,,,,0,0,null,,119
d006,跟会员系统相关的需求我整理了一版，八点前请大家帮忙评审一下。,case:d006:idx:0,跟会员系统相关的需求我整理了一版，八点前请大家帮忙评审一下。,,,,0,0,null,,99
d007,师傅，去中关村软件园，走机场高速。我赶九点半的会，要是堵车您提前跟我说。,case:d007:idx:0,师傅，去中关村软件园，走机场高速。我赶九点半的会，要是堵车您提前跟我说。,,,,0,0,null,,78
d008,麻烦送我到国贸三期南门，大概多久能到？我十点十分有个电话会。,case:d008:idx:0,麻烦送我到国贸三期南门，大概多久能到？我十点十分有个电话会。,,,,0,0,null,,69
d009,去望京SOHO，不走四环可以吗？那边现在堵不堵？,case:d009:idx:0,去望京SOHO，不走四环可以吗？那边现在堵不堵？,,,,0,0,null,,38
d010,医生您好，我这两天头痛，想开点药并做个血常规。,case:d010:idx:0,医生您好，我这两天头痛，想开点药并做个血常规。,,,,0,0,null,,43
d011,挂号处请问内科还有号吗？我胃不舒服，昨晚开始的。,case:d011:idx:0,挂号处请问内科还有号吗？我胃不舒服，昨晚开始的。,,,,0,0,null,,55
d012,这个检查报告什么时候能出？我过敏发痒，需要请假休息吗？,case:d012:idx:0,这个检查报告什么时候能出？我过敏发痒，需要请假休息吗？,,,,0,0,null,,71
d013,这件外套能试穿吗？我穿中码。买两件有没有折扣？,case:d013:idx:0,这件外套能试穿吗？我穿中码。买两件有没有折扣？,,,,0,0,null,,54
d014,请问这双鞋有四十码吗？不合适三天内可以退换吧？,case:d014:idx:0,请问这双鞋有四十码吗？不合适三天内可以退换吧？,,,,0,0,null,,97
d015,我想对比一下这两款订单中台的价格，会员日能再减一点吗？,case:d015:idx:0,我想对比一下这两款订单中台的价格，会员日能再减一点吗？,,,,0,0,null,,66
d016,周末要不要去江边骑行？天气预报说周日多云，记得带水。,case:d016:idx:0,周末要不要去江边骑行？天气预报说周日多云，记得带水。,,,,0,0,null,,57
d017,晚上一起吃饭吗？我知道一家川菜不错，大概七点到。,case:d017:idx:0,晚上一起吃饭吗？我知道一家川菜不错，大概七点到。,,,,0,0,null,,80
d018,你最近忙不忙？想找你看下手机备份怎么设置。,case:d018:idx:0,你最近忙不忙？想找你看下手机备份怎么设置。,,,,0,0,null,,54
d019,今天我们团队要讨论后选生城相关的后选生城流程和上线计化安排，请研发一起评估风险。,case:d019:idx:0,今天我们团队要讨论后选生城相关的后选生城流程和上线计化安排，请研发一起评估风险。,,,,0,0,null,,104
d020,这次发布我们先对齐上线计划窗口，后选生城模块需要联调，别漏掉回归。,case:d020:idx:0,这次发布我们先对齐上线计划窗口，后选生城模块需要联调，别漏掉回归。,,,,0,0,null,,77
d021,会上提到候选生成链路要加监控，上线计划文档我下午更新一版。,case:d021:idx:0,会上提到候选生成链路要加监控，上线计划文档我下午更新一版。,,,,0,0,null,,74
d022,您好，我订单显示已发货但物流三天没更新，能帮我查一下吗？,case:d022:idx:0,您好，我订单显示已发货但物流三天没更新，能帮我查一下吗？,,,,0,0,null,,75
d023,想改一下收货地址，还来得及吗？麻烦尽快处理，谢谢。,case:d023:idx:0,想改一下收货地址，还来得及吗？麻烦尽快处理，谢谢。,,,,0,0,null,,50
d024,发票抬头开错了，能重新开具电子发票吗？,case:d024:idx:0,发票抬头开错了，能重新开具电子发票吗？,,,,0,0,null,,31
d025,请简单介绍一下你上一段项目里负责的核心模块和难点。,case:d025:idx:0,请简单介绍一下你上一段项目里负责的核心模块和难点。,,,,0,0,null,,69
d026,你如何看待跨团队协作？遇到需求变更一般怎么处理？,case:d026:idx:0,你如何看待跨团队协作？遇到需求变更一般怎么处理？,,,,0,0,null,,61
d027,期望薪资这块我们可以再沟通，你最快什么时候能入职？,case:d027:idx:0,期望薪资这块我们可以再沟通，你最快什么时候能入职？,,,,0,0,null,,63
d028,老师，这道题的解题步骤能不能再讲一遍？我没听懂第二点。,case:d028:idx:0,老师，这道题的解题步骤能不能再讲一遍？我没听懂第二点。,,,,0,0,null,,60
d029,作业是下周一下午交吗？可以电子版提交吗？,case:d029:idx:0,作业是下周一下午交吗？可以电子版提交吗？,,,,0,0,null,,50
d030,请问这门课期末是开卷还是闭卷？重点会划吗？,case:d030:idx:0,请问这门课期末是开卷还是闭卷？重点会划吗？,,,,0,0,null,,50
d031,我预订的是大床房，能安排安静一点的楼层吗？,case:d031:idx:0,我预订的是大床房，能安排安静一点的楼层吗？,,,,0,0,null,,48
d032,早餐几点开始？退房可以延迟到下午两点吗？,case:d032:idx:0,早餐几点开始？退房可以延迟到下午两点吗？,,,,0,0,null,,53
d033,房间空调不太制冷，能派人上来看一下吗？,case:d033:idx:0,房间空调不太制冷，能派人上来看一下吗？,,,,0,0,null,,45
d034,我想开通短信提醒，需要带什么证件？,case:d034:idx:0,我想开通短信提醒，需要带什么证件？,,,,0,0,null,,32
d035,这笔转账显示处理中，大概多久能到账？,case:d035:idx:0,这笔转账显示处理中，大概多久能到账？,,,,0,0,null,,41
d036,请问理财产品的风险等级在哪里查看？,case:d036:idx:0,请问理财产品的风险等级在哪里查看？,,,,0,0,null,,38
d037,两位，靠窗有位置吗？不要香菜，微辣就行。,case:d037:idx:0,两位，靠窗有位置吗？不要香菜，微辣就行。,,,,0,0,null,,40
d038,这道菜大概要等多久？我们先点一份凉菜和一壶茶。,case:d038:idx:0,这道菜大概要等多久？我们先点一份凉菜和一壶茶。,,,,0,0,null,,57
d039,可以打包吗？顺便结一下账，能扫码支付吗？,case:d039:idx:0,可以打包吗？顺便结一下账，能扫码支付吗？,,,,0,0,null,,37
d040,私教课还剩几次？能帮我约明天晚上七点吗？,case:d040:idx:0,私教课还剩几次？能帮我约明天晚上七点吗？,,,,0,0,null,,43
d041,更衣室柜子钥匙找不到了，前台能帮忙开一下吗？,case:d041:idx:0,更衣室柜子钥匙找不到了，前台能帮忙开一下吗？,,,,0,0,null,,56
d042,游泳次卡本月月底到期，续费有优惠吗？,case:d042:idx:0,游泳次卡本月月底到期，续费有优惠吗？,,,,0,0,null,,44
d043,我们下午讨论后选声城方案，先把候选生成的接口文档补齐。,case:d043:idx:0,我们下午讨论后选声城方案，先把候选生成的接口文档补齐。,,,,0,0,null,,65
d044,这周的上线计花已经确认，上线计划评审安排在周四上午。,case:d044:idx:0,这周的上线计花已经确认，上线计划评审安排在周四上午。,,,,0,0,null,,61
d045,关于后选生城和上线计化，请按上线计划执行，有问题群里说。,case:d045:idx:0,关于后选生城和上线计化，请按上线计划执行，有问题群里说。,,,,0,0,null,,53
d046,你好，我想点一杯卡布奇诺，中杯，正常糖。顺便问一下今天有芝士蛋糕吗？,case:d046:idx:0,你好，我想点一杯卡布奇诺，中杯，正常糖。顺便问一下今天有芝士蛋糕吗？,,,,0,0,null,,62
d047,麻烦帮我做一杯红茶带走，大杯就行，谢谢。,case:d047:idx:0,麻烦帮我做一杯红茶带走，大杯就行，谢谢。,,,,0,0,null,,32
d048,请问这款热巧克力可以少冰吗？我赶时间，小杯。,case:d048:idx:0,请问这款热巧克力可以少冰吗？我赶时间，小杯。,,,,0,0,null,,39
d049,李工，客户反馈翻译引擎接口报错，我们能不能加缓存，下午三点前把结论发群里？,case:d049:idx:0,李工，客户反馈翻译引擎接口报错，我们能不能加缓存，下午三点前把结论发群里？,,,,0,0,null,,83
d050,今天的站会先过一下订单中台进度，内存占用高这块需要限流保护，大家看一下风险。,case:d050:idx:0,今天的站会先过一下订单中台进度，内存占用高这块需要限流保护，大家看一下风险。,,,,0,0,null,,100
d051,跟会员系统相关的需求我整理了一版，八点前请大家帮忙评审一下。,case:d051:idx:0,跟会员系统相关的需求我整理了一版，八点前请大家帮忙评审一下。,,,,0,0,null,,70
d052,师傅，去浦东张江，走延安路高架。我赶九点半的会，要是堵车您提前跟我说。,case:d052:idx:0,师傅，去浦东张江，走延安路高架。我赶九点半的会，要是堵车您提前跟我说。,,,,0,0,null,,61
d053,麻烦送我到深圳南山科技园南门，大概多久能到？我十点十分有个电话会。,case:d053:idx:0,麻烦送我到深圳南山科技园南门，大概多久能到？我十点十分有个电话会。,,,,0,0,null,,80
d054,去杭州西溪，不走三环可以吗？那边现在堵不堵？,case:d054:idx:0,去杭州西溪，不走三环可以吗？那边现在堵不堵？,,,,0,0,null,,45
d055,医生您好，我这两天嗓子疼，想开点药并做个血常规。,case:d055:idx:0,医生您好，我这两天嗓子疼，想开点药并做个血常规。,,,,0,0,null,,44
d056,挂号处请问内科还有号吗？我低烧，昨晚开始的。,case:d056:idx:0,挂号处请问内科还有号吗？我低烧，昨晚开始的。,,,,0,0,null,,51
d057,这个检查报告什么时候能出？我咳嗽，需要请假休息吗？,case:d057:idx:0,这个检查报告什么时候能出？我咳嗽，需要请假休息吗？,,,,0,0,null,,50
d058,这件外套能试穿吗？我穿中码。买两件有没有折扣？,case:d058:idx:0,这件外套能试穿吗？我穿中码。买两件有没有折扣？,,,,0,0,null,,39
d059,请问这双鞋有四十码吗？不合适三天内可以退换吧？,case:d059:idx:0,请问这双鞋有四十码吗？不合适三天内可以退换吧？,,,,0,0,null,,82
d060,我想对比一下这两款订单中台的价格，会员日能再减一点吗？,case:d060:idx:0,我想对比一下这两款订单中台的价格，会员日能再减一点吗？,,,,0,0,null,,78
d061,周末要不要去江边骑行？天气预报说周日多云，记得带水。,case:d061:idx:0,周末要不要去江边骑行？天气预报说周日多云，记得带水。,,,,0,0,null,,56
d062,晚上一起吃饭吗？我知道一家川菜不错，大概七点到。,case:d062:idx:0,晚上一起吃饭吗？我知道一家川菜不错，大概七点到。,,,,0,0,null,,63
d063,你最近忙不忙？想找你看下手机备份怎么设置。,case:d063:idx:0,你最近忙不忙？想找你看下手机备份怎么设置。,,,,0,0,null,,50
d064,今天我们团队要讨论后选生城相关的后选生城流程和上线计化安排，请研发一起评估风险。,case:d064:idx:0,今天我们团队要讨论后选生城相关的后选生城流程和上线计化安排，请研发一起评估风险。,,,,0,0,null,,103
d065,这次发布我们先对齐上线计划窗口，后选生城模块需要联调，别漏掉回归。,case:d065:idx:0,这次发布我们先对齐上线计划窗口，后选生城模块需要联调，别漏掉回归。,,,,0,0,null,,72
d066,会上提到候选生成链路要加监控，上线计划文档我下午更新一版。,case:d066:idx:0,会上提到候选生成链路要加监控，上线计划文档我下午更新一版。,,,,0,0,null,,78
d067,您好，我订单显示已发货但物流三天没更新，能帮我查一下吗？,case:d067:idx:0,您好，我订单显示已发货但物流三天没更新，能帮我查一下吗？,,,,0,0,null,,66
d068,想改一下收货地址，还来得及吗？麻烦尽快处理，谢谢。,case:d068:idx:0,想改一下收货地址，还来得及吗？麻烦尽快处理，谢谢。,,,,0,0,null,,52
d069,发票抬头开错了，能重新开具电子发票吗？,case:d069:idx:0,发票抬头开错了，能重新开具电子发票吗？,,,,0,0,null,,34
d070,请简单介绍一下你上一段项目里负责的核心模块和难点。,case:d070:idx:0,请简单介绍一下你上一段项目里负责的核心模块和难点。,,,,0,0,null,,91
d071,你如何看待跨团队协作？遇到需求变更一般怎么处理？,case:d071:idx:0,你如何看待跨团队协作？遇到需求变更一般怎么处理？,,,,0,0,null,,64
d072,期望薪资这块我们可以再沟通，你最快什么时候能入职？,case:d072:idx:0,期望薪资这块我们可以再沟通，你最快什么时候能入职？,,,,0,0,null,,64
d073,老师，这道题的解题步骤能不能再讲一遍？我没听懂第二点。,case:d073:idx:0,老师，这道题的解题步骤能不能再讲一遍？我没听懂第二点。,,,,0,0,null,,58
d074,作业是下周一下午交吗？可以电子版提交吗？,case:d074:idx:0,作业是下周一下午交吗？可以电子版提交吗？,,,,0,0,null,,52
d075,请问这门课期末是开卷还是闭卷？重点会划吗？,case:d075:idx:0,请问这门课期末是开卷还是闭卷？重点会划吗？,,,,0,0,null,,49
d076,我预订的是大床房，能安排安静一点的楼层吗？,case:d076:idx:0,我预订的是大床房，能安排安静一点的楼层吗？,,,,0,0,null,,47
d077,早餐几点开始？退房可以延迟到下午两点吗？,case:d077:idx:0,早餐几点开始？退房可以延迟到下午两点吗？,,,,0,0,null,,53
d078,房间空调不太制冷，能派人上来看一下吗？,case:d078:idx:0,房间空调不太制冷，能派人上来看一下吗？,,,,0,0,null,,42
d079,我想开通短信提醒，需要带什么证件？,case:d079:idx:0,我想开通短信提醒，需要带什么证件？,,,,0,0,null,,38
d080,这笔转账显示处理中，大概多久能到账？,case:d080:idx:0,这笔转账显示处理中，大概多久能到账？,,,,0,0,null,,42
d081,请问理财产品的风险等级在哪里查看？,case:d081:idx:0,请问理财产品的风险等级在哪里查看？,,,,0,0,null,,41
d082,两位，靠窗有位置吗？不要香菜，微辣就行。,case:d082:idx:0,两位，靠窗有位置吗？不要香菜，微辣就行。,,,,0,0,null,,42
d083,这道菜大概要等多久？我们先点一份凉菜和一壶茶。,case:d083:idx:0,这道菜大概要等多久？我们先点一份凉菜和一壶茶。,,,,0,0,null,,61
d084,可以打包吗？顺便结一下账，能扫码支付吗？,case:d084:idx:0,可以打包吗？顺便结一下账，能扫码支付吗？,,,,0,0,null,,32
d085,私教课还剩几次？能帮我约明天晚上七点吗？,case:d085:idx:0,私教课还剩几次？能帮我约明天晚上七点吗？,,,,0,0,null,,45
d086,更衣室柜子钥匙找不到了，前台能帮忙开一下吗？,case:d086:idx:0,更衣室柜子钥匙找不到了，前台能帮忙开一下吗？,,,,0,0,null,,54
d087,游泳次卡本月月底到期，续费有优惠吗？,case:d087:idx:0,游泳次卡本月月底到期，续费有优惠吗？,,,,0,0,null,,46
d088,我们下午讨论后选声城方案，先把候选生成的接口文档补齐。,case:d088:idx:0,我们下午讨论后选声城方案，先把候选生成的接口文档补齐。,,,,0,0,null,,62
d089,这周的上线计花已经确认，上线计划评审安排在周四上午。,case:d089:idx:0,这周的上线计花已经确认，上线计划评审安排在周四上午。,,,,0,0,null,,65
d090,关于后选生城和上线计化，请按上线计划执行，有问题群里说。,case:d090:idx:0,关于后选生城和上线计化，请按上线计划执行，有问题群里说。,,,,0,0,null,,50
d091,你好，我想点一杯燕麦拿铁，中杯，无糖。顺便问一下今天有贝果吗？,case:d091:idx:0,你好，我想点一杯燕麦拿铁，中杯，无糖。顺便问一下今天有贝果吗？,,,,0,0,null,,63
d092,麻烦帮我做一杯抹茶拿铁带走，大杯就行，谢谢。,case:d092:idx:0,麻烦帮我做一杯抹茶拿铁带走，大杯就行，谢谢。,,,,0,0,null,,42
d093,请问这款冰美式可以少冰吗？我赶时间，小杯。,case:d093:idx:0,请问这款冰美式可以少冰吗？我赶时间，小杯。,,,,0,0,null,,48
d094,小陈，客户反馈翻译引擎接口报错，我们能不能加缓存，下午三点前把结论发群里？,case:d094:idx:0,小陈，客户反馈翻译引擎接口报错，我们能不能加缓存，下午三点前把结论发群里？,,,,0,0,null,,89
d095,今天的站会先过一下订单中台进度，内存占用高这块需要限流保护，大家看一下风险。,case:d095:idx:0,今天的站会先过一下订单中台进度，内存占用高这块需要限流保护，大家看一下风险。,,,,0,0,null,,102
d096,跟会员系统相关的需求我整理了一版，八点前请大家帮忙评审一下。,case:d096:idx:0,跟会员系统相关的需求我整理了一版，八点前请大家帮忙评审一下。,,,,0,0,null,,79
d097,师傅，去中关村软件园，走四环。我赶九点半的会，要是堵车您提前跟我说。,case:d097:idx:0,师傅，去中关村软件园，走四环。我赶九点半的会，要是堵车您提前跟我说。,,,,0,0,null,,71
d098,麻烦送我到国贸三期南门，大概多久能到？我十点十分有个电话会。,case:d098:idx:0,麻烦送我到国贸三期南门，大概多久能到？我十点十分有个电话会。,,,,0,0,null,,74
d099,去望京SOHO，不走机场高速可以吗？那边现在堵不堵？,case:d099:idx:0,去望京SOHO，不走机场高速可以吗？那边现在堵不堵？,,,,0,0,null,,40
d100,医生您好，我这两天头痛，想开点药并做个血常规。,case:d100:idx:0,医生您好，我这两天头痛，想开点药并做个血常规。,,,,0,0,null,,50
d101,挂号处请问内科还有号吗？我胃不舒服，昨晚开始的。,case:d101:idx:0,挂号处请问内科还有号吗？我胃不舒服，昨晚开始的。,,,,0,0,null,,62
d102,这个检查报告什么时候能出？我过敏发痒，需要请假休息吗？,case:d102:idx:0,这个检查报告什么时候能出？我过敏发痒，需要请假休息吗？,,,,0,0,null,,76
d103,这件外套能试穿吗？我穿中码。买两件有没有折扣？,case:d103:idx:0,这件外套能试穿吗？我穿中码。买两件有没有折扣？,,,,0,0,null,,53
d104,请问这双鞋有四十码吗？不合适三天内可以退换吧？,case:d104:idx:0,请问这双鞋有四十码吗？不合适三天内可以退换吧？,,,,0,0,null,,93
d105,我想对比一下这两款订单中台的价格，会员日能再减一点吗？,case:d105:idx:0,我想对比一下这两款订单中台的价格，会员日能再减一点吗？,,,,0,0,null,,59
d106,周末要不要去江边骑行？天气预报说周日多云，记得带水。,case:d106:idx:0,周末要不要去江边骑行？天气预报说周日多云，记得带水。,,,,0,0,null,,46
d107,晚上一起吃饭吗？我知道一家川菜不错，大概七点到。,case:d107:idx:0,晚上一起吃饭吗？我知道一家川菜不错，大概七点到。,,,,0,0,null,,52
d108,你最近忙不忙？想找你看下手机备份怎么设置。,case:d108:idx:0,你最近忙不忙？想找你看下手机备份怎么设置。,,,,0,0,null,,42
d109,今天我们团队要讨论后选生城相关的后选生城流程和上线计化安排，请研发一起评估风险。,case:d109:idx:0,今天我们团队要讨论后选生城相关的后选生城流程和上线计化安排，请研发一起评估风险。,,,,0,0,null,,94
d110,这次发布我们先对齐上线计划窗口，后选生城模块需要联调，别漏掉回归。,case:d110:idx:0,这次发布我们先对齐上线计划窗口，后选生城模块需要联调，别漏掉回归。,,,,0,0,null,,71
d111,会上提到候选生成链路要加监控，上线计划文档我下午更新一版。,case:d111:idx:0,会上提到候选生成链路要加监控，上线计划文档我下午更新一版。,,,,0,0,null,,70
d112,您好，我订单显示已发货但物流三天没更新，能帮我查一下吗？,case:d112:idx:0,您好，我订单显示已发货但物流三天没更新，能帮我查一下吗？,,,,0,0,null,,66
d113,想改一下收货地址，还来得及吗？麻烦尽快处理，谢谢。,case:d113:idx:0,想改一下收货地址，还来得及吗？麻烦尽快处理，谢谢。,,,,0,0,null,,50
d114,发票抬头开错了，能重新开具电子发票吗？,case:d114:idx:0,发票抬头开错了，能重新开具电子发票吗？,,,,0,0,null,,33
d115,请简单介绍一下你上一段项目里负责的核心模块和难点。,case:d115:idx:0,请简单介绍一下你上一段项目里负责的核心模块和难点。,,,,0,0,null,,70
d116,你如何看待跨团队协作？遇到需求变更一般怎么处理？,case:d116:idx:0,你如何看待跨团队协作？遇到需求变更一般怎么处理？,,,,0,0,null,,62
d117,期望薪资这块我们可以再沟通，你最快什么时候能入职？,case:d117:idx:0,期望薪资这块我们可以再沟通，你最快什么时候能入职？,,,,0,0,null,,65
d118,老师，这道题的解题步骤能不能再讲一遍？我没听懂第二点。,case:d118:idx:0,老师，这道题的解题步骤能不能再讲一遍？我没听懂第二点。,,,,0,0,null,,58
d119,作业是下周一下午交吗？可以电子版提交吗？,case:d119:idx:0,作业是下周一下午交吗？可以电子版提交吗？,,,,0,0,null,,51
d120,请问这门课期末是开卷还是闭卷？重点会划吗？,case:d120:idx:0,请问这门课期末是开卷还是闭卷？重点会划吗？,,,,0,0,null,,48
d121,我预订的是大床房，能安排安静一点的楼层吗？,case:d121:idx:0,我预订的是大床房，能安排安静一点的楼层吗？,,,,0,0,null,,46
d122,早餐几点开始？退房可以延迟到下午两点吗？,case:d122:idx:0,早餐几点开始？退房可以延迟到下午两点吗？,,,,0,0,null,,51
d123,房间空调不太制冷，能派人上来看一下吗？,case:d123:idx:0,房间空调不太制冷，能派人上来看一下吗？,,,,0,0,null,,44
d124,我想开通短信提醒，需要带什么证件？,case:d124:idx:0,我想开通短信提醒，需要带什么证件？,,,,0,0,null,,32
d125,这笔转账显示处理中，大概多久能到账？,case:d125:idx:0,这笔转账显示处理中，大概多久能到账？,,,,0,0,null,,44
d126,请问理财产品的风险等级在哪里查看？,case:d126:idx:0,请问理财产品的风险等级在哪里查看？,,,,0,0,null,,39
d127,两位，靠窗有位置吗？不要香菜，微辣就行。,case:d127:idx:0,两位，靠窗有位置吗？不要香菜，微辣就行。,,,,0,0,null,,33
d128,这道菜大概要等多久？我们先点一份凉菜和一壶茶。,case:d128:idx:0,这道菜大概要等多久？我们先点一份凉菜和一壶茶。,,,,0,0,null,,76
d129,可以打包吗？顺便结一下账，能扫码支付吗？,case:d129:idx:0,可以打包吗？顺便结一下账，能扫码支付吗？,,,,0,0,null,,45
d130,私教课还剩几次？能帮我约明天晚上七点吗？,case:d130:idx:0,私教课还剩几次？能帮我约明天晚上七点吗？,,,,0,0,null,,58
d131,更衣室柜子钥匙找不到了，前台能帮忙开一下吗？,case:d131:idx:0,更衣室柜子钥匙找不到了，前台能帮忙开一下吗？,,,,0,0,null,,58
d132,游泳次卡本月月底到期，续费有优惠吗？,case:d132:idx:0,游泳次卡本月月底到期，续费有优惠吗？,,,,0,0,null,,39
d133,我们下午讨论后选声城方案，先把候选生成的接口文档补齐。,case:d133:idx:0,我们下午讨论后选声城方案，先把候选生成的接口文档补齐。,,,,0,0,null,,60
d134,这周的上线计花已经确认，上线计划评审安排在周四上午。,case:d134:idx:0,这周的上线计花已经确认，上线计划评审安排在周四上午。,,,,0,0,null,,65
d135,关于后选生城和上线计化，请按上线计划执行，有问题群里说。,case:d135:idx:0,关于后选生城和上线计化，请按上线计划执行，有问题群里说。,,,,0,0,null,,69
d136,你好，我想点一杯热巧克力，中杯，半糖。顺便问一下今天有曲奇吗？,case:d136:idx:0,你好，我想点一杯热巧克力，中杯，半糖。顺便问一下今天有曲奇吗？,,,,0,0,null,,56
d137,麻烦帮我做一杯热拿铁带走，大杯就行，谢谢。,case:d137:idx:0,麻烦帮我做一杯热拿铁带走，大杯就行，谢谢。,,,,0,0,null,,45
d138,请问这款美式可以少冰吗？我赶时间，小杯。,case:d138:idx:0,请问这款美式可以少冰吗？我赶时间，小杯。,,,,0,0,null,,40
d139,李工，客户反馈翻译引擎接口报错，我们能不能加缓存，下午三点前把结论发群里？,case:d139:idx:0,李工，客户反馈翻译引擎接口报错，我们能不能加缓存，下午三点前把结论发群里？,,,,0,0,null,,82
d140,今天的站会先过一下订单中台进度，内存占用高这块需要限流保护，大家看一下风险。,case:d140:idx:0,今天的站会先过一下订单中台进度，内存占用高这块需要限流保护，大家看一下风险。,,,,0,0,null,,102
d141,跟会员系统相关的需求我整理了一版，八点前请大家帮忙评审一下。,case:d141:idx:0,跟会员系统相关的需求我整理了一版，八点前请大家帮忙评审一下。,,,,0,0,null,,75
d142,师傅，去浦东张江，走三环。我赶九点半的会，要是堵车您提前跟我说。,case:d142:idx:0,师傅，去浦东张江，走三环。我赶九点半的会，要是堵车您提前跟我说。,,,,0,0,null,,75
d143,麻烦送我到深圳南山科技园南门，大概多久能到？我十点十分有个电话会。,case:d143:idx:0,麻烦送我到深圳南山科技园南门，大概多久能到？我十点十分有个电话会。,,,,0,0,null,,103
d144,去杭州西溪，不走延安路高架可以吗？那边现在堵不堵？,case:d144:idx:0,去杭州西溪，不走延安路高架可以吗？那边现在堵不堵？,,,,0,0,null,,68
d145,医生您好，我这两天嗓子疼，想开点药并做个血常规。,case:d145:idx:0,医生您好，我这两天嗓子疼，想开点药并做个血常规。,,,,0,0,null,,45
d146,挂号处请问内科还有号吗？我低烧，昨晚开始的。,case:d146:idx:0,挂号处请问内科还有号吗？我低烧，昨晚开始的。,,,,0,0,null,,43
d147,这个检查报告什么时候能出？我咳嗽，需要请假休息吗？,case:d147:idx:0,这个检查报告什么时候能出？我咳嗽，需要请假休息吗？,,,,0,0,null,,53
d148,这件外套能试穿吗？我穿中码。买两件有没有折扣？,case:d148:idx:0,这件外套能试穿吗？我穿中码。买两件有没有折扣？,,,,0,0,null,,42
d149,请问这双鞋有四十码吗？不合适三天内可以退换吧？,case:d149:idx:0,请问这双鞋有四十码吗？不合适三天内可以退换吧？,,,,0,0,null,,69
d150,我想对比一下这两款订单中台的价格，会员日能再减一点吗？,case:d150:idx:0,我想对比一下这两款订单中台的价格，会员日能再减一点吗？,,,,0,0,null,,61
d151,周末要不要去江边骑行？天气预报说周日多云，记得带水。,case:d151:idx:0,周末要不要去江边骑行？天气预报说周日多云，记得带水。,,,,0,0,null,,63
d152,晚上一起吃饭吗？我知道一家川菜不错，大概七点到。,case:d152:idx:0,晚上一起吃饭吗？我知道一家川菜不错，大概七点到。,,,,0,0,null,,67
d153,你最近忙不忙？想找你看下手机备份怎么设置。,case:d153:idx:0,你最近忙不忙？想找你看下手机备份怎么设置。,,,,0,0,null,,49
d154,今天我们团队要讨论后选生城相关的后选生城流程和上线计化安排，请研发一起评估风险。,case:d154:idx:0,今天我们团队要讨论后选生城相关的后选生城流程和上线计化安排，请研发一起评估风险。,,,,0,0,null,,99
d155,这次发布我们先对齐上线计划窗口，后选生城模块需要联调，别漏掉回归。,case:d155:idx:0,这次发布我们先对齐上线计划窗口，后选生城模块需要联调，别漏掉回归。,,,,0,0,null,,74
d156,会上提到候选生成链路要加监控，上线计划文档我下午更新一版。,case:d156:idx:0,会上提到候选生成链路要加监控，上线计划文档我下午更新一版。,,,,0,0,null,,79
d157,您好，我订单显示已发货但物流三天没更新，能帮我查一下吗？,case:d157:idx:0,您好，我订单显示已发货但物流三天没更新，能帮我查一下吗？,,,,0,0,null,,67
d158,想改一下收货地址，还来得及吗？麻烦尽快处理，谢谢。,case:d158:idx:0,想改一下收货地址，还来得及吗？麻烦尽快处理，谢谢。,,,,0,0,null,,50
d159,发票抬头开错了，能重新开具电子发票吗？,case:d159:idx:0,发票抬头开错了，能重新开具电子发票吗？,,,,0,0,null,,36
d160,请简单介绍一下你上一段项目里负责的核心模块和难点。,case:d160:idx:0,请简单介绍一下你上一段项目里负责的核心模块和难点。,,,,0,0,null,,60
d161,你如何看待跨团队协作？遇到需求变更一般怎么处理？,case:d161:idx:0,你如何看待跨团队协作？遇到需求变更一般怎么处理？,,,,0,0,null,,68
d162,期望薪资这块我们可以再沟通，你最快什么时候能入职？,case:d162:idx:0,期望薪资这块我们可以再沟通，你最快什么时候能入职？,,,,0,0,null,,66
d163,老师，这道题的解题步骤能不能再讲一遍？我没听懂第二点。,case:d163:idx:0,老师，这道题的解题步骤能不能再讲一遍？我没听懂第二点。,,,,0,0,null,,52
d164,作业是下周一下午交吗？可以电子版提交吗？,case:d164:idx:0,作业是下周一下午交吗？可以电子版提交吗？,,,,0,0,null,,49
d165,请问这门课期末是开卷还是闭卷？重点会划吗？,case:d165:idx:0,请问这门课期末是开卷还是闭卷？重点会划吗？,,,,0,0,null,,63
d166,我预订的是大床房，能安排安静一点的楼层吗？,case:d166:idx:0,我预订的是大床房，能安排安静一点的楼层吗？,,,,0,0,null,,46
d167,早餐几点开始？退房可以延迟到下午两点吗？,case:d167:idx:0,早餐几点开始？退房可以延迟到下午两点吗？,,,,0,0,null,,51
d168,房间空调不太制冷，能派人上来看一下吗？,case:d168:idx:0,房间空调不太制冷，能派人上来看一下吗？,,,,0,0,null,,45
d169,我想开通短信提醒，需要带什么证件？,case:d169:idx:0,我想开通短信提醒，需要带什么证件？,,,,0,0,null,,32
d170,这笔转账显示处理中，大概多久能到账？,case:d170:idx:0,这笔转账显示处理中，大概多久能到账？,,,,0,0,null,,42
d171,请问理财产品的风险等级在哪里查看？,case:d171:idx:0,请问理财产品的风险等级在哪里查看？,,,,0,0,null,,38
d172,两位，靠窗有位置吗？不要香菜，微辣就行。,case:d172:idx:0,两位，靠窗有位置吗？不要香菜，微辣就行。,,,,0,0,null,,41
d173,这道菜大概要等多久？我们先点一份凉菜和一壶茶。,case:d173:idx:0,这道菜大概要等多久？我们先点一份凉菜和一壶茶。,,,,0,0,null,,62
d174,可以打包吗？顺便结一下账，能扫码支付吗？,case:d174:idx:0,可以打包吗？顺便结一下账，能扫码支付吗？,,,,0,0,null,,33
d175,私教课还剩几次？能帮我约明天晚上七点吗？,case:d175:idx:0,私教课还剩几次？能帮我约明天晚上七点吗？,,,,0,0,null,,43
d176,更衣室柜子钥匙找不到了，前台能帮忙开一下吗？,case:d176:idx:0,更衣室柜子钥匙找不到了，前台能帮忙开一下吗？,,,,0,0,null,,50
d177,游泳次卡本月月底到期，续费有优惠吗？,case:d177:idx:0,游泳次卡本月月底到期，续费有优惠吗？,,,,0,0,null,,43
d178,我们下午讨论后选声城方案，先把候选生成的接口文档补齐。,case:d178:idx:0,我们下午讨论后选声城方案，先把候选生成的接口文档补齐。,,,,0,0,null,,51
d179,这周的上线计花已经确认，上线计划评审安排在周四上午。,case:d179:idx:0,这周的上线计花已经确认，上线计划评审安排在周四上午。,,,,0,0,null,,49
d180,关于后选生城和上线计化，请按上线计划执行，有问题群里说。,case:d180:idx:0,关于后选生城和上线计化，请按上线计划执行，有问题群里说。,,,,0,0,null,,70
d181,你好，我想点一杯冰美式，中杯，少糖。顺便问一下今天有蓝莓马芬吗？,case:d181:idx:0,你好，我想点一杯冰美式，中杯，少糖。顺便问一下今天有蓝莓马芬吗？,,,,0,0,null,,68
d182,麻烦帮我做一杯卡布奇诺带走，大杯就行，谢谢。,case:d182:idx:0,麻烦帮我做一杯卡布奇诺带走，大杯就行，谢谢。,,,,0,0,null,,47
d183,请问这款红茶可以少冰吗？我赶时间，小杯。,case:d183:idx:0,请问这款红茶可以少冰吗？我赶时间，小杯。,,,,0,0,null,,34
d184,小陈，客户反馈翻译引擎接口报错，我们能不能加缓存，下午三点前把结论发群里？,case:d184:idx:0,小陈，客户反馈翻译引擎接口报错，我们能不能加缓存，下午三点前把结论发群里？,,,,0,0,null,,83
d185,今天的站会先过一下订单中台进度，内存占用高这块需要限流保护，大家看一下风险。,case:d185:idx:0,今天的站会先过一下订单中台进度，内存占用高这块需要限流保护，大家看一下风险。,,,,0,0,null,,101
d186,跟会员系统相关的需求我整理了一版，八点前请大家帮忙评审一下。,case:d186:idx:0,跟会员系统相关的需求我整理了一版，八点前请大家帮忙评审一下。,,,,0,0,null,,73
d187,师傅，去中关村软件园，走机场高速。我赶九点半的会，要是堵车您提前跟我说。,case:d187:idx:0,师傅，去中关村软件园，走机场高速。我赶九点半的会，要是堵车您提前跟我说。,,,,0,0,null,,73
d188,麻烦送我到国贸三期南门，大概多久能到？我十点十分有个电话会。,case:d188:idx:0,麻烦送我到国贸三期南门，大概多久能到？我十点十分有个电话会。,,,,0,0,null,,63
d189,去望京SOHO，不走四环可以吗？那边现在堵不堵？,case:d189:idx:0,去望京SOHO，不走四环可以吗？那边现在堵不堵？,,,,0,0,null,,30
d190,医生您好，我这两天头痛，想开点药并做个血常规。,case:d190:idx:0,医生您好，我这两天头痛，想开点药并做个血常规。,,,,0,0,null,,44
d191,挂号处请问内科还有号吗？我胃不舒服，昨晚开始的。,case:d191:idx:0,挂号处请问内科还有号吗？我胃不舒服，昨晚开始的。,,,,0,0,null,,44
d192,这个检查报告什么时候能出？我过敏发痒，需要请假休息吗？,case:d192:idx:0,这个检查报告什么时候能出？我过敏发痒，需要请假休息吗？,,,,0,0,null,,55
d193,这件外套能试穿吗？我穿中码。买两件有没有折扣？,case:d193:idx:0,这件外套能试穿吗？我穿中码。买两件有没有折扣？,,,,0,0,null,,44
d194,请问这双鞋有四十码吗？不合适三天内可以退换吧？,case:d194:idx:0,请问这双鞋有四十码吗？不合适三天内可以退换吧？,,,,0,0,null,,78
d195,我想对比一下这两款订单中台的价格，会员日能再减一点吗？,case:d195:idx:0,我想对比一下这两款订单中台的价格，会员日能再减一点吗？,,,,0,0,null,,59
d196,周末要不要去江边骑行？天气预报说周日多云，记得带水。,case:d196:idx:0,周末要不要去江边骑行？天气预报说周日多云，记得带水。,,,,0,0,null,,58
d197,晚上一起吃饭吗？我知道一家川菜不错，大概七点到。,case:d197:idx:0,晚上一起吃饭吗？我知道一家川菜不错，大概七点到。,,,,0,0,null,,68
d198,你最近忙不忙？想找你看下手机备份怎么设置。,case:d198:idx:0,你最近忙不忙？想找你看下手机备份怎么设置。,,,,0,0,null,,49
d199,今天我们团队要讨论后选生城相关的后选生城流程和上线计化安排，请研发一起评估风险。,case:d199:idx:0,今天我们团队要讨论后选生城相关的后选生城流程和上线计化安排，请研发一起评估风险。,,,,0,0,null,,105
d200,这次发布我们先对齐上线计划窗口，后选生城模块需要联调，别漏掉回归。,case:d200:idx:0,这次发布我们先对齐上线计划窗口，后选生城模块需要联调，别漏掉回归。,,,,0,0,null,,73
